4.925007524103256884e+01;6.679909285025700805e-02;3.948812015060340297e+00;-7.097453845479560819e+00;6.948812015060339853e+00;8.592567908479038863e+01
1.696986681924607510e+01;-4.965707545374186127e-01;-7.517819971537195833e+00;3.806918478582093535e+00;3.806918478582093535e+00;-1.935545074647755115e+01
1.219662751726673022e+01;6.657441832215327260e-01;3.417089574365490545e-01;-3.693162560609276834e+00;3.341708957436548832e+00;9.824273198413635555e+00
1.608239744400372828e+01;-5.184110725444968093e-01;-7.434345230808806271e+00;3.679763101839546913e+00;3.679763101839546913e+00;-1.737729106448463057e+01
2.289243307527859486e+02;7.841534049465037626e-02;1.157078192965190588e+01;-1.572792444610018414e+01;1.457078192965190588e+01;8.684214287417759124e+02
3.490369651744165367e+02;2.076542720899167693e-01;1.548353807140411043e+01;-1.889246649770779030e+01;1.848353807140410865e+01;1.630795535786848177e+03
2.991942234357222787e+02;1.483184921049376603e+00;1.477677771761582015e+01;-1.678912436876382941e+01;1.777677771761582193e+01;1.290493826674425918e+03
5.980789100978912387e+01;3.713429725366136913e-01;-1.114389689975390141e+01;7.372977854211272053e+00;7.372977854211272053e+00;-1.173854595227713133e+02
4.733265731698924128e+01;4.001969207259772898e-01;-1.026234687378880572e+01;6.549135724624904675e+00;6.549135724624904675e+00;-8.335660557458194830e+01
1.673310765992272025e+02;1.491048564744230087e-01;1.034759757576595618e+01;-1.249055686641925789e+01;1.334759757576595618e+01;5.394285203546733101e+02
7.510531260883973914e+01;9.958418413197205332e-01;-1.162728436094085538e+01;8.701119494254019315e+00;8.701119494254019315e+00;-1.629630824333434305e+02
2.099062700666182391e+00;-3.506981845970457701e-01;-3.777410901172876923e+00;1.758956501594578281e+00;1.758956501594578281e+00;-5.092271997891493207e-01
4.616663228585218803e+02;-7.578228480071380613e-01;1.827759478790218139e+01;-2.170519826213772063e+01;2.127759478790218139e+01;2.480786198262882408e+03
4.922906864250158776e+01;1.067302946461348379e+00;-9.683680572479595128e+00;7.304681474786434592e+00;7.304681474786434592e+00;-8.568949954884658382e+01
8.411668001985394483e+01;-9.359642304841316873e-01;6.002114960089556917e+00;-9.360438430441963220e+00;9.002114960089556917e+00;1.928208382648238057e+02
1.580835405962886568e+02;-6.850246582365226988e-01;-1.560228072680415679e+01;1.254620460776868995e+01;1.254620460776868995e+01;-4.980280380595177121e+02
5.226547102242271592e+00;-9.682392434802675751e-01;-5.357960937692263670e+00;2.240077304383091938e+00;2.240077304383091938e+00;-4.058941816654585644e+00
1.291538464955527488e+00;-8.268404515856105919e-01;-4.115372976388742110e+00;1.144634042833314380e+00;1.144634042833314380e+00;-9.853694667777140870e-01
1.249493655426782652e+02;-7.408720358602836065e-01;8.386369627911896885e+00;-1.095026515030618697e+01;1.138636962791189688e+01;3.482180522388028407e+02
1.213623471332906689e+01;1.127523733973120112e+00;7.284620746469919750e-01;-3.156356576316544427e+00;3.728462074646992086e+00;1.028605274916522383e+01
1.831214180429870169e+02;-2.448734199508915133e-01;1.056550198376615590e+01;-1.349641782727008810e+01;1.356550198376615590e+01;6.190345420782480232e+02
9.717799105116274205e+00;1.102361893208201993e+00;3.360995511944765979e-01;-2.814317734393865678e+00;3.336099551194476653e+00;7.260890908400305044e+00
1.110292766974805772e+03;-3.439212994162732517e-02;3.057076281089079117e+01;-3.306374043744391855e+01;3.357076281089079117e+01;9.245253511186723699e+03
1.577886013319346432e+02;-2.850540090158426021e-01;-1.517464737227201788e+01;1.291851255167791201e+01;1.291851255167791201e+01;-4.936280674102970352e+02
7.751466251294008458e+00;2.234643949701607957e-01;-7.250024693547135746e-01;-3.511010710320757955e+00;2.274997530645286314e+00;5.381993410162264624e+00
9.625289640257282286e+00;5.634873030442630881e-01;-1.310370152278124700e-01;-3.424930348299454419e+00;2.868962984772187585e+00;6.722016318236366139e+00
9.447879249063671381e+00;6.679421409448484948e-01;-7.168937462439653463e-02;-3.275368313101699513e+00;2.928310625375603493e+00;6.826471156136951990e+00
3.368584522276944604e+00;-5.819313596484942952e-01;-4.503708768322793432e+00;2.022788018641597407e+00;2.022788018641597407e+00;-1.740460374840597790e+00
7.096169254640315103e+02;3.383789967587634839e-01;2.355838300863410595e+01;-2.672195908876986081e+01;2.655838300863410595e+01;4.725918211959931796e+03
1.753533028152654936e+02;-3.137792246092672155e-01;1.020903714125487660e+01;-1.327776459407555798e+01;1.320903714125487660e+01;5.799656362735896664e+02
5.918219227839810515e+01;8.377532077395588583e-01;5.344218379245750050e+00;-6.950951979886366594e+00;8.344218379245749162e+00;1.116966331996796953e+02
4.758202682232944625e+00;-7.418693688626112337e-01;-4.975181244796038627e+00;2.310037360722179134e+00;2.310037360722179134e+00;-2.832571942036929524e+00
1.287543547860044555e+02;-1.433813109472045211e+00;7.893015264927919716e+00;-1.184279293454573256e+01;1.089301526492791972e+01;3.665251111651911060e+02
2.408869411586811182e+01;3.854976073920907131e-02;-7.710015737148012249e+00;5.069355274746165207e+00;5.069355274746165207e+00;-2.982033023120092352e+01
1.251687359582217312e+02;-1.362555657398767606e+00;7.802276315481297075e+00;-1.160953908095255471e+01;1.080227631548129708e+01;3.505963686172643747e+02
1.697584479778387845e+01;6.143828743550097116e-01;8.608957596411006552e-01;-4.450724864582444873e+00;3.860895759641100433e+00;1.670508544752932778e+01
1.719251551300151846e+02;-3.286170567032283829e-01;1.006469781157321464e+01;-1.316310092858181946e+01;1.306469781157321464e+01;5.629507984414957491e+02
9.420275755461435097e+01;-5.636443008058185100e-01;6.889012945895214735e+00;-9.502696556890995794e+00;9.889012945895213846e+00;2.271931581945021037e+02
6.065651137424805661e-01;-7.525726735646662835e-01;-3.630592343664288624e+00;8.083889661507490665e-01;8.083889661507490665e-01;-9.111016887567697786e-01
2.617521399334642868e-02;1.397840946447220616e-02;-2.875582446529092007e+00;-9.646073454196341102e-02;1.244175534709078268e-01;1.397840946447220616e-02
9.019199694157043723e+01;7.914384710565938175e-01;-1.267324630685808451e+01;9.338274699644996346e+00;9.338274699644996346e+00;-2.151674858036065530e+02
3.746656372203894421e+02;8.250205172786625463e-01;-2.206802221781693518e+01;1.963002103059551828e+01;1.963002103059551828e+01;-1.810719000593610645e+03
5.884437577976038938e+02;9.063404592529156201e-02;-2.673652777456453578e+01;2.475812994006840029e+01;2.475812994006840029e+01;-3.563489198917247904e+03
6.036982036369048510e-01;-1.348048393763851660e+00;-4.560273576070963841e+00;5.471187581590534199e-01;5.471187581590534199e-01;-1.506577408955954933e+00
6.493929712076362648e+01;8.781803397260986577e-01;-1.114424448095926223e+01;7.982756611085182641e+00;7.982756611085182641e+00;-1.320807439349370327e+02
3.327132183002971200e+00;2.269313181586875838e-01;-1.012329954816691080e+00;-1.533807408865933697e+00;1.987670045183308920e+00;1.226931318158687612e+00
5.030815401588797897e+01;7.185136157919962407e-01;4.629397607174830398e+00;-6.474610391710571733e+00;7.629397607174830398e+00;8.757739360773213377e+01
2.216788356597230614e+00;-7.455266237052110556e-01;-4.360367417155852188e+00;1.552256139361223308e+00;1.552256139361223308e+00;-9.040556388973145507e-01
1.221211784625876362e+02;4.340795510122669176e-01;-1.388918103890060785e+01;1.119850914452729107e+01;1.119850914452729107e+01;-3.368453359471866406e+02
2.164593037660542230e+00;-1.133701072649473396e+00;-4.859655724196334958e+00;1.275195548513181398e+00;1.275195548513181398e+00;-1.292230087841576891e+00
3.820371692442149913e-01;7.141485137175872244e-02;-2.371250134590493719e+00;-4.859201626659888085e-01;6.287498654095062811e-01;7.141485137175872244e-02
1.874636401243200794e+02;-2.737595929464207156e-01;1.069718555752538691e+01;-1.368587374702037707e+01;1.369718555752538691e+01;6.410056559052525245e+02
1.861675969569289180e+02;-1.101415831058335515e+00;-1.710503047054529802e+01;1.321617200586620378e+01;1.321617200586620378e+01;-6.384444292323395302e+02
1.887428669229984735e+02;1.242301971384373593e-01;1.112731944647488902e+01;-1.332002805580016158e+01;1.412731944647488902e+01;6.464036456953373317e+02
1.005468530054276357e+02;-5.115045238470761202e-01;7.452390178289177491e+00;-9.557550676657053046e+00;1.045239017828917660e+01;2.504474197508160671e+02
4.758565366253453277e-01;-1.084989697119564805e-01;-2.344067477466051042e+00;-8.729304619578619473e-01;6.559325225339489585e-01;-1.084989697119564805e-01
2.821507795031812371e+00;1.873329226676355430e-01;-1.189652945427106978e+00;-1.435681209237622102e+00;1.810347054572893022e+00;1.187332922667635460e+00
2.299397590393455815e+01;-2.200061967332198054e-01;-7.882308103580256464e+00;4.724535726233551891e+00;4.724535726233551891e+00;-2.807888618867335140e+01
1.331577846851575764e+01;1.019175682598144173e+00;8.023527870156708097e-01;-3.446943391435175474e+00;3.802352787015670810e+00;1.117770469779024722e+01
1.152114762609408984e+02;-1.150610570996162707e+00;7.550900103471908764e+00;-1.093427269613795794e+01;1.055090010347190876e+01;3.088083137036669541e+02
2.032113876148897873e+02;5.187618649076322086e-01;1.112184582522539245e+01;-1.439829529284770615e+01;1.412184582522539245e+01;7.238617752661888289e+02
8.430262795812788568e+01;-1.366435187572466070e+00;5.605152202153369068e+00;-9.824417586682445247e+00;8.605152202153368179e+00;1.943903673077354597e+02
3.372780601245572285e+01;9.754726680385166215e-01;2.868039663210550927e+00;-5.735689180784881103e+00;5.868039663210550927e+00;4.806617524121283225e+01
8.714000241144447045e+01;-8.871960304308266210e-01;6.211469017203985032e+00;-9.472256087449782314e+00;9.211469017203985032e+00;2.028696064648771085e+02
3.532583078579011016e+01;1.843994648618086651e-01;-8.590586620858966072e+00;6.241625566702317052e+00;6.241625566702317052e+00;-5.167448052707832318e+01
8.168410420873829025e+01;3.583734780750854609e-01;-1.267163976127836378e+01;8.470538168102258680e+00;8.470538168102258680e+00;-1.876005507965880668e+02
3.598030646427379509e+01;8.919953260385731220e-01;2.982498609658272404e+00;-6.017102811232489579e+00;5.982498609658272848e+00;5.298269789921289430e+01
1.005034229922591180e+02;-1.393303585584801274e+00;6.612401382573183106e+00;-1.048116000441650897e+01;9.612401382573182218e+00;2.525656206890783437e+02
1.889196532046910590e+02;-5.920364070854244876e-01;1.044355130992413727e+01;-1.406879312769713586e+01;1.344355130992413727e+01;6.496873790911134847e+02
5.752711003923207045e+02;-1.046346071588067694e+00;2.093942025868559043e+01;-2.403213198876031598e+01;2.393942025868559043e+01;3.448953644134962815e+03
2.367854483884192973e+01;6.772960773604863594e-01;1.657839771502553017e+00;-5.121842470432944161e+00;4.657839771502552573e+00;2.876799865053480332e+01
9.871168204424022008e+01;-5.671318582727236102e-01;7.115496114405084782e+00;-9.736154840334675598e+00;1.011549611440508478e+01;2.441896706370351922e+02
8.888974252174492108e+01;1.302614616419214943e+00;-1.206620084677468441e+01;9.753581530286837165e+00;9.753581530286837165e+00;-2.086563096582439130e+02
1.303253139328629402e+02;3.603928269588837496e-01;-1.433148676117710352e+01;1.149344141869702085e+01;1.149344141869702085e+01;-3.719190226712400431e+02
5.560762739036240276e+01;1.567587360314486311e-01;-1.109722130483580038e+01;6.897133786282841683e+00;6.897133786282841683e+00;-1.066000437592764740e+02
1.529927613728895075e+01;-6.208210015019339778e-01;-6.585900906837538038e+00;4.162853757485033945e+00;4.162853757485033945e+00;-1.471152357467625293e+01
9.080995288949139876e+01;9.945814666583747687e-01;-1.249189735770408127e+01;9.563211741694553680e+00;9.563211741694553680e+00;-2.169643428080047727e+02
8.544865063550275863e+01;9.985573024449694302e-01;-1.220206690284353712e+01;9.281332958407197964e+00;9.281332958407197964e+00;-1.979603669722181678e+02
3.744492949525590753e+00;-1.336489024100964595e+00;-5.469661804353191492e+00;1.615278609802625276e+00;1.615278609802625276e+00;-3.427191597275283108e+00
3.574976746893692621e+02;3.414668947999035531e-01;-2.211551878818811900e+01;1.871041035600918434e+01;1.871041035600918434e+01;-1.692202554216089538e+03
1.350955104375774152e+00;-1.377980889752893567e+00;-4.910360336877371168e+00;8.373405269873771539e-01;8.373405269873771539e-01;-1.536509904944997285e+00
2.602459966461979093e+02;1.427954313816806486e+00;1.355713820285211035e+01;-1.567994606846526118e+01;1.655713820285211213e+01;1.046438596067193430e+03
7.750620138728921305e+00;-5.161958920874041290e-01;-5.319373092606768161e+00;3.105576162083323322e+00;3.105576162083323322e+00;-4.606898465261722642e+00
2.340715326234559801e-01;-6.097597429683716541e-01;-2.816871582120502815e+00;2.802940657995527940e-01;2.802940657995527940e-01;-7.682887581604751492e-01
1.737035698435632725e+01;7.307199089793332547e-01;1.010567323550601637e+00;-4.367722359243298769e+00;4.010567323550601415e+00;1.782142248215365044e+01
3.708491284946180855e+01;8.572066882750803973e-01;-8.981084823424692942e+00;6.181893209358998220e+00;6.181893209358998220e+00;-5.689959580703284558e+01
1.714690116740363646e+00;4.205732174574688953e-01;-1.441834193219404980e+00;-7.170193718656573401e-01;1.558165806780595020e+00;4.205732174574688953e-01
1.859601486297188728e+02;-4.397241780989235016e-01;1.048228848155056170e+01;-1.380290584135055809e+01;1.348228848155056170e+01;6.338396913200999734e+02
2.912874702085672851e+01;9.804880978313395001e-01;2.461696802145021401e+00;-5.319315460133705820e+00;5.461696802145021401e+00;3.907119067100565957e+01
4.845432700518432512e+01;4.775616083676822998e-01;-1.026018408196228826e+01;6.701702308081796566e+00;6.701702308081796566e+00;-8.627924088694024363e+01
5.210440571831155410e+01;5.971747058752396864e-01;-1.038901458969066383e+01;7.069759010825286794e+00;7.069759010825286794e+00;-9.515962778943269029e+01
3.012319635682634811e+01;1.315782807722143621e+00;2.857788984249506115e+00;-5.044818222456582291e+00;5.857788984249506115e+00;4.040648538089646280e+01
2.289488605003707278e+02;-1.134437246194120341e+00;-1.828092848018930994e+01;1.499077048104783216e+01;1.499077048104783216e+01;-8.671450789995707282e+02
3.985828621316258022e+02;9.653651899051607366e-02;1.665686015027214140e+01;-2.028802408277462277e+01;1.965686015027214140e+01;1.990684418033748670e+03
3.739123580202333414e+02;1.306253928148352061e-01;1.606259776531721428e+01;-1.962558395017105539e+01;1.906259776531721428e+01;1.808718506907573101e+03
1.352324691221196531e+02;-1.043926378133545052e-01;-1.502924832769812014e+01;1.126163205567355874e+01;1.126163205567355874e+01;-3.953838081360123056e+02
2.265462756281509282e+00;-2.025585983084319044e-02;-1.508396535650067261e+00;-1.532115184011618947e+00;1.491603464349932739e+00;-2.025585983084319044e-02
-5.063945111419164424e-02;-1.358911039002106691e-01;-2.843912247155378825e+00;-4.278699606450424575e-01;1.560877528446211471e-01;-1.358911039002106691e-01
2.513821504544440644e-01;-1.375037630781599136e-02;-2.498840163977297024e+00;-5.286605886383348718e-01;5.011598360227029758e-01;-1.375037630781599136e-02
8.044075060497362983e+00;-9.275198542738398721e-01;-5.857640939739983565e+00;2.821196084843667240e+00;2.821196084843667240e+00;-6.018222427448158385e+00
3.503641106018912978e+02;6.662042845980581385e-01;1.596531303870474083e+01;-1.845714143999213874e+01;1.896531303870473906e+01;1.637254085799356289e+03
3.982056475539747566e+02;5.192389925951814700e-01;1.705952705510152612e+01;-1.984528604039467581e+01;2.005952705510152612e+01;1.985107120507353329e+03
1.235582551663095643e+02;-5.067095620087176400e-01;8.547530861987667095e+00;-1.064310143667882613e+01;1.154753086198766709e+01;3.414522147126544382e+02
3.431562817847609494e+02;3.789183373751255357e-01;-2.169403648698721554e+01;1.836383093995872429e+01;1.836383093995872429e+01;-1.591165102773514263e+03
1.146421922029817324e+02;-8.935871211933936742e-01;7.769395031186586920e+00;-1.063872072424709714e+01;1.076939503118658692e+01;3.060653371534697271e+02
2.490527926274291204e+01;1.026517214218909624e+00;2.095980624725112040e+00;-4.861541049938656656e+00;5.095980624725111596e+00;3.011721978739322836e+01
1.182629586668727910e+02;-3.799658147892005511e-01;8.427184130784313609e+00;-1.026926721103643736e+01;1.142718413078431361e+01;3.195789584598739452e+02
6.591593749802169100e+01;-1.307523199627917077e+00;4.601987937741352397e+00;-8.703429346381330589e+00;7.601987937741352397e+00;1.344492792956800145e+02
3.939526489995893144e+01;4.642190234798236614e-02;3.189405888149994261e+00;-6.378802099573763762e+00;6.189405888149994261e+00;6.190530189428811525e+01
3.218099286686218363e+00;1.875530926439512303e-01;-1.071600505733473874e+00;-1.553293308978623610e+00;1.928399494266526126e+00;1.187553092643951258e+00
1.757528748165292853e+01;1.124284125159411563e+00;1.381556124530681995e+00;-3.951582727863222733e+00;4.381556124530682439e+00;1.821498669833372830e+01
1.730905873464744218e+02;-2.971012900186904560e-01;1.013937592948770039e+01;-1.317474751312723136e+01;1.313937592948770039e+01;5.689823142081802416e+02
8.483759212111024794e+01;2.000025175246575859e-01;-1.301076016246359401e+01;8.492916648186632500e+00;8.492916648186632500e+00;-1.987589217571384950e+02
1.533108420097210853e+02;-7.143374377760207672e-01;-1.544154208631994152e+01;1.232684040820547722e+01;1.232684040820547722e+01;-4.750573508390572215e+02
3.241182616293371410e+01;-2.536988634867007320e-02;-8.567213545357466487e+00;5.798713788779861211e+00;5.798713788779861211e+00;-4.588424987828880575e+01
8.038249612167267344e+01;1.721943146460268359e+00;-1.115995581436418149e+01;9.685993557958440192e+00;9.685993557958440192e+00;-1.772369811282028707e+02
3.756436002450102762e+01;6.870102698179744172e-01;-9.204460289044083865e+00;6.064875838064176961e+00;6.064875838064176961e+00;-5.806979222548995523e+01
1.293149106586362791e+02;-8.182420992258094827e-01;8.506166260297021608e+00;-1.122480190942236433e+01;1.150616626029702161e+01;3.671406821754373482e+02
1.783087509720688146e+01;7.787592382215238196e-01;1.107552570901947808e+00;-4.368628948110263366e+00;4.107552570901948030e+00;1.886946181139584056e+01
4.038379786952168615e+02;1.216410962609200341e+00;-2.287391418239283780e+01;2.030675569450983176e+01;2.030675569450983176e+01;-2.027783579243941404e+03
9.883005660901382328e+00;7.221746671153043140e-01;4.334529630573977221e-02;-3.281937931690924071e+00;3.043345296305739911e+00;6.880703682307407476e+00
2.180090974048996770e+02;8.861160690844249732e-02;1.121599081794659547e+01;-1.535274080156728793e+01;1.421599081794659547e+01;8.064316250081895987e+02
1.751769942517169909e+02;-3.465156965785268217e-01;-1.591323974765757576e+01;1.353418155193809902e+01;1.353418155193809902e+01;-5.786895290978596904e+02
4.377728410584264651e+01;3.629752977374143263e-01;3.821508978786173127e+00;-6.377798399431078735e+00;6.821508978786173572e+00;7.122185528967754919e+01
2.076697275086394825e+02;-6.851252499795982276e-01;-1.709595778375894426e+01;1.470442377704651093e+01;1.470442377704651093e+01;-7.466957670033561953e+02
2.241038832948286696e+01;7.366625810651217243e-01;1.579524997431104749e+00;-4.924794688952224497e+00;4.579524997431104971e+00;2.582736515423944113e+01
3.027442822211257045e-01;-9.414573729375954464e-03;-2.450702791188053897e+00;-5.681263562706980741e-01;5.492972088119462137e-01;-9.414573729375954464e-03
1.804955808683354803e+02;5.930723196982867762e-02;1.076097507983670098e+01;-1.308352961949919191e+01;1.376097507983670098e+01;6.043387227301687972e+02
1.798418705889247793e+00;-6.385746236349786331e-01;-4.060243514183857094e+00;1.466036236529693282e+00;1.466036236529693282e+00;-7.971036388270821282e-01
8.239496617137655576e+00;1.326644740533422517e+00;2.698322377322744936e-01;-2.299484726281222802e+00;3.269832237732274383e+00;5.485173755725526235e+00
1.314224825133545105e+00;2.298125784157738494e-01;-1.728836257606497062e+00;-8.115385855619552391e-01;1.271163742393502938e+00;2.298125784157738494e-01
3.543516632842871328e+00;-3.247721083794423425e-02;-1.141447374034512130e+00;-1.923507047641376477e+00;1.858552625965487870e+00;9.675227891620558074e-01
1.526082956792938106e+01;-5.363624780793674329e-01;-6.485548512301959612e+00;4.231418409794588165e+00;4.231418409794588165e+00;-1.462706505125368572e+01
3.034621672098695155e-01;-2.181698034816686727e-01;-2.495928866749653974e+00;-9.404107402136835381e-01;5.040711332503461373e-01;-2.181698034816686727e-01
4.296472359215223378e+02;-3.170244111549558874e-01;1.794945406419261502e+01;-2.049546066472378669e+01;2.094945406419261502e+01;2.224226996699734627e+03
1.663658556276016043e+01;-3.751274365618572082e-01;-7.341390170743349763e+00;3.873375313739369386e+00;3.873375313739369386e+00;-1.823400742850198952e+01
9.864840249071728806e+01;-8.283916366555603705e-01;6.864204316251258042e+00;-1.000738259894652238e+01;9.864204316251258930e+00;2.449284108586523701e+02
1.198232589819049707e+02;-1.098115840947752275e+00;7.813545559575276300e+00;-1.109192869214450461e+01;1.081354555957527630e+01;3.278608084337153628e+02
1.250802321840916420e+01;-9.152084195215004492e-01;-6.543414944793255472e+00;3.531592959401617993e+00;3.531592959401617993e+00;-1.200591099269581896e+01
3.317941138352768604e+01;7.479673975389418139e-01;2.612814185470492934e+00;-5.935474244043972725e+00;5.612814185470493378e+00;4.783866997071326210e+01
2.212832042932828713e+01;5.770449101590164886e-01;1.407006174942704080e+00;-5.071511208276034743e+00;4.407006174942703858e+00;2.566774748333333633e+01
2.269084064100649982e+02;1.223405202302819461e+00;1.261108502748592386e+01;-1.447824782031786128e+01;1.561108502748592386e+01;8.515664186035839975e+02
1.365840320637353145e+01;-6.024281824391980456e-01;-6.347105846112499172e+00;3.960844334885466278e+00;3.960844334885466278e+00;-1.269313075561351667e+01
3.566144250607094790e+01;7.502283962095438463e-01;2.825954907238003244e+00;-6.144092968470278748e+00;5.825954907238003244e+00;5.284093096938386225e+01
2.297074175045104383e+01;1.709108049165068699e-01;-7.448085880706110551e+00;5.072147506658859051e+00;5.072147506658859051e+00;-2.668796918702362575e+01
7.174448542240627091e+01;-1.428663921301269735e-01;6.047828995503886418e+00;-7.819956789148283960e+00;9.047828995503886418e+00;1.496139361031777923e+02
6.018958581849605025e+02;-5.780242569792580776e-01;2.149295938400246797e+01;-2.457586206196011602e+01;2.449295938400246797e+01;3.691958548661021268e+03
4.220231937645618103e+01;-6.018114675181401863e-03;3.360507957007705215e+00;-6.654784202477802779e+00;6.360507957007705215e+00;6.785286187726495655e+01
1.435259481584594994e+02;-7.514668869450441546e-01;9.179027492376103936e+00;-1.176411271693991623e+01;1.217902749237610394e+01;4.282074573877180796e+02
2.260931517586696415e+01;1.117061497362853650e+00;1.940791759588841980e+00;-4.525263618514498098e+00;4.940791759588841536e+00;2.620776407053717350e+01
1.945417594802312422e+01;-6.248964039594103737e-01;-7.948969823280116032e+00;3.981417031481029767e+00;3.981417031481029767e+00;-2.348377639589954313e+01
4.011223864535488559e+01;8.600547370409324932e-01;-9.222013476291960998e+00;6.428517959757970246e+00;6.428517959757970246e+00;-6.389674775826699715e+01
4.662183431821265156e-01;1.245335227773396169e-01;-2.290928351515887584e+00;-4.600046029294331262e-01;7.090716484841124156e-01;1.245335227773396169e-01
1.687379043039403257e+02;-1.053427328917930339e+00;9.245662363924244787e+00;-1.379368602536225374e+01;1.224566236392424479e+01;5.502259881692809813e+02
1.616502095514696293e+02;-3.126470371653372604e-01;9.682248833022530476e+00;-1.274871191095535394e+01;1.268224883302253048e+01;5.129667684610335527e+02
4.261317449473494001e+00;9.909296015609240227e-01;-8.227694945177529418e-01;-1.878313271976191912e+00;2.177230505482246947e+00;2.149458616753027407e+00
1.932276698924841583e+02;-7.872494514407510913e-01;-1.703558315630382936e+01;1.377505745085990441e+01;1.377505745085990441e+01;-6.731302628527220122e+02
3.854009711717670825e+02;-5.167046271061759288e-02;-2.324248934691070545e+01;1.905110619971073405e+01;1.905110619971073405e+01;-1.896595691573599879e+03
1.466567170626644057e+01;1.218434023127033417e+00;1.157003867192193169e+00;-3.403077790553919790e+00;4.157003867192193169e+00;1.337696303831913625e+01
3.998346357079140745e+01;3.632637961051054520e-01;3.527801547767547508e+00;-6.083513971677071197e+00;6.527801547767547063e+00;6.222214378804523705e+01
4.398812862879297825e+01;4.695155121039329971e-01;-9.941264411178707405e+00;6.366690444770717328e+00;6.366690444770717328e+00;-7.428728698320399815e+01
5.124356510037157619e+01;1.164845531973299347e-01;4.135546145853615130e+00;-7.184817055578688993e+00;7.135546145853615130e+00;9.097536454513746662e+01
1.158845889748589286e+01;-1.403767638012844543e+00;-6.970521003202874155e+00;2.981580580828548932e+00;2.981580580828548932e+00;-1.149447021118716350e+01
2.440496124625278895e+01;8.083942707915028336e-01;1.849436670915781677e+00;-5.051242982984139651e+00;4.849436670915781455e+00;2.989909684396582179e+01
2.188913877396207397e+01;-4.375119285223861842e-01;-8.006543796402889157e+00;4.413759955477852159e+00;4.413759955477852159e+00;-2.729639192046251850e+01
8.186354084540154119e+00;6.748368831646127664e-01;-2.764804402987111054e-01;-3.056787762987856372e+00;2.723519559701288895e+00;5.833365898356716706e+00
1.335245822573485697e+01;6.411939263052113258e-01;4.811269242513866451e-01;-3.881681041256757059e+00;3.481126924251386701e+00;1.179972294149731482e+01
4.601556422849786543e+01;8.369768107226955856e-01;-9.697390875203696581e+00;6.857739506033231791e+00;6.857739506033231791e+00;-7.791982568458523417e+01
2.472566186309858693e+01;1.226191780367952289e+00;2.257417353140219518e+00;-4.623628646055678360e+00;5.257417353140219518e+00;3.031689435354227058e+01
2.549125843608503672e+01;7.412675391396514879e-01;1.897469922181803881e+00;-5.233529697553864324e+00;4.897469922181803881e+00;3.183197011231397155e+01
1.604404238360596935e+02;-7.680144351598121588e-01;9.197181400606865509e+00;-1.317437927452863988e+01;1.219718140060686551e+01;5.095114010630391022e+02
3.343347943609618369e+02;7.329515930331746976e-01;1.559688194918956228e+01;-1.795521573360672463e+01;1.859688194918956228e+01;1.526320833107791486e+03
3.781272981760112373e+01;1.928390053262686588e-01;3.196717843509965018e+00;-6.093279848977162239e+00;6.196717843509964574e+00;5.805171899726639850e+01
1.764346280929763466e+01;8.160149980146014226e-01;1.118219113169963919e+00;-4.304783970792124492e+00;4.118219113169963919e+00;1.790671757118892060e+01
-4.239486684500152203e-01;-4.852862701149265323e-01;-3.237621977846316668e+00;-7.329505623835361749e-01;-2.376219778463168897e-01;-4.852862701149265323e-01
2.258819009257413484e+02;5.206402436738024608e-01;1.189755690660953036e+01;-1.517024961669950400e+01;1.489755690660953036e+01;8.488636536449549794e+02
1.652547660409594599e+01;8.293170414684121194e-01;9.949989997995700719e-01;-4.154959770514109252e+00;3.994998999799570072e+00;1.592001961464273130e+01
1.947028719906035832e+01;-5.534969971639019937e-03;-7.261539267747590287e+00;4.532709343924047118e+00;4.532709343924047118e+00;-2.186441496191177336e+01
1.049701800381487118e+02;-9.866452258615066029e-01;7.219127393016893990e+00;-1.027456929541363095e+01;1.021912739301689399e+01;2.679722790488016244e+02
5.652935032388355694e+02;3.030136775643294533e-01;-2.701437214662734121e+01;2.354725366575513235e+01;2.354725366575513235e+01;-3.363233559240436080e+03
7.886546061116321837e+00;3.773654180659014035e-01;-5.743561610221292746e-01;-3.353854972461860928e+00;2.425643838977870725e+00;5.535894433258004455e+00
3.841250537420156661e+02;4.425898952729036551e-01;1.662880252091873956e+01;-1.956785970085644522e+01;1.962880252091873956e+01;1.881030471410031168e+03
4.162836862192543208e+01;6.051679332927171195e-01;3.879990622661855237e+00;-5.951894772196155259e+00;6.879990622661855681e+00;6.646404792523284755e+01
1.258072959727949502e+01;1.020458099998321266e+00;7.005978946618116598e-01;-3.342623664280962359e+00;3.700597894661811438e+00;1.017898711519042543e+01
1.274582073095767676e+01;4.057617198610681264e-01;1.949284195246618889e-01;-4.066346949418318424e+00;3.194928419524662111e+00;1.056429073505317184e+01
4.551391805128220724e+00;9.692272033847141310e-01;-7.689997188970562059e-01;-1.975487843949308431e+00;2.231000281102943905e+00;2.127756218576817737e+00
6.975643939752858103e+01;1.064746221117400138e+00;-1.123987259930250993e+01;8.451516492211032627e+00;8.451516492211032627e+00;-1.458941780535457440e+02
3.962549533239674702e+02;2.396836227688028398e-01;-2.321813398231242687e+01;1.960945900607129389e+01;1.960945900607129389e+01;-1.975304337488120609e+03
1.781711876388787346e+02;-6.939818791936374076e-01;9.949031713076863070e+00;-1.377816447506628705e+01;1.294903171307686307e+01;5.955854336190052436e+02
3.449317142862335004e+02;4.746742168428090825e-01;1.563320888529040964e+01;-1.850809742208830500e+01;1.863320888529040786e+01;1.601062555731601151e+03
2.933219400989164427e+01;1.038246258371345432e+00;2.532951531243914367e+00;-5.275053868152586922e+00;5.532951531243914367e+00;3.912894883154566372e+01
4.483039454052538986e+02;1.185287568043404516e+00;-2.398351573805922499e+01;2.135411046104462685e+01;2.135411046104462685e+01;-2.371814702638507242e+03
6.910607935365196397e+01;6.937942003910253508e-01;-1.159406814751554826e+01;8.063807998971322277e+00;8.063807998971322277e+00;-1.452651300742721219e+02
1.118326391153771482e+01;4.857104338657547427e-01;4.115341065297872802e-02;-3.752674512537262252e+00;3.041153410652978728e+00;8.644239449057858238e+00
3.837078346653588028e+02;-1.921835416380776596e-01;1.599957862701720579e+01;-2.020818268077687563e+01;1.899957862701720401e+01;1.882395697973120150e+03
1.295434013381207627e+01;1.287480670643543990e+00;9.827214988020966935e-01;-3.090702127130801724e+00;3.982721498802096693e+00;1.144600968583564793e+01
1.372258104973872719e+02;-8.687183223580963176e-01;8.800697169375411022e+00;-1.162028526476532519e+01;1.180069716937541102e+01;4.010902059523050411e+02
2.742274214258351890e+02;7.853876775789736531e-01;1.336200033503723716e+01;-1.676994147312605321e+01;1.636200033503723716e+01;1.135796029430955514e+03
4.722242328504224673e+01;7.512588782047079083e-02;3.810663309448492075e+00;-6.942651549927284726e+00;6.810663309448492519e+00;8.093400587976060478e+01
2.758126739543695294e+01;1.288356539290262948e+00;2.594632741795526609e+00;-4.836514516866364133e+00;5.594632741795527053e+00;3.537905911246458146e+01
9.768160594117045181e-02;-8.160331842779190437e-01;-3.243344277390394659e+00;2.942198784503496367e-01;2.942198784503496367e-01;-9.745621994700225388e-01
1.236059957962738878e+02;-9.088444669883752880e-01;8.165650687688039255e+00;-1.106549107233851359e+01;1.116565068768803926e+01;3.430500798076747628e+02
2.666096994718164304e+00;-3.332856908367329840e-01;-1.601413095766617278e+00;-2.065158285906848690e+00;1.398586904233382722e+00;6.667143091632670160e-01
2.386278652266541300e+01;1.503105806188025140e+00;2.417601300218613858e+00;-4.229984541493926997e+00;5.417601300218613858e+00;2.859380837936234343e+01
2.900701648091744289e+01;7.929305281582856857e-01;2.280241608495675809e+00;-5.512975405830467857e+00;5.280241608495676253e+00;3.888363310133260597e+01
2.154577556960420637e+00;3.658608788226141995e-01;-1.296709991040836840e+00;-9.715682513139348719e-01;1.703290008959163160e+00;3.658608788226141995e-01
2.786254192732927777e+02;1.143467851472510066e+00;1.384156925778743030e+01;-1.653335004808917219e+01;1.684156925778743030e+01;1.161154109604849054e+03
4.150236319475898483e+01;9.819012960925959099e-01;-9.199639668131737835e+00;6.649837269701073694e+00;6.649837269701073694e+00;-6.677490119921533562e+01
6.975890674286342801e+02;2.626454221892260410e-01;2.325737170415665744e+01;-2.657241493343148520e+01;2.625737170415665744e+01;4.606842478385362483e+03
1.024238739960330991e+00;-9.398770310626942681e-01;-4.157955377911955352e+00;9.611432854023596040e-01;9.611432854023596040e-01;-1.098406046254797763e+00
1.966556315841954472e+01;-3.137993973136489756e-01;-7.626693595301325068e+00;4.281334816793761711e+00;4.281334816793761711e+00;-2.317267938925378346e+01
1.351271502699274407e+01;1.138109901418896452e+00;9.320310702007258419e-01;-3.338753236978725614e+00;3.932031070200725953e+00;1.229663891661100017e+01
1.764682572765078206e+01;1.188159111882347130e+00;1.446350622365811578e+00;-3.888627252252481181e+00;4.446350622365812022e+00;1.827886168505666475e+01
2.813644636615328523e+02;1.481840149947052154e+00;1.425171761854079300e+01;-1.626675381189345160e+01;1.725171761854079477e+01;1.176492481903323778e+03
5.119667210663932906e+02;6.659704465308964316e-01;-2.549442450793947756e+01;2.275321956500039988e+01;2.275321956500039988e+01;-2.894870602471469738e+03
8.566001074709298280e+01;-1.066245169406232929e+00;5.962528713971833483e+00;-9.581414062168443380e+00;8.962528713971833483e+00;1.986905573259016933e+02
8.048568289686134847e+01;-1.105356910008108873e+00;5.642231830760308320e+00;-9.339340660160669216e+00;8.642231830760309208e+00;1.806514455852998253e+02
4.894116725944331847e+01;8.589180587452356352e-01;-9.886378673235283188e+00;7.090609800109898053e+00;7.090609800109898053e+00;-8.589788443656269123e+01
1.171336529213613602e+02;-6.378384630783109355e-01;8.129072076832231986e+00;-1.048690045366257628e+01;1.112907207683223199e+01;3.153210858115848509e+02
1.284185597072216112e+01;1.372933143542624634e+00;1.040079238438273102e+00;-2.977154920968817287e+00;4.040079238438273102e+00;1.053146215873472791e+01
1.619036768657581717e+02;-1.019750642814359898e+00;-1.610114859276789190e+01;1.237562050457675156e+01;1.237562050457675156e+01;-5.173627640440955702e+02
2.331063556470130416e-01;2.095258835691701238e-01;-2.636914772599713963e+00;5.596653973805409965e-02;3.630852274002861479e-01;2.095258835691701238e-01
3.761104711749380414e+01;6.216853179123451589e-01;-9.278907887933288023e+00;6.008673533142121492e+00;6.008673533142121492e+00;-5.813511717739558549e+01
5.284560529860330647e+00;4.715227684339145520e-01;-9.920271188111733363e-01;-2.747869313936790459e+00;2.007972881188826886e+00;2.630051783626018214e+00
1.322049703303553940e+02;-7.543055607791107064e-01;8.693759309092676801e+00;-1.128452188132462197e+01;1.169375930909267680e+01;3.792046187138840310e+02
1.556344769437134232e+02;4.026678528782176025e-01;1.013007088290879487e+01;-1.176590418075450906e+01;1.313007088290879487e+01;4.826820833510771536e+02
2.560940659584153991e+02;-8.567659128121849488e-01;-1.886620367165759760e+01;1.613138833927999016e+01;1.613138833927999016e+01;-1.023867407666188797e+03
5.230502740022462831e+02;-6.202301444058382351e-01;2.024174846954506890e+01;-2.248222834525533997e+01;2.324174846954506890e+01;2.987379760062144669e+03
1.849923160096911268e-03;-1.823303757860604002e-01;-2.753168053411230609e+00;-6.114926981608901357e-01;2.468319465887693631e-01;-1.823303757860604002e-01
6.104581219137818593e+00;1.042429366388528900e+00;-3.693044232566506935e-01;-2.228778813582084517e+00;2.630695576743349307e+00;3.200958381580632395e+00
8.715064224826653216e+00;6.772134949503008094e-01;-1.844384157048965800e-01;-3.144076564010294561e+00;2.815561584295103614e+00;5.835742510142404527e+00
2.146653101090362270e+01;4.734169661479971092e-01;-6.951861391758004771e+00;5.180935340173732584e+00;5.180935340173732584e+00;-2.338546302579213432e+01
5.611854258319222133e+00;-7.864008562391638923e-01;-5.219955897609613871e+00;2.465749038782649283e+00;2.465749038782649283e+00;-3.877103429413482072e+00
2.819552140904499282e+01;-1.282755310404108118e-01;-8.295891430145783119e+00;5.321580384184695589e+00;5.321580384184695589e+00;-3.798715552298054376e+01
3.187810604547096887e+02;1.330762137759901931e+00;1.518628149126516824e+01;-1.750347370899212862e+01;1.818628149126516647e+01;1.420341403891136451e+03
5.301683573539446570e+01;3.686825987042461339e-01;4.493185285551545505e+00;-7.038060104262788386e+00;7.493185285551545505e+00;9.522756259064438211e+01
4.635709184849361453e-01;-6.549492171219094550e-01;-3.339832818879902909e+00;7.128763542518771201e-01;7.128763542518771201e-01;-8.134782323140129501e-01
1.118581465201038583e+01;1.135245682843766701e+00;5.940837674980798955e-01;-3.006534371426339725e+00;3.594083767498079673e+00;8.293774698035869974e+00
4.519672634507545439e+01;3.006738091877693420e-02;3.620052703502350866e+00;-6.842157957784531064e+00;6.620052703502350866e+00;7.588894737285890812e+01
3.376514446982971762e+00;-9.345962656958035630e-01;-4.955822177291312691e+00;1.769571615515498353e+00;1.769571615515498353e+00;-2.093125280887907280e+00
5.283773065935349678e+02;-9.376241114574157542e-01;2.004746867259860821e+01;-2.292273648241203077e+01;2.304746867259860821e+01;3.035062366095093239e+03
1.253712980391046159e+02;6.749582789197765553e-01;-1.378371279639088165e+01;1.157479835783258260e+01;1.157479835783258260e+01;-3.496044572192791406e+02
3.250036295520374097e+02;8.140677048068802879e-01;1.541865481000180260e+01;-1.761475637087155377e+01;1.841865481000180438e+01;1.462401949219565040e+03
3.705355797685961647e+02;3.710736113127772740e-01;-2.242674004203878724e+01;1.908084504288559913e+01;1.908084504288559913e+01;-1.785172947499576594e+03
2.175719424050731376e+01;1.065089712382502718e+00;1.803523124896648122e+00;-4.491938553783006327e+00;4.803523124896647900e+00;2.515579228555682079e+01
2.068298266571808242e+01;1.555693789165314866e+00;2.122620921427174068e+00;-3.829828196747907754e+00;5.122620921427174068e+00;2.264639636233963316e+01
5.018029476144626244e+01;2.526736561888522359e-01;4.187480521218988727e+00;-6.964373224961018849e+00;7.187480521218988727e+00;8.811155364812898938e+01
1.093918326511562498e+02;-6.920182874187823518e-01;7.713193684982337039e+00;-1.017938171049362417e+01;1.071319368498233793e+01;2.842669059872443427e+02
1.656064732596255169e+02;-3.339626733259813407e-01;9.816389870587704181e+00;-1.292548422084181503e+01;1.281638987058770418e+01;5.329454528248729730e+02
5.458522917746896610e+02;1.875397649526872601e-01;-2.671998360286337970e+01;2.302191729676788157e+01;2.302191729676788157e+01;-3.192349033153047912e+03
2.156777735978341752e+02;1.061741821182052181e+00;1.207694041674741037e+01;-1.426742997182088324e+01;1.507694041674741037e+01;7.894047552224632227e+02
4.538112623500833109e+01;1.059702931059856690e+00;-9.411131571861410805e+00;7.016932443365266892e+00;7.016932443365266892e+00;-7.569709956424807729e+01
9.870011162497288382e+00;1.210331034263928851e+00;4.512537804776317052e-01;-2.713533681565567068e+00;3.451253780477631761e+00;7.368860049456031902e+00
1.502211600002844989e+02;-9.885434587964840869e-01;-1.560154939717249967e+01;1.193843567701710917e+01;1.193843567701710917e+01;-4.623315568600776828e+02
1.084704190048418404e+01;1.076466492929065932e+00;4.926091120286393288e-01;-3.022618095786300696e+00;3.492609112028639107e+00;8.234995508121169649e+00
5.627741551685130617e+01;4.594004126713152614e-01;4.798864279700334023e+00;-7.162303470477437983e+00;7.798864279700334023e+00;1.043182804046114427e+02
6.005811952228116146e-01;-8.466603446398814903e-01;-3.783501993068010716e+00;7.731232734040409671e-01;7.731232734040409671e-01;-1.005189359831984985e+00
1.064075483486843723e+02;5.729024240323976613e-01;-1.300768103818162302e+01;1.059465488984856663e+01;1.059465488984856663e+01;-2.737065130741665371e+02
6.329859037613150718e+00;1.253844187516503617e+00;-1.550384977831215094e-01;-2.020215096799664600e+00;2.844961502216878380e+00;3.412373202708606890e+00
1.528763442896695892e+02;-1.068644740493715828e+00;-1.579261135352096446e+01;1.196929506997111048e+01;1.196929506997111048e+01;-4.754116581417749217e+02
7.728487604703991209e+00;-1.105272228450565164e+00;-6.011016969395887699e+00;2.619067366146120790e+00;2.619067366146120790e+00;-6.195974801624883455e+00
7.489215565691991117e+01;9.152540174882153323e-01;-1.170021840953304704e+01;8.612877895183199684e+00;8.612877895183199684e+00;-1.630436702571749095e+02
4.578804231160287230e+01;-4.477144851334180498e-01;3.221222540693887471e+00;-7.398891527080458275e+00;6.221222540693887026e+00;7.741116550680671082e+01
1.216372852731136192e+02;-1.228561845939239117e+00;7.771509237112497637e+00;-1.131078437966469963e+01;1.077150923711249675e+01;3.357303624287238790e+02
1.283465065268993932e+01;-5.261243325946129978e-03;-5.550035973996427785e+00;4.358108340995899610e+00;4.358108340995899610e+00;-1.009596381650026409e+01
7.184871337767526711e+01;-6.822681330835873581e-01;5.546498657206404559e+00;-8.397429932757722426e+00;8.546498657206404559e+00;1.520745343622243411e+02
5.816071077646463472e+00;4.190836659978493528e-01;-9.246967061727431325e-01;-2.920077931447351283e+00;2.075303293827256645e+00;2.577612681189952681e+00
1.568796397617690559e+02;-4.670886662368274878e-01;9.344976708576657742e+00;-1.272032304465246177e+01;1.234497670857665774e+01;4.918123268319620820e+02
4.667652805593793346e+02;-2.528561538553592558e-01;1.888917680077428685e+01;-2.130684688670626770e+01;2.188917680077428685e+01;2.518291164957034198e+03
4.736582334043903053e+00;-7.885247490957048022e-01;-5.027670865003675438e+00;2.269216220463629252e+00;2.269216220463629252e+00;-2.879227322270022871e+00
9.060180587659464990e+00;-4.137542010795524083e-01;-5.430996943449116543e+00;3.422083394941374923e+00;3.422083394941374923e+00;-6.504456774253871032e+00
1.555669561478321361e+00;4.318947673626494232e-01;-1.508022785789148168e+00;-6.281876794855529855e-01;1.491977214210851832e+00;4.318947673626494232e-01
1.309350814301973855e+02;-1.082205764162114114e+00;8.324790964835699469e+00;-1.157135394383364968e+01;1.132479096483569947e+01;3.748767185105010071e+02
4.147249735828386186e+00;-3.902968041785315756e-01;-4.471343844045311933e+00;2.373692205304041458e+00;2.373692205304041458e+00;-1.548825819370635015e+00
7.872998563696974372e+00;9.529427432723063252e-01;-1.025765540089445260e-01;-2.674479929062235861e+00;2.897423445991055502e+00;5.111471758464409376e+00
3.650896325080796032e+02;-1.662361095547169598e-01;1.554409261006922627e+01;-1.970080179966217315e+01;1.854409261006922804e+01;1.747421645405203435e+03
3.460590042387629950e+01;-2.578956985744187413e-01;-9.009370714304226979e+00;5.775819333275124201e+00;5.775819333275124201e+00;-5.211677569051455094e+01
1.363547327766054096e+01;-5.338713231404216275e-01;-6.266008664915610815e+00;4.016860872286131645e+00;4.016860872286131645e+00;-1.262457389631473959e+01
8.962968711880430206e+00;1.293187555969562030e+00;3.691216065859148077e-01;-2.465688464262584034e+00;3.369121606585914641e+00;6.451716571161665748e+00
9.320606231945172127e-01;4.493718139531361344e-01;-1.855870092001619120e+00;-2.453862800921085552e-01;1.144129907998380880e+00;4.493718139531361344e-01
3.871673603390969731e+01;1.912895204257560045e-01;3.268414161906770588e+00;-6.168075137174993117e+00;6.268414161906770588e+00;6.005016951236589051e+01
1.384406116174395436e+02;-1.383304454279949969e+00;8.359718928802820415e+00;-1.220847928803644322e+01;1.135971892880282041e+01;4.085756198203831673e+02
1.456011982089802714e+01;1.033393497370747482e+00;9.824630160181533345e-01;-3.598617990892451157e+00;3.982463016018153557e+00;1.319192251256285076e+01
8.846787237434928386e+01;1.026183828427561950e+00;-1.233490045447755890e+01;9.469419562006404334e+00;9.469419562006404334e+00;-2.079327404462355844e+02
1.258369797545804118e+02;-3.255958875024047572e-01;8.822772134167092162e+00;-1.055611535984562366e+01;1.182277213416709216e+01;3.506333283871607591e+02
1.327769182298150241e+01;9.078281791175433213e-01;7.010971614423515685e-01;-3.568382772823057714e+00;3.701097161442351791e+00;1.206635719430964748e+01
4.455487262388077596e+01;9.308310411970434073e-01;-9.487866385584336371e+00;6.835923477362566558e+00;6.835923477362566558e+00;-7.382597145411088491e+01
4.619227420631013992e+00;6.594247590143844651e-01;-9.908653463532668404e-01;-2.373227105233757239e+00;2.009134653646733160e+00;1.817953774206487960e+00
7.879684729536657528e+01;-9.509736487356472701e-01;5.693517997796815777e+00;-9.081860304652254356e+00;8.693517997796815777e+00;1.748058288465722683e+02
7.876952153281406765e+01;9.676782816734650350e-01;-1.186597232825228510e+01;8.883480342272937591e+00;8.883480342272937591e+00;-1.749912459929896613e+02
1.957048136589365228e+01;1.467458598218748467e+00;1.918473109144835709e+00;-3.802150766358701972e+00;4.918473109144835931e+00;2.055816117139306698e+01
7.721699442733918772e+01;2.256004689748031256e-01;-1.256227154780503241e+01;8.095623936428360423e+00;8.095623936428360423e+00;-1.737333238056883431e+02
1.326501773094538521e+02;-3.206263989866904307e-01;-1.514344777269044684e+01;1.094336397831921559e+01;1.094336397831921559e+01;-3.856000418971856334e+02
9.390694013819097563e+01;-6.579793764855567106e-01;6.784282169345924984e+00;-9.586635931701181335e+00;9.784282169345924984e+00;2.270988231188223665e+02
1.693220414748635676e+02;-1.057147468630099674e+00;-1.642790827093098471e+01;1.262758653110836349e+01;1.262758653110836349e+01;-5.534001608699113604e+02
1.427296961332002923e+02;3.053141593998231484e-01;-1.491997081205216524e+01;1.197176813445395815e+01;1.197176813445395815e+01;-4.269741013387991302e+02
6.287724224323240918e+01;7.117732104785789993e-02;4.863983511929118819e+00;-8.003868885953137280e+00;7.863983511929118819e+00;1.239300573129879837e+02
2.109820931581281300e+01;7.986265734269011318e-01;1.494639143681936178e+00;-4.715980850479497555e+00;4.494639143681935955e+00;2.388932914660122009e+01
8.277681008074200975e+01;-5.394512783200914319e-01;6.303574792475849620e+00;-8.868872358500176745e+00;9.303574792475849620e+00;1.872173512169878506e+02
2.225585575449355815e+02;-1.424674493341774095e+00;-1.836829564775066004e+01;1.449766315431387476e+01;1.449766315431387476e+01;-8.334353162467183438e+02
5.059062829901033638e+02;-1.011900549070922750e+00;1.948071496740355357e+01;-2.250453565244399456e+01;2.248071496740355357e+01;2.843988089657479577e+03
2.145576112627728804e+01;7.671718545202208528e-01;1.505227082548993955e+00;-4.789478227159915669e+00;4.505227082548993955e+00;2.485787442769454003e+01
5.480789781505768232e+00;1.007227809145167630e+00;-5.288076512620797365e-01;-2.139678700063378347e+00;2.471192348737920153e+00;3.165756824337270903e+00
7.671184323901486835e+01;-2.379081908508656751e-01;6.247751556959122432e+00;-8.209962948044998043e+00;9.247751556959121544e+00;1.665188943044570635e+02
9.976644890053776749e+00;9.863169068303485609e-01;2.804158810620085429e-01;-2.990724037017104653e+00;3.280415881062008321e+00;7.144845922022452278e+00
1.023220844640867710e+00;-1.042261911602717639e+00;-4.307141581621620752e+00;9.055597280319788167e-01;9.055597280319788167e-01;-1.200790926794821134e+00
2.023981449280227878e+02;-4.336772684770474617e-01;-1.665144624553532182e+01;1.476280820182799047e+01;1.476280820182799047e+01;-7.164443190218536301e+02
2.022292485746260979e+02;8.884839113028719648e-01;1.144408860559050645e+01;-1.398109398042234197e+01;1.444408860559050645e+01;7.172314973125841107e+02
6.858705446392028726e+00;1.059784950223261024e+00;-2.047903283177590350e-01;-2.358581740851512176e+00;2.795209671682240771e+00;4.218313965415364741e+00
1.658574879985323491e+02;1.582933868739209160e-01;-1.503159543269245546e+01;1.366215540387787541e+01;1.366215540387787541e+01;-5.301847200144072758e+02
6.071434211856300278e-01;-9.563055632725943056e-01;-3.964527463953523956e+00;7.348583070241285764e-01;7.348583070241285764e-01;-1.114834578464697801e+00
3.010281351332399780e+01;-2.461647873012241527e-01;-8.601212379721291157e+00;5.391122821238576890e+00;5.391122821238576890e+00;-4.210504477924135358e+01
2.550630442326423442e+00;-1.314835177102720021e-01;-1.493767437299294398e+00;-1.769199598121249606e+00;1.506232562700705602e+00;8.685164822897279979e-01
3.162349630359328145e+01;-1.946848099803267784e-01;-8.681802634982753730e+00;5.574673031141833768e+00;5.574673031141833768e+00;-4.505356480192045865e+01
6.794847710411468711e+01;1.414176951039038066e+00;-1.076017332765692736e+01;8.670678680408725469e+00;8.670678680408725469e+00;-1.385447473236241080e+02
4.939936810162310366e+01;-5.819651507072104435e-02;3.843316835546668031e+00;-7.241949881807844491e+00;6.843316835546668031e+00;8.680068347686940911e+01
3.402995222321450797e+02;6.127658638566272353e-01;1.564241721921125006e+01;-1.824112246198150800e+01;1.864241721921125006e+01;1.568200647378614804e+03
1.847613508524295014e+02;-9.021503126973983155e-01;-1.684687370082982483e+01;1.335654627287260610e+01;1.335654627287260610e+01;-6.302451637139786271e+02
1.134011005035759041e+02;-5.569512686773856469e-01;8.032077779579950061e+00;-1.022813176760844556e+01;1.103207777957995006e+01;3.004019730059857807e+02
5.785591440582287248e+01;4.357631342934243923e-01;-1.094842120322205048e+01;7.306342481193042637e+00;7.306342481193042637e+00;-1.113210393610144990e+02
9.020267802100936194e+01;-5.472785589590434263e-01;6.695996098573389510e+00;-9.276948225875619514e+00;9.695996098573390398e+00;2.132095239363488872e+02
1.711195508449504032e+01;4.908960585758639361e-01;7.685254824062643930e-01;-4.605328218905899718e+00;3.768525482406264615e+00;1.758159863175018245e+01
3.599337940928780455e+01;9.471230213670573939e-01;3.034120601856011401e+00;-5.958469412773260032e+00;6.034120601856011845e+00;5.303782559454137413e+01
7.910297262764993675e+00;8.133634550603910940e-01;-2.105900422219178780e-01;-2.845625017273092805e+00;2.789409957778082205e+00;4.971892470252494256e+00
2.213703581651051877e+02;1.962243203048102957e-01;1.143323384228912687e+01;-1.535475839911708462e+01;1.443323384228912687e+01;8.245392377215860051e+02
2.215979591685378836e+01;9.271108797513434308e-01;1.723340252756699442e+00;-4.687713346905376000e+00;4.723340252756699442e+00;2.601781345292566172e+01
6.222369944869294613e+02;-5.908105336738750379e-01;2.189152819944241557e+01;-2.500000343078929532e+01;2.489152819944241557e+01;3.879945762384326372e+03
1.280280187802450698e+01;4.362709830441200420e-01;2.290814787751598303e-01;-4.039481482302712756e+00;3.229081478775159830e+00;1.159479999823622265e+01
5.447194366200064364e-01;-9.687026981975013218e-01;-3.946957978681629786e+00;6.924945519024201523e-01;6.924945519024201523e-01;-1.127231713389604817e+00
2.000594374830879474e+01;-7.675423733765161793e-02;-7.401233626624861728e+00;4.529965168069292503e+00;4.529965168069292503e+00;-2.293563422927778461e+01
1.744270901192872714e+02;-6.483940237844348919e-02;1.041353491928329333e+01;-1.298438272764232693e+01;1.341353491928329333e+01;5.742145760958204619e+02
7.818796729216870744e+01;-3.757958211025708151e-01;6.201832067441715779e+00;-8.439818719031000782e+00;9.201832067441715779e+00;1.713810066742053664e+02
5.641796618556359988e+01;7.590354990237202504e-01;-1.050880774852672239e+01;7.513273755958307376e+00;7.513273755958307376e+00;-1.059977669962842128e+02
2.611097076737605960e+01;-1.697410060400137699e-01;-8.141310286931334517e+00;5.084068290971041293e+00;5.084068290971041293e+00;-3.402862099798014839e+01
6.098035670369140462e+02;-3.424239685449436132e-01;2.188441865408728759e+01;-2.449612075517630316e+01;2.488441865408728759e+01;3.762194148949455666e+03
1.054104451135937925e-01;7.573484685735368260e-02;-2.751999084933494544e+00;-9.653122135179800778e-02;2.480009150665053730e-01;7.573484685735368260e-02
9.235555895652773906e-01;3.096511560828144050e-01;-1.906828305907834586e+00;-4.738693819265366591e-01;1.093171694092165414e+00;3.096511560828144050e-01
-3.850574036690728730e-01;-1.275893940895847400e+00;-3.656606556785388040e+00;-2.122393553905140284e-01;-2.122393553905140284e-01;-1.434422956087950896e+00
1.081309662317682836e+02;-1.162132225180797729e+00;7.205162439811748420e+00;-1.061157834084706764e+01;1.020516243981174753e+01;2.807967920494823488e+02
2.444781514894727170e+00;-4.400218061083701476e-02;-1.466414244708193371e+00;-1.621590116513480728e+00;1.533585755291806629e+00;-4.400218061083701476e-02
6.079678397811924242e+02;-8.539622952146004309e-01;2.134604974141660350e+01;-2.498082849584493559e+01;2.434604974141660350e+01;3.749682610622785887e+03
3.696259006651045809e+01;1.230207173411561050e-01;3.063075707357661326e+00;-6.099274288795083265e+00;6.063075707357661770e+00;5.598190070928129103e+01
1.796373300384124150e+02;-5.876974385768936049e-01;-1.633101086927052492e+01;1.346958918955431628e+01;1.346958918955431628e+01;-6.019307108398580795e+02
7.139551938879452564e+01;2.710281650926147368e-01;6.416375750485830309e+00;-7.360714429684744431e+00;9.416375750485830309e+00;1.480278306604005536e+02
1.132036243513072638e+00;-1.040480282519225863e+00;-4.352718767735911598e+00;9.547001723132526596e-01;9.547001723132526596e-01;-1.199009297711329358e+00
1.242500025083401880e+02;3.296937671339777443e-01;-1.409421473161930827e+01;1.119477126948941326e+01;1.119477126948941326e+01;-3.469497217310649262e+02
2.324166551476382097e+02;7.492701452957774011e-01;1.233447405847721257e+01;-1.514990696532323611e+01;1.533447405847721257e+01;8.850922835465769367e+02
2.892052606090318250e+02;-3.176352709683704090e-01;-1.990877463223233690e+01;1.709774106077910716e+01;1.709774106077910716e+01;-1.228905516785726604e+03
3.044009521258528750e+00;2.589047651905202474e-01;-1.072231922231721368e+00;-1.409958547387238026e+00;1.927768077768278632e+00;1.258904765190520303e+00
2.068696637617480576e+02;7.255828322668548269e-01;1.144917576040302443e+01;-1.431198329330689312e+01;1.444917576040302443e+01;7.430685962335480781e+02
3.751727354408284043e+01;1.124032300096828724e-01;3.098761522371043853e+00;-6.156195078471412785e+00;6.098761522371043853e+00;5.697128322194981820e+01
8.216207138620605122e+01;-2.943677017751312741e-01;6.501219921672156232e+00;-8.576350334606562598e+00;9.501219921672156232e+00;1.844624347935327933e+02
3.464178824267507650e+01;7.698751365605505104e-01;2.758137419728503570e+00;-6.036982000258766412e+00;5.758137419728503126e+00;5.086057770973486925e+01
1.137854398129566533e+02;-8.381871390242728870e-01;7.782102089401483624e+00;-1.054062781812375249e+01;1.078210208940148362e+01;3.021207371356388762e+02
2.428022768054911182e+02;-3.546134111214366280e-01;-1.792698810045313706e+01;1.619647777145702605e+01;1.619647777145702605e+01;-9.423652551644980804e+02
1.343485294974751127e+02;3.567735875889061492e-01;-1.451018571454384265e+01;1.166490189332380289e+01;1.166490189332380289e+01;-3.889226419106100252e+02
8.552169876813837845e+01;-7.356146751432393049e-01;6.267836453479014303e+00;-9.225460813149636508e+00;9.267836453479015191e+00;1.970211878201646982e+02
3.105090587563363442e+02;-7.503400733488654328e-01;-2.096908317636885499e+01;1.729264000015463409e+01;1.729264000015463409e+01;-1.371338221588107217e+03
1.370598482188256924e+02;-1.216007571267551990e+00;8.461147436549380174e+00;-1.197531402975820747e+01;1.146114743654938017e+01;4.017429167033955650e+02
5.284541282054673417e+01;3.420090481275140371e-01;4.456543647370773797e+00;-7.054765567235479651e+00;7.456543647370773797e+00;9.520088904006765063e+01
2.487151606437469198e+01;3.545589006926834763e-01;-7.441510287097871768e+00;5.432868104602972537e+00;5.432868104602972537e+00;-3.050432109124744784e+01
3.380040555249859136e+00;-1.055792652666441400e+00;-5.110201997180099376e+00;1.681558661463009141e+00;1.681558661463009141e+00;-2.214321667858544895e+00
4.099940870162637196e+01;7.631635002608280205e-01;-9.396220325781873939e+00;6.408942335687673797e+00;6.408942335687673797e+00;-6.599363899504710673e+01
1.461278302750655200e+01;6.324661584394123404e-01;6.409026860108765211e-01;-4.058912338747845183e+00;3.640902686010876632e+00;1.379099517363151506e+01
1.566076788534159334e+02;-2.154658958795917789e-01;9.575693255827291139e+00;-1.244779405118862137e+01;1.257569325582729114e+01;4.890639496023193260e+02
8.041609515405866659e+00;-4.073617902407369318e-01;-5.243911023157897588e+00;3.247782296327786700e+00;3.247782296327786700e+00;-5.498064363415055666e+00
4.417800032526697152e+01;8.327374514014903584e-01;-9.565003634886888761e+00;6.716873547074012407e+00;6.716873547074012407e+00;-7.392406504390643818e+01
1.742133691259339301e+01;5.046029030838317109e-01;8.173939921866404390e-01;-4.626783039670340436e+00;3.817393992186640439e+00;1.759530547625815089e+01
8.682835069653004112e+00;7.690289868945473506e-01;-1.135102535896729548e-01;-3.031373742237025493e+00;2.886489746410326962e+00;5.927558002086651179e+00
1.262549736098729891e+00;-1.096212028467331123e+00;-4.486524620331150182e+00;9.770425330122810559e-01;9.770425330122810559e-01;-1.254741043659434840e+00
3.018504602018931138e+01;1.464332406595543645e+00;2.998380553993443165e+00;-4.888310594453719737e+00;5.998380553993443165e+00;4.055503497976986438e+01
7.764347717810619542e+01;6.649069276591924593e-01;-1.212223882842986988e+01;8.534204134421978338e+00;8.534204134421978338e+00;-1.732940173470039440e+02
1.300162752795435139e+01;5.975395798635532163e-01;3.955134610893069613e-01;-3.883376270977993538e+00;3.395513461089306961e+00;1.175606859505565716e+01
5.522821319543517404e+01;3.268770961740523340e-02;4.330428198560935193e+00;-7.547292795445859959e+00;7.330428198560935193e+00;1.018915677015575341e+02
5.018239381065068727e+01;4.454262766781801053e-02;3.994189234794403021e+00;-7.187343995578501676e+00;6.994189234794403021e+00;8.890342261960795156e+01
3.236333658656498358e+01;1.985253528980940041e-01;-8.319302529384113853e+00;5.998593251300036400e+00;5.998593251300036400e+00;-4.566035463904204050e+01
2.404529343147795206e+00;-4.441496989323593519e-02;-1.479504648807381750e+00;-1.609325290979090051e+00;1.520495351192618250e+00;-4.441496989323593519e-02
1.185750874473195715e+00;-1.216307142263395757e+00;-4.624070735878901495e+00;8.743984209679028785e-01;8.743984209679028785e-01;-1.374836157455499031e+00
8.577912787647618131e+01;-8.465553048947753734e-01;6.176793509623078826e+00;-9.356299128796772280e+00;9.176793509623079714e+00;1.979102471904131448e+02
2.927816023511791155e-01;1.513201820195566039e-01;-2.472566244266834357e+00;-2.247933916940526022e-01;5.274337557331658655e-01;1.513201820195566039e-01
1.376844710998103238e+00;2.258121242082633817e-01;-1.701326008266452749e+00;-8.470497433170205426e-01;1.298673991733547251e+00;2.258121242082633817e-01
1.539400716858995111e+02;-5.588877352881169713e-01;-1.530520605189205163e+01;1.250140377875339759e+01;1.250140377875339759e+01;-4.779019011365693359e+02
6.296275118782565983e+01;2.844129375164200502e-01;5.069165642184730203e+00;-7.782579783271623697e+00;8.069165642184730203e+00;1.241432929294565497e+02
1.436305124121131094e+01;6.060083744035098530e-01;5.853375481508469313e-01;-4.056262768959620679e+00;3.585337548150846931e+00;1.276453738959561335e+01
1.631210083245775593e+02;-9.452591089104522837e-01;-1.607143647044693324e+01;1.249489145006360680e+01;1.249489145006360680e+01;-5.232882725101916321e+02
3.421722605460578848e+01;4.088836571045134649e-01;-8.252342617973278394e+00;6.352349948302039806e+00;6.352349948302039806e+00;-4.844999633483561752e+01
1.038500683927673833e+02;1.505821827097989785e-01;-1.332583786134750881e+01;1.006817123036925565e+01;1.006817123036925565e+01;-2.661288333154891461e+02
2.502567306431176419e+01;5.963571906839950643e-01;1.720807204925798084e+00;-5.346687677209171596e+00;4.720807204925797862e+00;3.068705976385831491e+01
6.149131291601772631e+01;1.259662592272762005e+00;-1.030665031144444654e+01;8.312370505374115481e+00;8.312370505374115481e+00;-1.194971399030351620e+02
2.091490566771891508e+02;9.646962459021866110e-01;1.175905377255823225e+01;-1.414363447819143715e+01;1.475905377255823225e+01;7.543077096471834011e+02
3.241283946517382333e+02;4.745893068282530658e-01;1.506430194595136562e+01;-1.793936030277837190e+01;1.806430194595136740e+01;1.458062470821586430e+03
1.415630226703492367e+00;-9.653691249948872510e-01;-4.364675463839580161e+00;1.116879183465598890e+00;1.116879183465598890e+00;-1.123898140186990746e+00
2.927574552824464504e+01;1.003575035170877650e+00;2.496265012986144338e+00;-5.307709796295752902e+00;5.496265012986143894e+00;3.909427760834519461e+01
7.482826118087648126e+01;-8.611609119576252303e-01;5.552004537705103715e+00;-8.760721371004498437e+00;8.552004537705103715e+00;1.618956415833503115e+02
3.665195397507974349e+02;5.451159586493072862e-01;1.627422372141449003e+01;-1.900822877459939164e+01;1.927422372141449003e+01;1.753132997473407613e+03
1.544226765488757103e+01;-1.324604715729206683e+00;-7.397464360616178070e+00;3.566849782809128566e+00;3.566849782809128566e+00;-1.641530728890352364e+01
3.328234536588462467e-01;-6.282748577006620483e-01;-3.132675708334178299e+00;5.590679625486472126e-01;5.590679625486472126e-01;-7.868038728927655434e-01
5.482364954281571112e-01;5.093998708652978102e-01;-2.293530028503329543e+00;3.123297702339251636e-01;7.064699714966704569e-01;5.093998708652978102e-01
1.752228458272983858e+01;6.266785260126145340e-01;9.369667996488758588e-01;-4.502204601275010099e+00;3.936966799648875970e+00;1.771738109918693382e+01
1.476675370934886189e+02;-6.163028840551686427e-01;8.828819518362060137e+00;-1.250259429007454415e+01;1.182881951836206014e+01;4.496631126141437562e+02
2.191410029612611083e+02;1.038523435222571845e+00;1.217205630421543283e+01;-1.440898263120786815e+01;1.517205630421543283e+01;8.083815368365037557e+02
3.893389087050731501e+00;9.082697268954065262e-02;-1.595642132961614390e+00;-2.905645891275097537e+00;1.404357867038385610e+00;1.249355987881644037e+00
3.656567490083494931e+02;9.640453689891353983e-02;-2.258147048746904417e+01;1.868623733948813381e+01;1.868623733948813381e+01;-1.752447616573990445e+03
2.214136828125002765e+01;3.626933380762905612e-01;1.216585217797160112e+00;-5.309793395295942631e+00;4.216585217797160112e+00;2.645339591125060963e+01
2.900560154016403658e+02;1.027216042885108038e+00;1.406777727949413048e+01;-1.699206168697067909e+01;1.706777727949413048e+01;1.234037857796261733e+03
8.658923800380117086e+01;-9.985424768163051468e-01;6.076574135611175542e+00;-9.560054098627929875e+00;9.076574135611174654e+00;2.017582600184916259e+02
6.743203118685329400e+00;7.678297300403582604e-01;-4.627325291601362967e-01;-2.684549980374939970e+00;2.537267470839863925e+00;3.926358745232461978e+00
8.161066758753443651e+01;-1.096687170382235621e+00;5.712769756782060782e+00;-9.392539106930675175e+00;8.712769756782060782e+00;1.846601153249256981e+02
3.541142340361360397e+01;8.008155448428140311e-01;2.851375942294191113e+00;-6.068339706259926025e+00;5.851375942294191113e+00;5.189151811801713166e+01
4.777285427382597049e+01;3.997252710135982268e-01;4.151663293383493603e+00;-6.634452767476031632e+00;7.151663293383493603e+00;8.125860526295373631e+01
2.022925431216640675e+02;8.917452751804726407e-01;1.144946178434270578e+01;-1.397994443141933729e+01;1.444946178434270578e+01;7.182347586764616381e+02
3.917000974312494499e-01;-1.071403434439908597e+00;-4.018369223928633716e+00;5.585043246646093085e-01;5.585043246646093085e-01;-1.229932449632012093e+00
8.145264022030892193e+01;-1.077802919825757710e+00;5.721877471640381962e+00;-9.363878320676040090e+00;8.721877471640382851e+00;1.836789995754821803e+02
2.500673871748628208e-01;-6.751214986027671561e-01;-3.122990972372190033e+00;4.556899447824487304e-01;4.556899447824487304e-01;-8.336505137948706512e-01
6.234960473815251092e+00;7.943832415620777354e-01;-5.406862955401503523e-01;-2.553489190951487409e+00;2.459313704459849426e+00;2.952912256754181008e+00
1.553989113383596816e+02;2.396846423341664201e-02;9.757119441232561030e+00;-1.215035151636787703e+01;1.275711944123256103e+01;4.823033839624323491e+02
1.757382480859141651e+02;-2.313360944352677029e-01;1.030289621434804737e+01;-1.320673740682073038e+01;1.330289621434804737e+01;5.820480794037636088e+02
2.422937900094050079e+01;1.120193932313844343e+00;2.111761989813593310e+00;-4.689968978837268487e+00;5.111761989813593310e+00;2.921089650548816152e+01
2.745464906151452444e-01;-7.893611290977238515e-02;-2.484392082980181993e+00;-6.734801428393627498e-01;5.156079170198178963e-01;-7.893611290977238515e-02
1.853433725271909793e+02;-3.021786884691143316e-01;1.059216008228119144e+01;-1.363768646282156816e+01;1.359216008228119144e+01;6.299772368097297885e+02
2.835765643509985239e+02;-7.416009313360361066e-02;-1.949173578095662052e+01;1.716765256517292570e+01;1.716765256517292570e+01;-1.191662041607891751e+03
8.807560861852964251e+01;-8.177618065181617713e-01;6.327148481616811537e+00;-9.449067104037277787e+00;9.327148481616811537e+00;2.059390406887897598e+02
5.234310460661694009e+01;1.634120115441763665e-01;4.255604702596150091e+00;-7.211020695627532007e+00;7.255604702596150091e+00;9.402229200348430993e+01
-1.755461638120529855e-02;-9.818646987349840538e-01;-3.490877804216336422e+00;2.100903763621611853e-01;2.100903763621611853e-01;-1.140393713927087660e+00
4.191742178120180142e+02;-2.745606625091636110e-01;1.773662335298517689e+01;-2.019770245622476779e+01;2.073662335298517689e+01;2.143269460448380414e+03
3.170847840158551634e+01;9.259310928822789277e-01;2.646184690386061078e+00;-5.612917358272866863e+00;5.646184690386061078e+00;4.401663366605659888e+01
7.933576363746584548e+01;5.589224030170576452e-01;-1.232949040734127699e+01;8.529486664049114708e+00;8.529486664049114708e+00;-1.784000018716460829e+02
9.236699284508584640e+01;-8.549250544820841125e-01;6.517755736866201133e+00;-9.714000855214512953e+00;9.517755736866201133e+00;2.219018774408258423e+02
1.482666438575594725e+02;1.698900191716381514e-01;9.607320912170361993e+00;-1.170870987742923575e+01;1.260732091217036199e+01;4.494493055173705898e+02
2.360948274920638710e+02;4.608736764531278229e-01;1.217564496075895875e+01;-1.556787080529027989e+01;1.517564496075895875e+01;9.078038870777343163e+02
1.715110168183787032e+00;6.838225207751681411e-01;-1.300654142511874500e+00;-3.317008159377893284e-01;1.699345857488125500e+00;6.838225207751681411e-01
4.080715845638563337e+02;-2.880143262000757765e-01;1.745045101519900754e+01;-1.993843744582041921e+01;2.045045101519900754e+01;2.058256006784689362e+03
2.142263754072212922e+00;-2.289956922785294641e-02;-1.551450173801674381e+00;-1.494348964654031331e+00;1.448549826198325619e+00;-2.289956922785294641e-02
2.020313603568837095e+02;5.215759195074992638e-01;1.108312549847222606e+01;-1.435394685689480632e+01;1.408312549847222606e+01;7.178645893207886957e+02
1.923273062652492538e+00;1.543890464757163850e-01;-1.515616962493957054e+00;-1.175604944554609954e+00;1.484383037506042946e+00;1.543890464757163850e-01
1.194535792788233408e+02;3.941730294230892384e-01;-1.380947341413758167e+01;1.103898847658591009e+01;1.103898847658591009e+01;-3.258852424687758571e+02
4.724067551386905706e+00;8.226749776741422160e-01;-8.409843627253910103e-01;-2.196607651542117789e+00;2.159015637274608768e+00;1.981203992866245711e+00
3.879921670064461381e+01;2.290191608061438733e-01;3.309741126623332530e+00;-6.133942821130779599e+00;6.309741126623332086e+00;6.008789915274627447e+01
1.311624393067787366e+02;-2.644359160588646285e-01;-1.502018753346572133e+01;1.093248470495013969e+01;1.093248470495013969e+01;-3.785438514142578015e+02
1.105663064124756261e+02;-1.052923842891218653e+00;7.425520667063247870e+00;-1.061351980351940760e+01;1.042552066706324787e+01;2.909060004317719290e+02
3.882270091648265264e+01;-3.688174856671713187e-01;2.761636344649552655e+00;-6.781511332103629996e+00;5.761636344649552655e+00;6.049006250627296311e+01
2.304263878627723727e+02;4.383208956585569194e-01;1.196833708109150507e+01;-1.540566848721196891e+01;1.496833708109150507e+01;8.747813342969398036e+02
2.612050599770051562e+01;-5.218983055415098438e-01;-8.528718108239161211e+00;4.767161513275876672e+00;4.767161513275876672e+00;-3.538077829748164049e+01
2.805234564658142062e+02;1.092898502229281643e+00;1.384928348217570004e+01;-1.664220297096390055e+01;1.684928348217570004e+01;1.173103540255605822e+03
5.331837710568012056e+01;-3.823062312538483276e-03;4.166918537730727401e+00;-7.456804678475537962e+00;7.166918537730727401e+00;9.685505692962759383e+01
2.214359577333465623e+01;2.532856300324817234e-01;1.118881664858887737e+00;-5.430905258445287487e+00;4.118881664858887959e+00;2.634398820320679846e+01
8.359015642220486431e-01;-2.021158680008781905e-02;-2.094947759007097510e+00;-9.454754145930781561e-01;9.050522409929024903e-01;-2.021158680008781905e-02
1.446751183148328437e+02;-6.147627707565324062e-01;-1.498411786379382704e+01;1.206856551971834079e+01;1.206856551971834079e+01;-4.349577761720377680e+02
4.229757225401323950e+01;8.600520912239116855e-01;-9.392466119699752980e+00;6.598965311531719280e+00;6.598965311531719280e+00;-6.889675040408401685e+01
8.630476938806833687e+01;-4.142838511681752878e-01;6.614101612755661108e+00;-8.929064324476154724e+00;9.614101612755661108e+00;1.993425186441397443e+02
3.466153211396347356e+00;-8.091514271862852992e-01;-4.820741060322317750e+00;1.885380175565540384e+00;1.885380175565540384e+00;-1.967680442378388683e+00
3.795110764180437712e+01;1.232944561528260152e+00;-8.645537897285114681e+00;6.597822029725778137e+00;6.597822029725778137e+00;-5.752385793377966650e+01
8.712173556480781400e+00;5.826951182605748514e-01;-2.636215428057047672e-01;-3.253930190288938817e+00;2.736378457194295066e+00;5.741224133452678124e+00
7.193583702208218256e+01;-7.753732648910008907e-01;5.464023632583358214e+00;-8.501165171749503813e+00;8.464023632583357326e+00;1.519814292304169214e+02
1.391340165194943381e+02;-1.210524001407709216e+00;8.554568840840719446e+00;-1.205776829432986119e+01;1.155456884084071945e+01;4.107484002732554131e+02
9.355590703053466939e+01;9.520573326909970158e-01;-1.267965216508687831e+01;9.665918281142594992e+00;9.665918281142594992e+00;-2.270068669419721346e+02
1.708090218249433745e+00;-1.343936659750455398e-01;-1.777012406260414235e+00;-1.491774925689676845e+00;1.222987593739585765e+00;-1.343936659750455398e-01
8.420775493637187026e+00;-1.074251654934199829e+00;-6.095095815429122155e+00;2.765187359212085472e+00;2.765187359212085472e+00;-7.164954228108518564e+00
3.231814817051892774e+00;4.085065496206548019e-01;-9.112231544354938428e-01;-1.271763746323196553e+00;2.088776845564506157e+00;1.408506549620654802e+00
3.577580402348792887e+01;4.500752310996911643e-01;-9.313600934237943108e+00;5.700146405821469919e+00;5.700146405821469919e+00;-5.530672726420823437e+01
1.076669890154296105e+01;-8.453778889892663573e-01;-6.207590719476947072e+00;3.335429795149777998e+00;3.335429795149777998e+00;-8.936080462163584315e+00
1.478478015040143418e+02;-9.308188239571228983e-01;-1.544435537460429053e+01;1.189669092412762375e+01;1.189669092412762375e+01;-4.512738322252383227e+02
4.913007383905014080e+01;6.715355685315056444e-01;-1.010063154779410510e+01;6.930097694241259099e+00;6.930097694241259099e+00;-8.708526692677642700e+01
2.565035403485127041e+00;-4.747275650359604193e-01;-4.115920393677758859e+00;1.849407233221630920e+00;1.849407233221630920e+00;-6.332565802280638589e-01
1.342698818081165655e+02;-1.548475859307002267e+00;8.023347854891484943e+00;-1.220245102417921323e+01;1.102334785489148494e+01;3.904104484153561430e+02
6.145436264552515127e+01;2.184576858284358047e-01;4.911686723334293347e+00;-7.757011367797156609e+00;7.911686723334293347e+00;1.200773376777685684e+02
3.408200984954904555e+01;8.064764740994755376e-01;2.743958571274613067e+00;-5.949600476727025189e+00;5.743958571274613512e+00;4.889717904727379505e+01
6.794697644404234893e+01;-6.665730391075002093e-01;5.327750138289299997e+00;-8.147291225888444899e+00;8.327750138289299997e+00;1.390902294562004329e+02
1.858583297386190907e+02;-6.151982725428561949e-01;1.030951357688871717e+01;-1.398107912557657961e+01;1.330951357688871717e+01;6.346642172256561025e+02
2.821890622068930838e+02;8.576441077786259859e-01;1.367068974707995466e+01;-1.693411802476946804e+01;1.667068974707995466e+01;1.184868285861155300e+03
9.427874215097905619e+01;6.848769514867051322e-01;-1.299787318927232249e+01;9.449778542919457180e+00;9.449778542919457180e+00;-2.302740473231764327e+02
1.044842367669943606e+01;-5.173748865063410030e-01;-5.779276150456766459e+00;3.563121231095447428e+00;3.563121231095447428e+00;-7.608077459680659516e+00
1.867477691795442070e+02;-2.721889567909414609e-01;1.067253087896798647e+01;-1.365807779615201767e+01;1.367253087896798647e+01;6.370072265414079311e+02
4.795368579958849686e+00;1.061806974932652858e+00;-6.407314279937824653e-01;-1.918596591756704939e+00;2.359268572006217646e+00;2.220335990124756353e+00
8.127942632605689166e-03;-5.487689355291537618e-02;-2.803869251865414025e+00;-3.058845352404166995e-01;1.961307481345859749e-01;-5.487689355291537618e-02
2.385985281348237947e+02;-1.119977047941948856e+00;-1.858148113764602272e+01;1.532024353500889013e+01;1.532024353500889013e+01;-9.231306188013185192e+02
6.631724487233519483e+01;-1.109201035202648900e+00;4.812749555040846339e+00;-8.517546634830287289e+00;7.812749555040846339e+00;1.356476014601052782e+02
3.098539915702578806e+00;1.749668169392123301e-02;-1.227213247118795536e+00;-1.737793389493361929e+00;1.772786752881204464e+00;1.017496681693921268e+00
4.006082806654426065e+01;-2.197168443871732879e-01;2.996966614080633473e+00;-6.718640318974714809e+00;5.996966614080633029e+00;6.363916314755295645e+01
3.299268680060674797e+02;6.622540270718862976e-01;1.540713784023383326e+01;-1.790686675657357441e+01;1.840713784023383326e+01;1.496250135541830105e+03
1.063731594439092589e+02;7.642785617296901646e-02;-1.352656004143960189e+01;1.012058475738768948e+01;1.012058475738768948e+01;-2.762029876420259598e+02
1.257082297052794786e+02;-1.167485744290457594e+00;8.012703662919312464e+00;-1.142982660217395185e+01;1.101270366291931246e+01;3.527914385303726590e+02
9.619694651099977136e+02;8.547404456690741448e-01;2.821678906222681960e+01;-3.080788385120290584e+01;3.121678906222681960e+01;7.456204452605511506e+03
2.440301354989237392e+00;-3.246987152794806319e-01;-1.661869779318623008e+00;-1.987527651240338367e+00;1.338130220681376992e+00;6.753012847205193125e-01
1.331435056752965984e+01;6.541918365946974845e-01;4.871772354907710767e-01;-3.861735531917169340e+00;3.487177235490770855e+00;1.181272085178680165e+01
6.070042874155475232e+01;6.317855146771287345e-01;-1.092408395830098478e+01;7.674049997039385396e+00;7.674049997039385396e+00;-1.191250169806308037e+02
9.931782215247270074e+01;-9.529636523025521999e-01;6.779508409980183004e+00;-1.017183072396943011e+01;9.779508409980183004e+00;2.478038388430053658e+02
5.438793471514628663e+00;-7.055263503415970527e-01;-5.084246055232927830e+00;2.491788208201096921e+00;2.491788208201096921e+00;-2.796228923515915454e+00
2.721883307107844274e+01;4.715231695984580806e-01;1.821180708191825204e+00;-5.696729222646272461e+00;4.821180708191825204e+00;3.556222574277277459e+01
1.368778187883780220e+02;-1.070535071695540408e+00;8.592637559244494128e+00;-1.181585915330929737e+01;1.159263755924449413e+01;3.998883892029675735e+02
4.224588700035333488e+01;4.639100967736263514e-02;3.412237729574219891e+00;-6.601695726339229076e+00;6.412237729574219891e+00;6.790527100161749274e+01
8.149752318369698401e+01;-1.238262107346226104e+00;5.572764970759241265e+00;-9.535684194835837957e+00;8.572764970759241265e+00;1.845185403879617070e+02
1.949775002552608427e+01;-4.371716392868248979e-01;-7.745074181939984648e+00;4.152970919486068446e+00;4.152970919486068446e+00;-2.329605163122695899e+01
5.424164765361681617e+01;-8.858922355708842566e-03;-1.118235266587401711e+01;6.651029830546743682e+00;6.651029830546743682e+00;-1.027656614176636367e+02
1.964655513468906634e+02;3.581107791488970515e-01;1.072839858305232852e+01;-1.432615022219211198e+01;1.372839858305232852e+01;6.897011241804301562e+02
2.448346584489326716e+01;6.931360428228324766e-01;1.753710568964965244e+00;-5.186033336970663932e+00;4.753710568964964800e+00;2.978383861599715132e+01
-4.106460904386202149e-01;-1.440242579029743730e+00;-4.032505964295544310e+00;-1.650372241481499191e-01;-1.650372241481499191e-01;-1.598771594221847225e+00
6.501662905518238444e-01;-1.238621252029578734e+00;-4.420535120428678688e+00;6.262345859853143404e-01;6.262345859853143404e-01;-1.397150267221682451e+00
3.451099313699671711e+01;3.474626032323087088e-01;-8.344290653720921824e+00;6.321455876305273058e+00;6.321455876305273058e+00;-4.951141738870782660e+01
2.752808911803574006e+02;1.353164885079748414e+00;1.394443040663532685e+01;-1.621681712972259248e+01;1.694443040663532685e+01;1.139363806638456253e+03
