7.004550933837890625e+00;6.561747789382934570e-01;1.170377731323242188e-01;2.091619968414306641e+00;3.293483257293701172e+00;-1.941977024078369141e+00
-8.856296386718750000e+02;6.843028962612152100e-02;1.483949316406250000e+04;1.031680870056152344e+01;-9.995089530944824219e+00;8.646186828613281250e+00
-4.109267807006835938e+01;1.182008624076843262e+00;3.194784736633300781e+01;7.275093555450439453e+00;-1.772278189659118652e+00;3.445889711380004883e+00
-1.861780853271484375e+02;1.603115677833557129e+00;3.018634338378906250e+02;9.783201217651367188e+00;-3.245352745056152344e+00;6.043499469757080078e+00
2.294892692565917969e+01;1.159445166587829590e+00;7.910990715026855469e-02;1.199599504470825195e+00;4.562896728515625000e+00;-2.817977905273437500e+00
-3.056928062438964844e+01;1.084278941154479980e+00;2.320974540710449219e+01;7.113449096679687500e+00;-1.487152218818664551e+00;3.081046342849731445e+00
2.209880638122558594e+01;1.136470198631286621e+00;6.375813484191894531e-02;1.235430479049682617e+00;4.515172481536865234e+00;-2.773821830749511719e+00
-9.681605224609375000e+02;-1.135060906410217285e+00;1.979820703125000000e+04;8.714025497436523438e+00;-1.145785808563232422e+01;8.322578430175781250e+00
1.164784469604492188e+02;1.699606299400329590e+00;-1.563084125518798828e-01;-1.019779443740844727e+00;7.266678810119628906e+00;-5.002558231353759766e+00
-1.273408508300781250e+01;8.942257165908813477e-01;1.034701728820800781e+01;6.362249851226806641e+00;-7.718490958213806152e-01;2.440112590789794922e+00
1.186041488647460938e+02;1.709499716758728027e+00;-1.609833240509033203e-01;-1.065218210220336914e+00;7.311181068420410156e+00;-5.038306713104248047e+00
-7.986571044921875000e+02;9.636520147323608398e-01;1.071286523437500000e+04;1.121744346618652344e+01;-8.601901054382324219e+00;8.634986877441406250e+00
-3.070546264648437500e+02;1.599627852439880371e+00;8.532474975585937500e+02;1.021712303161621094e+01;-3.822810173034667969e+00;6.655861377716064453e+00
2.328828620910644531e+01;1.164815306663513184e+00;8.516764640808105469e-02;1.179361581802368164e+00;4.571805953979492188e+00;-2.829417943954467773e+00
1.186001052856445312e+02;1.713262915611267090e+00;-1.620800495147705078e-01;-1.060411691665649414e+00;7.324189186096191406e+00;-5.046508789062500000e+00
-3.792251892089843750e+02;1.676519751548767090e+00;1.387677978515625000e+03;1.013464927673339844e+01;-4.729052543640136719e+00;5.597332477569580078e+00
-1.885967712402343750e+02;1.599176287651062012e+00;3.092421569824218750e+02;9.826452255249023438e+00;-3.200718879699707031e+00;6.118134021759033203e+00
5.119414520263671875e+01;1.319977164268493652e+00;1.528505235910415649e-03;3.008297085762023926e-01;5.656538009643554688e+00;-3.753793716430664062e+00
-4.694398803710937500e+02;1.403924345970153809e+00;2.363210449218750000e+03;1.122562217712402344e+01;-5.158389091491699219e+00;7.598559856414794922e+00
7.317690277099609375e+01;1.451408743858337402e+00;-5.036663636565208435e-02;-1.450912505388259888e-01;6.205462455749511719e+00;-4.177657127380371094e+00
-1.449991703033447266e+01;9.266607165336608887e-01;1.143749332427978516e+01;6.522862434387207031e+00;-8.350680470466613770e-01;2.454746723175048828e+00
-1.353011474609375000e+02;1.634839653968811035e+00;1.689222259521484375e+02;8.745313644409179688e+00;-2.953426361083984375e+00;4.313316822052001953e+00
-3.617388534545898438e+01;1.122494101524353027e+00;2.770674705505371094e+01;7.146739959716796875e+00;-1.721198081970214844e+00;3.291864633560180664e+00
-1.736649017333984375e+02;1.609494328498840332e+00;2.650127868652343750e+02;9.527830123901367188e+00;-3.437510490417480469e+00;5.657991886138916016e+00
-7.923977851867675781e+00;8.420951366424560547e-01;7.243904590606689453e+00;6.046053409576416016e+00;-5.946250557899475098e-01;2.092162370681762695e+00
-5.101738586425781250e+02;1.463540911674499512e+00;2.948852783203125000e+03;1.155063438415527344e+01;-5.804202079772949219e+00;8.090707778930664062e+00
-2.669633674621582031e+01;1.051908612251281738e+00;2.013974761962890625e+01;7.043726444244384766e+00;-1.320477843284606934e+00;2.925602197647094727e+00
-4.474585723876953125e+01;1.239946722984313965e+00;3.523805236816406250e+01;7.442676067352294922e+00;-1.738430619239807129e+00;3.552739858627319336e+00
-1.366055145263671875e+02;1.646612524986267090e+00;1.716544647216796875e+02;8.683343887329101562e+00;-3.018493652343750000e+00;4.320831775665283203e+00
-9.683569946289062500e+02;-1.138600945472717285e+00;1.981015234375000000e+04;8.710607528686523438e+00;-1.146152019500732422e+01;8.322029113769531250e+00
-1.843874359130859375e+02;1.605226159095764160e+00;2.964259948730468750e+02;9.750837326049804688e+00;-3.277239799499511719e+00;5.988497257232666016e+00
-7.052840232849121094e+00;7.132891416549682617e-01;6.709547996520996094e+00;5.903152942657470703e+00;-5.832979083061218262e-01;1.984137773513793945e+00
-3.059474754333496094e+01;1.084563493728637695e+00;2.323000526428222656e+01;7.114713191986083984e+00;-1.488302588462829590e+00;3.082300901412963867e+00
-2.132621307373046875e+02;2.211059331893920898e+00;3.911025695800781250e+02;1.012766838073730469e+01;-2.696972846984863281e+00;6.737558841705322266e+00
1.826914310455322266e+00;1.690023392438888550e-01;1.516218185424804688e-01;2.764639616012573242e+00;2.350686073303222656e+00;-1.304942131042480469e+00
-9.694185791015625000e+02;-1.156346917152404785e+00;1.988134765625000000e+04;8.683507919311523438e+00;-1.148153972625732422e+01;8.315742492675781250e+00
-2.806139526367187500e+02;1.275250792503356934e+00;6.996803588867187500e+02;1.020071983337402344e+01;-3.297572135925292969e+00;6.590296268463134766e+00
1.078542768955230713e-01;-8.427953720092773438e-01;6.358349323272705078e-01;3.592350721359252930e+00;9.901148676872253418e-01;-4.222186207771301270e-01
9.165373802185058594e+00;7.716561555862426758e-01;6.575512886047363281e-02;1.917307615280151367e+00;3.618391990661621094e+00;-2.066611289978027344e+00
9.934729576110839844e+00;7.926424741744995117e-01;6.170916929841041565e-02;1.873491764068603516e+00;3.721187591552734375e+00;-2.116267204284667969e+00
3.353807830810546875e+01;1.194857954978942871e+00;5.670333281159400940e-02;7.541010975837707520e-01;5.008670806884765625e+00;-3.235791921615600586e+00
-9.944865722656250000e+02;-1.600515007972717285e+00;2.162073828125000000e+04;8.030431747436523438e+00;-1.195688152313232422e+01;8.142829895019531250e+00
-8.134938240051269531e+00;8.439201116561889648e-01;7.370287895202636719e+00;6.065548419952392578e+00;-6.078515052795410156e-01;2.110058069229125977e+00
1.121772689819335938e+02;1.675733923912048340e+00;-1.457397937774658203e-01;-9.325582385063171387e-01;7.163342475891113281e+00;-4.921837329864501953e+00
1.241060638427734375e+02;1.743811011314392090e+00;-1.756908893585205078e-01;-1.171873331069946289e+00;7.456620216369628906e+00;-5.149960994720458984e+00
-5.152508020401000977e-01;-2.238017171621322632e-01;2.179488897323608398e+00;4.837693214416503906e+00;1.624074876308441162e-01;9.025126099586486816e-01
-1.742513885498046875e+02;1.609911561012268066e+00;2.667074279785156250e+02;9.540403366088867188e+00;-3.429730415344238281e+00;5.675896167755126953e+00
-5.535536499023437500e+02;1.519296288490295410e+00;3.681933349609375000e+03;1.171518516540527344e+01;-6.538699150085449219e+00;8.558074951171875000e+00
-2.595939064025878906e+01;1.046993970870971680e+00;1.958152770996093750e+01;7.009851455688476562e+00;-1.288069248199462891e+00;2.892430543899536133e+00
1.127751007080078125e+02;1.682300925254821777e+00;-1.481468677520751953e-01;-9.406339526176452637e-01;7.188946723937988281e+00;-4.940155506134033203e+00
-5.660558342933654785e-01;-1.902404874563217163e-01;2.224801778793334961e+00;4.875296115875244141e+00;1.508479863405227661e-01;9.292151331901550293e-01
-5.618418579101562500e+02;1.528209328651428223e+00;3.836087890625000000e+03;1.172244834899902344e+01;-6.684969902038574219e+00;8.640605926513671875e+00
-9.137682495117187500e+02;-3.001305162906646729e-01;1.640726757812500000e+04;9.858800888061523438e+00;-1.047738933563232422e+01;8.575141906738281250e+00
-1.923482513427734375e+02;1.591216683387756348e+00;3.208380432128906250e+02;9.890020370483398438e+00;-3.126870155334472656e+00;6.234016895294189453e+00
-3.164400024414062500e+02;1.687394499778747559e+00;9.121788940429687500e+02;1.028117942810058594e+01;-4.031054496765136719e+00;6.550360202789306641e+00
1.268512010574340820e-01;-7.616412639617919922e-01;6.005434989929199219e-01;3.558551311492919922e+00;1.053372144699096680e+00;-4.654951095581054688e-01
-4.226422786712646484e+00;4.560450017452239990e-01;5.094269275665283203e+00;5.739274501800537109e+00;-3.939713835716247559e-01;1.629925012588500977e+00
7.846282482147216797e+00;7.064486742019653320e-01;8.743262290954589844e-02;2.018626451492309570e+00;3.420839786529541016e+00;-1.993582963943481445e+00
-1.505282135009765625e+02;1.546144843101501465e+00;2.032083282470703125e+02;8.901319503784179688e+00;-3.608056068420410156e+00;4.948332309722900391e+00
1.005721511840820312e+02;1.606848120689392090e+00;-1.161682605743408203e-01;-7.021943926811218262e-01;6.869668006896972656e+00;-4.694755077362060547e+00
2.568253326416015625e+01;1.170325636863708496e+00;7.902216911315917969e-02;1.076604604721069336e+00;4.668253898620605469e+00;-2.920778036117553711e+00
7.014832305908203125e+01;1.437111258506774902e+00;-4.414486512541770935e-02;-7.939834892749786377e-02;6.142514228820800781e+00;-4.127182960510253906e+00
2.384357452392578125e+00;2.109827846288681030e-01;1.581113338470458984e-01;2.596912384033203125e+00;2.507606983184814453e+00;-1.408288717269897461e+00
-1.237570047378540039e+00;1.183876246213912964e-01;2.881082773208618164e+00;5.168973922729492188e+00;1.042164862155914307e-03;1.097541809082031250e+00
-7.552503051757812500e+02;1.287018179893493652e+00;9.018584960937500000e+03;1.140445518493652344e+01;-7.956393241882324219e+00;8.512825012207031250e+00
-6.766312866210937500e+02;1.692257285118103027e+00;6.478136718750000000e+03;1.136380577087402344e+01;-6.857699394226074219e+00;8.122550964355468750e+00
8.252269029617309570e-02;-1.893786668777465820e+00;8.749437332153320312e-01;3.884432554244995117e+00;5.601032972335815430e-01;-1.276035308837890625e-01
3.886342048645019531e-01;-3.137733042240142822e-01;5.360620021820068359e-01;3.294744014739990234e+00;1.605952143669128418e+00;-7.612074613571166992e-01
-7.007720470428466797e-01;-1.079979538917541504e-01;2.352421998977661133e+00;4.958649158477783203e+00;1.239813938736915588e-01;9.784502387046813965e-01
-7.960323333740234375e+01;1.528971195220947266e+00;7.422911834716796875e+01;8.458858489990234375e+00;-2.182512283325195312e+00;4.357466220855712891e+00
-2.405336761474609375e+02;1.700774550437927246e+00;5.018444519042968750e+02;1.066702842712402344e+01;-3.608183860778808594e+00;6.105669498443603516e+00
-2.636230289936065674e-01;-4.256387650966644287e-01;1.954126358032226562e+00;4.596201419830322266e+00;2.291854918003082275e-01;7.288006544113159180e-01
6.690185070037841797e+00;6.362712383270263672e-01;1.355335712432861328e-01;2.111855506896972656e+00;3.237982511520385742e+00;-1.913909912109375000e+00
-2.608069763183593750e+02;1.484789252281188965e+00;5.964853515625000000e+02;1.034444236755371094e+01;-3.518870353698730469e+00;6.292820453643798828e+00
-3.503178100585937500e+02;1.948576331138610840e+00;1.149478393554687500e+03;1.033011436462402344e+01;-4.825655937194824219e+00;5.997583866119384766e+00
-2.325695991516113281e+00;2.277173250913619995e-01;3.851588249206542969e+00;5.409233570098876953e+00;-1.753603219985961914e-01;1.268124103546142578e+00
-2.180274963378906250e+00;2.144104093313217163e-01;3.734316349029541016e+00;5.339490890502929688e+00;-1.586302220821380615e-01;1.233896493911743164e+00
4.407076263427734375e+01;1.272176146507263184e+00;1.680541411042213440e-02;4.368084073066711426e-01;5.456130027770996094e+00;-3.600150823593139648e+00
-1.016403865814208984e+01;8.209587931632995605e-01;8.615088462829589844e+00;6.106451034545898438e+00;-6.843818426132202148e-01;2.274730682373046875e+00
-8.357984161376953125e+01;1.494800567626953125e+00;7.962227630615234375e+01;8.582374572753906250e+00;-2.255145072937011719e+00;4.419180393218994141e+00
-1.140494227409362793e+00;9.017743170261383057e-02;2.781308412551879883e+00;5.129345417022705078e+00;2.558670938014984131e-02;1.076547145843505859e+00
-1.298267650604248047e+01;8.976454138755798340e-01;1.049643039703369141e+01;6.376274585723876953e+00;-7.798293828964233398e-01;2.438208103179931641e+00
8.137917518615722656e-02;-1.127158284187316895e+00;7.385313510894775391e-01;3.711127758026123047e+00;8.378472328186035156e-01;-2.983560264110565186e-01
1.787816429138183594e+01;1.022284865379333496e+00;-1.655935868620872498e-02;1.421129941940307617e+00;4.288771629333496094e+00;-2.560669660568237305e+00
-1.343301696777343750e+02;1.626226067543029785e+00;1.669120483398437500e+02;8.788064956665039062e+00;-2.905952453613281250e+00;4.306951999664306641e+00
-2.104739570617675781e+01;9.933632016181945801e-01;1.593723011016845703e+01;6.866390228271484375e+00;-1.082675933837890625e+00;2.684702396392822266e+00
-6.516267776489257812e+00;6.359229683876037598e-01;6.385149478912353516e+00;5.821815490722656250e+00;-5.726215243339538574e-01;1.919847011566162109e+00
-1.550092399120330811e-01;-9.341139793395996094e-01;1.407981157302856445e+00;4.458208560943603516e+00;3.260636329650878906e-01;3.331134617328643799e-01
7.137804412841796875e+01;1.440454840660095215e+00;-4.595875367522239685e-02;-1.091625243425369263e-01;6.159533500671386719e+00;-4.142284393310546875e+00
1.093814010620117188e+02;1.663303732872009277e+00;-1.397926807403564453e-01;-8.719465136528015137e-01;7.106915473937988281e+00;-4.876168727874755859e+00
8.771004486083984375e+01;1.534614920616149902e+00;-8.511853218078613281e-02;-4.406072497367858887e-01;6.559512138366699219e+00;-4.452912807464599609e+00
-9.135577082633972168e-01;-2.095565665513277054e-03;2.553538799285888672e+00;5.030243873596191406e+00;8.025594800710678101e-02;1.025036334991455078e+00
1.557102012634277344e+01;9.647530317306518555e-01;-2.401089295744895935e-02;1.549682497978210449e+00;4.166431427001953125e+00;-2.450099706649780273e+00
-2.525735473632812500e+01;1.046747326850891113e+00;1.905346870422363281e+01;7.018363952636718750e+00;-1.260264158248901367e+00;2.872513532638549805e+00
-1.686958770751953125e+02;1.605121016502380371e+00;2.510342407226562500e+02;9.410470962524414062e+00;-3.494925498962402344e+00;5.505058765411376953e+00
2.643873214721679688e+00;2.538727223873138428e-01;1.818547248840332031e-01;2.575003147125244141e+00;2.574371814727783203e+00;-1.445436239242553711e+00
3.638476562500000000e+01;1.209517836570739746e+00;4.732585325837135315e-02;6.488721966743469238e-01;5.151123046875000000e+00;-3.361613988876342773e+00
1.163122634887695312e+02;1.703628897666931152e+00;-1.573269367218017578e-01;-1.010250329971313477e+00;7.279778480529785156e+00;-5.010232925415039062e+00
1.016392517089843750e+01;7.976216077804565430e-01;6.185078993439674377e-02;1.853019356727600098e+00;3.744015216827392578e+00;-2.126539945602416992e+00
-3.427322387695312500e+01;1.110193371772766113e+00;2.617844200134277344e+01;7.133734703063964844e+00;-1.642148852348327637e+00;3.219592809677124023e+00
7.755362033843994141e+00;7.012048959732055664e-01;9.051442146301269531e-02;2.010164976119995117e+00;3.396160840988159180e+00;-1.980263710021972656e+00
1.022908687591552734e+01;7.996746301651000977e-01;6.087518110871315002e-02;1.854938268661499023e+00;3.757118701934814453e+00;-2.133887052536010742e+00
-1.088952922821044922e+01;8.467673063278198242e-01;9.136319160461425781e+00;6.176736354827880859e+00;-7.068206071853637695e-01;2.354232549667358398e+00
-4.216143131256103516e+00;4.551482498645782471e-01;5.085671424865722656e+00;5.733010292053222656e+00;-3.926396369934082031e-01;1.627125978469848633e+00
-7.014362182617187500e+02;1.587601065635681152e+00;7.210625976562500000e+03;1.142667198181152344e+01;-7.195101737976074219e+00;8.267967224121093750e+00
-2.343579101562500000e+02;1.993217349052429199e+00;4.754336242675781250e+02;1.056079673767089844e+01;-3.165053367614746094e+00;6.387770175933837891e+00
8.870777893066406250e+01;1.539675116539001465e+00;-8.734059333801269531e-02;-4.616300463676452637e-01;6.581639289855957031e+00;-4.470440387725830078e+00
-1.886635589599609375e+02;1.598265767097473145e+00;3.093607482910156250e+02;9.830518722534179688e+00;-3.200701713562011719e+00;6.120865345001220703e+00
-2.405736732482910156e+01;1.037911534309387207e+00;1.814618492126464844e+01;6.960183620452880859e+00;-1.206993460655212402e+00;2.817816019058227539e+00
-2.714207267761230469e+01;1.053854703903198242e+00;2.047899818420410156e+01;7.052451133728027344e+00;-1.339239597320556641e+00;2.942519903182983398e+00
-9.332673645019531250e+01;1.406105279922485352e+00;9.360375976562500000e+01;8.774930953979492188e+00;-2.420101642608642578e+00;4.507956981658935547e+00
-2.827632446289062500e+02;1.299041152000427246e+00;7.120586547851562500e+02;1.015830039978027344e+01;-3.359637260437011719e+00;6.687216281890869141e+00
1.611799430847167969e+01;9.767669439315795898e-01;-3.344702348113059998e-02;1.511319398880004883e+00;4.195311546325683594e+00;-2.474759101867675781e+00
-5.548502445220947266e+00;5.577025413513183594e-01;5.850433826446533203e+00;5.756685256958007812e+00;-4.895749688148498535e-01;1.799541234970092773e+00
-2.822931518554687500e+02;1.293954253196716309e+00;7.093489379882812500e+02;1.016769981384277344e+01;-3.345984458923339844e+00;6.665947437286376953e+00
3.869894790649414062e+01;1.214914679527282715e+00;4.068732634186744690e-02;5.510810017585754395e-01;5.246840476989746094e+00;-3.451947927474975586e+00
8.063614368438720703e-02;-1.241203665733337402e+00;7.666325569152832031e-01;3.751264810562133789e+00;7.937574386596679688e-01;-2.628318965435028076e-01
8.250901103019714355e-02;-1.105306506156921387e+00;7.320458889007568359e-01;3.706994056701660156e+00;8.483777642250061035e-01;-3.068006038665771484e-01
-9.899833984375000000e+02;-1.517720818519592285e+00;2.129981054687500000e+04;8.153966903686523438e+00;-1.186972332000732422e+01;8.177314758300781250e+00
1.219476394653320312e+02;1.730711340904235840e+00;-1.700184345245361328e-01;-1.129602670669555664e+00;7.400799751281738281e+00;-5.106932163238525391e+00
-1.942085723876953125e+02;1.600566029548645020e+00;3.266233825683593750e+02;9.922101974487304688e+00;-3.091366767883300781e+00;6.289082050323486328e+00
-9.302040405273437500e+02;-5.348640680313110352e-01;1.738034960937500000e+04;9.550451278686523438e+00;-1.076620769500732422e+01;8.515327453613281250e+00
-4.665668029785156250e+02;1.410663008689880371e+00;2.327102783203125000e+03;1.120364952087402344e+01;-5.113802909851074219e+00;7.563302040100097656e+00
-7.238159179687500000e+02;1.475056052207946777e+00;7.924791503906250000e+03;1.144437217712402344e+01;-7.506564140319824219e+00;8.381599426269531250e+00
-3.501911010742187500e+02;1.948461890220642090e+00;1.148488891601562500e+03;1.033066368103027344e+01;-4.822604179382324219e+00;5.999964237213134766e+00
-2.600618553161621094e+01;1.049258828163146973e+00;1.961834526062011719e+01;7.029420852661132812e+00;-1.291469931602478027e+00;2.899508237838745117e+00
6.896208286285400391e+00;6.493830680847167969e-01;1.233296394348144531e-01;2.099743127822875977e+00;3.275163888931274414e+00;-1.932896852493286133e+00
1.248745956420898438e+02;1.750986456871032715e+00;-1.784527301788330078e-01;-1.183801889419555664e+00;7.485165596008300781e+00;-5.170751094818115234e+00
5.983740997314453125e+01;1.377040266990661621e+00;-2.003407105803489685e-02;1.311395615339279175e-01;5.889906883239746094e+00;-3.931347131729125977e+00
-3.163137207031250000e+02;1.687696814537048340e+00;9.115119018554687500e+02;1.028092002868652344e+01;-4.028033256530761719e+00;6.550669193267822266e+00
-2.437793426513671875e+02;1.738682150840759277e+00;5.158167114257812500e+02;1.054184532165527344e+01;-3.894602775573730469e+00;6.111622333526611328e+00
4.605954742431640625e+01;1.286882758140563965e+00;1.260829344391822815e-02;4.011915326118469238e-01;5.517898559570312500e+00;-3.647150754928588867e+00
-1.826389133930206299e-01;-6.367114186286926270e-01;1.675792217254638672e+00;4.560783386230468750e+00;2.544095516204833984e-01;5.490964055061340332e-01
-5.559181213378906250e+01;1.416320800781250000e+00;4.520295715332031250e+01;7.780474662780761719e+00;-1.590654373168945312e+00;3.833202600479125977e+00
-3.932514343261718750e+02;1.066299796104431152e+00;1.508786376953125000e+03;1.049612998962402344e+01;-3.963870048522949219e+00;6.009136676788330078e+00
-3.232889404296875000e+02;1.754374861717224121e+00;9.568848266601562500e+02;1.031574058532714844e+01;-4.186739921569824219e+00;6.457283496856689453e+00
7.282734870910644531e+00;6.730676889419555664e-01;1.021573543548583984e-01;2.055289983749389648e+00;3.329576015472412109e+00;-1.957149028778076172e+00
-3.108503532409667969e+01;1.087741494178771973e+00;2.362269401550292969e+01;7.112310409545898438e+00;-1.508566260337829590e+00;3.099188089370727539e+00
-7.356335449218750000e+02;1.408558249473571777e+00;8.323426757812500000e+03;1.143839073181152344e+01;-7.674166679382324219e+00;8.435020446777343750e+00
-5.202239608764648438e+01;1.343748569488525391e+00;4.190084838867187500e+01;7.676815986633300781e+00;-1.623743772506713867e+00;3.728327989578247070e+00
-6.281579589843750000e+02;-5.620757341384887695e-01;5.214905761718750000e+03;9.870153427124023438e+00;-5.109286308288574219e+00;7.420204639434814453e+00
-1.407034606933593750e+02;1.651441097259521484e+00;1.802453002929687500e+02;8.676736831665039062e+00;-3.242747306823730469e+00;4.493975162506103516e+00
1.423448085784912109e+01;9.337478876113891602e-01;1.475848257541656494e-04;1.631207942962646484e+00;4.082035541534423828e+00;-2.381994009017944336e+00
-2.068436384201049805e+00;2.288150042295455933e-01;3.670101404190063477e+00;5.340671062469482422e+00;-1.440739035606384277e-01;1.225931167602539062e+00
7.236780548095703125e+01;1.450146079063415527e+00;-4.944347962737083435e-02;-1.243612319231033325e-01;6.197485923767089844e+00;-4.169751644134521484e+00
1.771687507629394531e+00;1.725941747426986694e-01;1.501228809356689453e-01;2.800609111785888672e+00;2.341898441314697266e+00;-1.298465251922607422e+00
-4.182799987792968750e+02;1.760902762413024902e+00;1.767078247070312500e+03;1.116962242126464844e+01;-3.597872734069824219e+00;6.916522979736328125e+00
-5.352243041992187500e+02;1.497087359428405762e+00;3.357637451171875000e+03;1.167008018493652344e+01;-6.222018241882324219e+00;8.368301391601562500e+00
-2.415411071777343750e+02;1.712514281272888184e+00;5.061556396484375000e+02;1.062914848327636719e+01;-3.696249961853027344e+00;6.107805728912353516e+00
-7.239048461914062500e+02;1.474892020225524902e+00;7.928190917968750000e+03;1.144376182556152344e+01;-7.507845878601074219e+00;8.382133483886718750e+00
-8.741809082031250000e+02;2.067359536886215210e-01;1.423702929687500000e+04;1.047842979431152344e+01;-9.803683280944824219e+00;8.663246154785156250e+00
6.514438629150390625e+01;1.402328848838806152e+00;-3.072094544768333435e-02;1.553325355052947998e-02;6.000229835510253906e+00;-4.019670009613037109e+00
-4.195542602539062500e+02;1.761046767234802246e+00;1.780361206054687500e+03;1.117224693298339844e+01;-3.664111137390136719e+00;6.926899433135986328e+00
-5.444803466796875000e+02;1.507550597190856934e+00;3.518974853515625000e+03;1.169614219665527344e+01;-6.380831718444824219e+00;8.465908050537109375e+00
8.220082855224609375e+01;1.504259467124938965e+00;-7.218480110168457031e-02;-3.273822665214538574e-01;6.429129600524902344e+00;-4.350937366485595703e+00
-2.719109802246093750e+02;1.252646803855895996e+00;6.522145996093750000e+02;1.030948448181152344e+01;-3.232222557067871094e+00;6.339491367340087891e+00
-3.243845520019531250e+02;1.766045928001403809e+00;9.642462768554687500e+02;1.032048606872558594e+01;-4.211855888366699219e+00;6.440447330474853516e+00
-1.778395538330078125e+02;1.609083533287048340e+00;2.769705200195312500e+02;9.621961593627929688e+00;-3.381890296936035156e+00;5.787210941314697266e+00
-7.650357666015625000e+02;1.220987677574157715e+00;9.380772460937500000e+03;1.137613487243652344e+01;-8.099154472351074219e+00;8.546638488769531250e+00
-1.714395599365234375e+02;1.608301758766174316e+00;2.587052612304687500e+02;9.476392745971679688e+00;-3.464692115783691406e+00;5.589439868927001953e+00
-1.587585806846618652e-01;-9.078966379165649414e-01;1.426098823547363281e+00;4.466666698455810547e+00;3.186669349670410156e-01;3.504070937633514404e-01
-3.638943195343017578e+00;4.053361713886260986e-01;4.702197074890136719e+00;5.626633167266845703e+00;-3.177342414855957031e-01;1.527832746505737305e+00
3.260466003417968750e+01;1.194270491600036621e+00;5.903792753815650940e-02;7.967093586921691895e-01;4.975260734558105469e+00;-3.202512979507446289e+00
-6.274342536926269531e-02;-1.773455500602722168e+00;1.159794092178344727e+00;4.232245922088623047e+00;3.653254210948944092e-01;1.383552849292755127e-01
-9.830548858642578125e+01;1.357794642448425293e+00;1.012684555053710938e+02;8.799840927124023438e+00;-2.494730949401855469e+00;4.511255741119384766e+00
-3.166214370727539062e+01;1.093364000320434570e+00;2.408302688598632812e+01;7.132518291473388672e+00;-1.533972978591918945e+00;3.125342130661010742e+00
-1.267814483642578125e+02;1.678480982780456543e+00;1.520053253173828125e+02;9.087015151977539062e+00;-2.687750816345214844e+00;4.327970981597900391e+00
-2.039465179443359375e+02;1.782398581504821777e+00;3.564850769042968750e+02;1.013034629821777344e+01;-2.920556068420410156e+00;6.561495304107666016e+00
9.768123626708984375e+01;1.596598029136657715e+00;-1.108810901641845703e-01;-6.360647082328796387e-01;6.820530891418457031e+00;-4.653363227844238281e+00
6.901906585693359375e+01;1.431534171104431152e+00;-4.176067933440208435e-02;-5.517120659351348877e-02;6.118231773376464844e+00;-4.107860565185546875e+00
-2.046197128295898438e+01;9.842245578765869141e-01;1.550964260101318359e+01;6.850066184997558594e+00;-1.058602094650268555e+00;2.659268856048583984e+00
-1.001055717468261719e+00;4.009358584880828857e-02;2.640436887741088867e+00;5.074227333068847656e+00;6.103186309337615967e-02;1.046458244323730469e+00
-6.008781433105468750e+01;1.513446807861328125e+00;4.999342346191406250e+01;7.954682350158691406e+00;-1.721398830413818359e+00;3.990999460220336914e+00
1.720550656318664551e-01;-6.416103839874267578e-01;5.581061840057373047e-01;3.471245050430297852e+00;1.162552237510681152e+00;-5.472426414489746094e-01
-2.348431396484375000e+01;1.034491300582885742e+00;1.772192573547363281e+01;6.965491294860839844e+00;-1.184672355651855469e+00;2.799998521804809570e+00
1.244352340698242188e+00;1.049260944128036499e-01;3.776762485504150391e-01;3.067222595214843750e+00;2.108585834503173828e+00;-1.001503467559814453e+00
5.659290313720703125e+01;1.352908492088317871e+00;-1.108479127287864685e-02;1.912601441144943237e-01;5.792729377746582031e+00;-3.858613729476928711e+00
-8.848206787109375000e+02;7.879100739955902100e-02;1.479687500000000000e+04;1.032852745056152344e+01;-9.981051445007324219e+00;8.647346496582031250e+00
5.437767505645751953e-02;-2.594246625900268555e+00;1.064812183380126953e+00;4.168588161468505859e+00;2.477932870388031006e-01;5.930292606353759766e-02
-1.665678405761718750e+01;9.651203751564025879e-01;1.280687522888183594e+01;6.696339130401611328e+00;-9.082343578338623047e-01;2.494356393814086914e+00
-2.557991180419921875e+02;1.585961699485778809e+00;5.718357543945312500e+02;1.039322471618652344e+01;-3.725695610046386719e+00;6.235817432403564453e+00
-9.745635223388671875e+01;1.367016434669494629e+00;9.991144561767578125e+01;8.804943084716796875e+00;-2.482313632965087891e+00;4.515546321868896484e+00
-5.500878906250000000e+01;1.388992190361022949e+00;4.466412353515625000e+01;7.756870269775390625e+00;-1.574522972106933594e+00;3.800013780593872070e+00
-1.031312789916992188e+02;1.390953063964843750e+00;1.091940917968750000e+02;8.882028579711914062e+00;-2.551356792449951172e+00;4.513443470001220703e+00
-2.154349517822265625e+02;2.308340787887573242e+00;3.994521179199218750e+02;1.011945152282714844e+01;-2.617995262145996094e+00;6.782732486724853516e+00
-6.579532623291015625e-01;-1.344455778598785400e-01;2.314976453781127930e+00;4.945117950439453125e+00;1.317169666290283203e-01;9.656897187232971191e-01
-4.371593017578125000e+02;1.748147368431091309e+00;1.974954589843750000e+03;1.115949058532714844e+01;-4.648592948913574219e+00;7.062213420867919922e+00
-7.071895141601562500e+02;1.560358405113220215e+00;7.390105468750000000e+03;1.143362998962402344e+01;-7.274630546569824219e+00;8.298484802246093750e+00
1.057228803634643555e+00;3.379635512828826904e-02;4.284398555755615234e-01;3.118988752365112305e+00;2.045446872711181641e+00;-9.364245533943176270e-01
-2.404001617431640625e+02;1.700230479240417480e+00;5.013083190917968750e+02;1.067080497741699219e+01;-3.597353935241699219e+00;6.104765415191650391e+00
-3.700856018066406250e+02;1.800675749778747559e+00;1.309242309570312500e+03;1.021738243103027344e+01;-4.854029655456542969e+00;5.720077037811279297e+00
6.829560852050781250e+01;1.426681876182556152e+00;-3.986858949065208435e-02;-4.124374687671661377e-02;6.098256111145019531e+00;-4.092684268951416016e+00
9.187209606170654297e-02;-9.432062506675720215e-01;6.760561466217041016e-01;3.632393598556518555e+00;9.244821667671203613e-01;-3.734030127525329590e-01
-1.291760406494140625e+02;1.698087096214294434e+00;1.566780242919921875e+02;9.058416366577148438e+00;-2.702881813049316406e+00;4.293449878692626953e+00
-1.643354492187500000e+02;1.597647309303283691e+00;2.391669158935546875e+02;9.297037124633789062e+00;-3.534674644470214844e+00;5.370508670806884766e+00
-4.073221683502197266e+00;4.431271851062774658e-01;4.998586654663085938e+00;5.725450515747070312e+00;-3.746879994869232178e-01;1.606646060943603516e+00
-8.682021331787109375e+01;1.460296034812927246e+00;8.411305999755859375e+01;8.665599822998046875e+00;-2.310688972473144531e+00;4.461113452911376953e+00
-3.755473327636718750e+01;1.129385590553283691e+00;2.882096290588378906e+01;7.138014793395996094e+00;-1.777093648910522461e+00;3.339644670486450195e+00
5.096742248535156250e+01;1.317249655723571777e+00;2.448800951242446899e-03;3.037784695625305176e-01;5.646197319030761719e+00;-3.746481895446777344e+00
4.671884155273437500e+01;1.291686415672302246e+00;1.122737303376197815e-02;3.893292546272277832e-01;5.538170814514160156e+00;-3.662603616714477539e+00
