8.404004096984863281e+00;-2.969214916229248047e+00;1.777103185653686523e+00;-3.528126525878906250e+02;-5.760232806205749512e-01;-3.713027238845825195e+00
4.221773147583007812e+00;1.450814247131347656e+00;8.892498016357421875e-01;6.006314849853515625e+01;1.575710058212280273e+00;4.635438919067382812e+00
1.252969264984130859e+00;-8.888902664184570312e-01;-4.896419048309326172e-01;-2.295252084732055664e+00;-3.411131501197814941e-01;-5.002050399780273438e-01
2.046427154541015625e+01;2.653189182281494141e+00;-1.158121299743652344e+01;-1.948417968750000000e+03;-8.380718231201171875e+00;4.031785011291503906e+00
2.380410003662109375e+01;4.594091892242431641e+00;-1.556628227233886719e+01;-2.427206298828125000e+03;-1.078092575073242188e+01;6.448739051818847656e+00
6.620492935180664062e-01;1.162597465515136719e+01;8.806489944458007812e+00;3.969086669921875000e+03;1.382292366027832031e+01;-4.241873741149902344e+00
6.455033302307128906e+00;3.473717212677001953e+00;2.946557760238647461e+00;1.220240234375000000e+03;6.492748737335205078e+00;4.668702125549316406e+00
1.537066698074340820e+00;-1.160883426666259766e+00;-8.582880496978759766e-01;1.347975373268127441e+00;-5.127930045127868652e-01;-8.626222610473632812e-03
4.506196022033691406e+00;6.999357700347900391e+00;5.036386489868164062e+00;2.354072021484375000e+03;1.004475402832031250e+01;2.282997846603393555e+00
6.002664566040039062e+00;-7.723479270935058594e-01;8.049323558807373047e-01;-2.539061584472656250e+02;-2.065151453018188477e+00;-3.355511903762817383e+00
-2.061810302734375000e+01;3.732935333251953125e+01;2.833172798156738281e+01;1.288276074218750000e+04;3.484638595581054688e+01;-4.073606109619140625e+01
4.683838844299316406e+00;7.079065799713134766e+00;4.896890640258789062e+00;2.357017333984375000e+03;1.027231884002685547e+01;2.797951459884643555e+00
-1.597161769866943359e+01;3.219515228271484375e+01;2.528363227844238281e+01;1.112443457031250000e+04;3.062511825561523438e+01;-3.309775543212890625e+01
9.927662849426269531e+00;-2.375104427337646484e+00;2.930810451507568359e-01;-5.399881591796875000e+02;-1.686416864395141602e+00;-3.206839799880981445e+00
3.327577590942382812e+00;7.096352577209472656e-01;1.312537908554077148e+00;4.036667633056640625e+01;1.097306489944458008e+00;3.399619817733764648e+00
6.363482475280761719e+00;-1.918786525726318359e+00;1.281530141830444336e+00;-2.945481872558593750e+02;-1.178932428359985352e+00;-3.857217073440551758e+00
-2.946038818359375000e+01;4.562509918212890625e+01;3.246398925781250000e+01;1.575874511718750000e+04;4.125384140014648438e+01;-5.537992095947265625e+01
5.092659950256347656e+00;4.577159881591796875e-02;2.752261877059936523e+00;1.789914855957031250e+02;1.102733373641967773e+00;5.080548286437988281e+00
5.068353271484375000e+01;5.496939182281494141e+00;-3.538214111328125000e+01;-7.141806640625000000e+03;-3.119271469116210938e+01;3.342623138427734375e+01
2.590807437896728516e+00;1.049922466278076172e+00;9.015183448791503906e-01;-2.204187583923339844e+01;-9.318005442619323730e-01;-3.042096853256225586e+00
7.330483436584472656e+00;1.503297328948974609e+00;1.975293874740600586e+00;4.729816589355468750e+02;4.322727680206298828e+00;5.948176383972167969e+00
1.549808979034423828e+01;9.553384780883789062e-02;-5.905317306518554688e+00;-1.269114868164062500e+03;-5.110065460205078125e+00;5.351188182830810547e-01
3.247289657592773438e+00;1.176126956939697266e+00;9.831860065460205078e-01;-3.269299316406250000e+01;-1.224959135055541992e+00;-3.515902280807495117e+00
5.234192848205566406e+00;5.376556873321533203e+00;4.221658706665039062e+00;1.849872436523437500e+03;8.300025939941406250e+00;2.955574750900268555e+00
3.578990936279296875e+00;1.235788345336914062e+00;1.033860921859741211e+00;-3.820478820800781250e+01;-1.233684301376342773e+00;-3.669904470443725586e+00
5.855175018310546875e+00;-7.998728752136230469e-01;9.478681087493896484e-01;-2.508461456298828125e+02;-2.055656671524047852e+00;-3.464308977127075195e+00
4.868702888488769531e+00;8.279335498809814453e-01;1.647007226943969727e+00;9.676866149902343750e+01;1.292593240737915039e+00;4.373813629150390625e+00
4.840773582458496094e+00;9.407393932342529297e-01;1.555039644241333008e+00;1.202075347900390625e+02;1.550091981887817383e+00;5.417648315429687500e+00
6.007881641387939453e+00;-1.154162883758544922e+00;1.895107030868530273e+00;-2.013265533447265625e+02;-2.598974466323852539e+00;-4.035531997680664062e+00
4.746787071228027344e+00;1.376674652099609375e+00;1.112523317337036133e+00;7.366438293457031250e+01;1.669981718063354492e+00;4.680642127990722656e+00
5.634469604492187500e+01;4.748037815093994141e+00;-3.938211059570312500e+01;-8.129611328125000000e+03;-3.570769882202148438e+01;3.969548797607421875e+01
7.332154273986816406e+00;1.854313373565673828e+00;1.801450490951538086e+00;4.733811645507812500e+02;4.898390293121337891e+00;6.747849464416503906e+00
2.281381607055664062e+00;-5.105869770050048828e-01;2.100609779357910156e+00;1.286312675476074219e+01;3.584135174751281738e-01;1.234539270401000977e+00
-1.210927963256835938e-01;1.327704429626464844e+01;9.662782669067382812e+00;4.485688476562500000e+03;1.556591415405273438e+01;-5.047888755798339844e+00
4.926857948303222656e+00;6.141532659530639648e-01;1.913565874099731445e+00;1.028316345214843750e+02;1.136651754379272461e+00;4.067073822021484375e+00
7.227349281311035156e+00;1.271066188812255859e+00;2.032962560653686523e+00;5.586899414062500000e+02;3.990174531936645508e+00;5.057740211486816406e+00
1.399939775466918945e+00;4.479043483734130859e-01;-1.255719661712646484e-01;-2.676266431808471680e+00;-1.748229861259460449e-01;-1.555923581123352051e+00
5.910755157470703125e+00;-1.063069820404052734e+00;1.070615530014038086e+00;-2.710614624023437500e+02;-1.288509607315063477e+00;-4.102566719055175781e+00
7.116745948791503906e+00;1.217449665069580078e+00;2.145025014877319336e+00;4.244975280761718750e+02;3.776180028915405273e+00;5.147664070129394531e+00
7.468523979187011719e-01;-2.023022174835205078e-01;-1.224811077117919922e-01;9.034751057624816895e-01;5.550549626350402832e-01;2.127116918563842773e+00
2.268247127532958984e+00;-1.433078050613403320e-01;1.745577335357666016e+00;1.604076957702636719e+01;4.795468449592590332e-01;2.017121553421020508e+00
6.303806304931640625e-01;-9.183046817779541016e-01;3.369076251983642578e-01;3.656385421752929688e+00;7.132869958877563477e-02;7.136654853820800781e-02
9.360369682312011719e+00;-3.414445400238037109e+00;1.955226659774780273e+00;-3.847677001953125000e+02;-3.440553545951843262e-01;-3.634324312210083008e+00
4.358808517456054688e+00;1.340672016143798828e+00;1.201361894607543945e+00;-5.048867034912109375e+01;-1.218437910079956055e+00;-4.005435466766357422e+00
1.522887134552001953e+01;-2.533864974975585938e-02;-5.613988876342773438e+00;-1.234312255859375000e+03;-4.951976776123046875e+00;3.494269847869873047e-01
1.820603847503662109e+00;1.669445037841796875e-01;1.371160745620727539e+00;1.696129035949707031e+01;6.455515027046203613e-01;2.741823434829711914e+00
5.061820030212402344e+00;1.506376266479492188e-01;2.594210386276245117e+00;1.631457824707031250e+02;1.097876787185668945e+00;4.839354515075683594e+00
-4.243834495544433594e+00;1.860367393493652344e+01;1.378338813781738281e+01;6.316764648437500000e+03;2.013827514648437500e+01;-1.171265316009521484e+01
6.440903663635253906e+00;3.188755512237548828e+00;2.921968221664428711e+00;1.146131225585937500e+03;6.091726303100585938e+00;4.421463966369628906e+00
9.979552268981933594e+00;-2.570806026458740234e+00;4.643037319183349609e-01;-5.223983154296875000e+02;-1.467689752578735352e+00;-3.208205461502075195e+00
5.158423423767089844e+00;3.941721916198730469e-01;1.077727317810058594e+00;-8.828186798095703125e+01;-1.749299287796020508e+00;-3.853018283843994141e+00
4.545684814453125000e+01;5.434225559234619141e+00;-3.010543632507324219e+01;-6.081667480468750000e+03;-2.518770980834960938e+01;2.725832366943359375e+01
2.647156715393066406e+00;9.493562698364257812e+00;6.891069412231445312e+00;3.203054443359375000e+03;1.222390079498291016e+01;-6.849434375762939453e-01
1.389413928985595703e+01;-5.853514671325683594e-01;-4.220594406127929688e+00;-1.067575317382812500e+03;-4.226497650146484375e+00;-5.697548389434814453e-01
6.754059791564941406e+00;1.278053283691406250e+00;2.199920415878295898e+00;3.635571594238281250e+02;3.789695501327514648e+00;5.494906425476074219e+00
2.296204566955566406e+00;1.006698417663574219e+01;7.252428054809570312e+00;3.390354736328125000e+03;1.277543163299560547e+01;-1.172217607498168945e+00
-1.254058742523193359e+01;2.801781272888183594e+01;2.189666938781738281e+01;9.664241210937500000e+03;2.729727554321289062e+01;-2.693399810791015625e+01
1.399104595184326172e+00;-3.614492416381835938e-01;1.432726383209228516e-01;-6.831380724906921387e-01;-2.911071181297302246e-01;-1.106044173240661621e+00
-5.375579833984375000e+01;6.904747772216796875e+01;4.440704345703125000e+01;2.389327734375000000e+04;5.916476821899414062e+01;-9.703385162353515625e+01
5.694581031799316406e+00;4.836988925933837891e+00;3.764413595199584961e+00;1.659693969726562500e+03;7.863522529602050781e+00;3.734726667404174805e+00
6.757843971252441406e+00;1.307295799255371094e+00;2.190555334091186523e+00;3.674624328613281250e+02;3.845842599868774414e+00;5.631079673767089844e+00
6.231156349182128906e+00;3.945658206939697266e+00;3.196199178695678711e+00;1.368308959960937500e+03;6.993198394775390625e+00;4.445565223693847656e+00
5.290955543518066406e+00;5.907919406890869141e+00;4.241479873657226562e+00;1.984905395507812500e+03;9.068166732788085938e+00;3.495140790939331055e+00
-1.119627952575683594e+00;1.429490470886230469e+01;1.062585639953613281e+01;4.856996582031250000e+03;1.629877090454101562e+01;-6.865180015563964844e+00
2.891162872314453125e+01;5.778173923492431641e+00;-1.776411247253417969e+01;-3.205396484375000000e+03;-1.242087936401367188e+01;1.056041812896728516e+01
7.044181823730468750e-01;-4.161846637725830078e-01;2.033154964447021484e-01;2.585228919982910156e+00;5.444715619087219238e-01;1.672493696212768555e+00
5.459290504455566406e+00;5.302490711212158203e+00;4.022638320922851562e+00;1.807208862304687500e+03;8.347728729248046875e+00;3.478127241134643555e+00
6.126519203186035156e+00;6.663455963134765625e-01;2.738476514816284180e+00;3.084853820800781250e+02;2.751273632049560547e+00;5.567751884460449219e+00
6.636765480041503906e+00;2.120255947113037109e+00;2.625581502914428711e+00;8.432296752929687500e+02;4.756478309631347656e+00;4.143300056457519531e+00
2.508250713348388672e+00;7.670788764953613281e-01;8.936593532562255859e-01;-1.447202873229980469e+01;-1.220472574234008789e+00;-2.750167846679687500e+00
6.894005775451660156e+00;1.519935131072998047e+00;2.054145574569702148e+00;3.906038513183593750e+02;4.226996421813964844e+00;6.041974067687988281e+00
6.049530982971191406e+00;-7.633471488952636719e-01;7.594354152679443359e-01;-2.548490600585937500e+02;-2.069092035293579102e+00;-3.320076227188110352e+00
1.094203090667724609e+01;-1.910542964935302734e+00;-8.121817111968994141e-01;-6.672005615234375000e+02;-2.266090631484985352e+00;-2.501685380935668945e+00
4.743775367736816406e+00;6.260767459869384766e+00;4.745805740356445312e+00;2.134297851562500000e+03;9.189100265502929688e+00;2.350960493087768555e+00
7.089432716369628906e+00;1.016181468963623047e+00;2.118886709213256836e+00;5.054118957519531250e+02;3.549934625625610352e+00;4.520821571350097656e+00
3.074212074279785156e+00;5.752211809158325195e-01;1.350183725357055664e+00;3.582083892822265625e+01;9.936588406562805176e-01;3.202944517135620117e+00
1.543294620513916016e+01;8.482217788696289062e-02;-5.871252059936523438e+00;-1.264542114257812500e+03;-5.112598419189453125e+00;4.848029613494873047e-01
4.809394836425781250e+00;1.188707351684570312e+00;1.354873418807983398e+00;-5.874127960205078125e+01;-1.374194860458374023e+00;-4.158983230590820312e+00
2.704085540771484375e+01;5.951315402984619141e+00;-1.821095085144042969e+01;-2.877135986328125000e+03;-1.232474899291992188e+01;8.962532997131347656e+00
2.940803050994873047e+00;1.111931324005126953e+00;9.491510391235351562e-01;-2.742304229736328125e+01;-1.208646059036254883e+00;-3.367445945739746094e+00
2.813907623291015625e+00;1.081356048583984375e+00;9.407734870910644531e-01;-2.516423797607421875e+01;-1.197205305099487305e+00;-3.302630186080932617e+00
5.905838012695312500e-01;-4.271925687789916992e-01;-1.363790035247802734e-01;9.666989445686340332e-01;5.234373211860656738e-01;1.675707101821899414e+00
1.249662876129150391e+00;-9.040633440017700195e-01;-1.397454738616943359e-01;-9.874485731124877930e-01;-3.906490206718444824e-01;-6.161346435546875000e-01
1.452614307403564453e+01;-3.300032615661621094e-01;-4.866132736206054688e+00;-1.144935913085937500e+03;-4.553813934326171875e+00;-1.341011524200439453e-01
6.165504455566406250e-03;1.275912284851074219e+01;9.493104934692382812e+00;4.335709960937500000e+03;1.494003105163574219e+01;-5.100287437438964844e+00
2.465734863281250000e+01;4.778357028961181641e+00;-1.612193107604980469e+01;-2.498779052734375000e+03;-1.087180709838867188e+01;7.083443641662597656e+00
1.006037235260009766e+01;-2.562669277191162109e+00;5.101048946380615234e-01;-5.279946899414062500e+02;-1.410656213760375977e+00;-3.111506700515747070e+00
4.776635169982910156e+00;1.464042901992797852e+00;1.031804323196411133e+00;7.283140563964843750e+01;1.677770376205444336e+00;4.748161315917968750e+00
9.456315040588378906e+00;-3.114083766937255859e+00;1.528667211532592773e+00;-4.249708557128906250e+02;-7.233507037162780762e-01;-3.547892808914184570e+00
5.736493110656738281e+00;1.067490577697753906e-01;3.113034963607788086e+00;2.493759613037109375e+02;1.755028486251831055e+00;4.652789115905761719e+00
2.381671428680419922e+00;4.878191947937011719e-01;7.348339557647705078e-01;-7.998603343963623047e+00;-9.706420302391052246e-01;-2.047629356384277344e+00
1.162714672088623047e+01;-1.586175441741943359e+00;-1.654993295669555664e+00;-7.651846923828125000e+02;-2.777572870254516602e+00;-2.067275285720825195e+00
7.489228248596191406e+00;1.583572864532470703e+00;1.914161443710327148e+00;5.089911193847656250e+02;4.512229442596435547e+00;6.241749763488769531e+00
3.057199478149414062e+00;5.083340406417846680e-01;1.409645557403564453e+00;3.462324523925781250e+01;9.562943577766418457e-01;3.074722528457641602e+00
7.279023170471191406e+00;1.973661899566650391e+00;2.070436239242553711e+00;7.389838867187500000e+02;4.984372138977050781e+00;5.691491127014160156e+00
5.141287326812744141e+00;7.794523239135742188e-02;8.465845584869384766e-01;-1.016174316406250000e+02;-1.836952447891235352e+00;-3.692066431045532227e+00
5.668659210205078125e-01;-7.033101320266723633e-01;1.857597827911376953e-01;2.767171859741210938e+00;3.557310700416564941e-01;8.729903697967529297e-01
2.499198436737060547e+00;8.722279071807861328e-01;8.989663124084472656e-01;-1.665695571899414062e+01;-1.139539480209350586e+00;-2.868875503540039062e+00
2.542695522308349609e+00;1.073093414306640625e+00;8.601984977722167969e-01;-2.192158889770507812e+01;-8.814374804496765137e-01;-2.995496749877929688e+00
4.259632110595703125e+00;1.334437370300292969e+00;1.163410425186157227e+00;-4.902483749389648438e+01;-1.277504205703735352e+00;-3.997467517852783203e+00
9.380800724029541016e-01;-8.851528167724609375e-01;-2.386848926544189453e-01;-2.195742428302764893e-01;8.162218332290649414e-02;6.494822502136230469e-01
7.376076698303222656e+00;1.286233425140380859e+00;1.916873693466186523e+00;5.474309082031250000e+02;4.106150627136230469e+00;5.445027351379394531e+00
5.874268531799316406e+00;-8.148703575134277344e-01;9.385564327239990234e-01;-2.530000610351562500e+02;-1.991712808609008789e+00;-3.509557008743286133e+00
3.373498535156250000e+01;5.765249729156494141e+00;-2.084876823425292969e+01;-3.980507812500000000e+03;-1.532894515991210938e+01;1.506751346588134766e+01
1.979584217071533203e+00;8.849549293518066406e-02;1.473469257354736328e+00;1.705557250976562500e+01;6.013520359992980957e-01;2.548933267593383789e+00
6.795273780822753906e+00;2.699406147003173828e+00;2.562726736068725586e+00;9.802750244140625000e+02;5.655602455139160156e+00;4.971726417541503906e+00
1.769822359085083008e+00;-7.321895360946655273e-01;-2.407884597778320312e-02;-6.514593958854675293e-01;-1.037945151329040527e-01;1.038485288619995117e+00
1.109031963348388672e+01;-1.758275508880615234e+00;-1.186617136001586914e+00;-7.082458496093750000e+02;-2.590458154678344727e+00;-2.446528673171997070e+00
5.671681404113769531e+00;1.394834518432617188e-01;3.146413564682006836e+00;2.570480041503906250e+02;1.835123777389526367e+00;5.173178672790527344e+00
1.166851520538330078e+01;-1.629514217376708984e+00;-1.724111795425415039e+00;-7.716510009765625000e+02;-2.826523065567016602e+00;-2.092456102371215820e+00
1.102478981018066406e+00;1.131461524963378906e+01;8.400255203247070312e+00;3.841845703125000000e+03;1.368936634063720703e+01;-3.336570024490356445e+00
1.388387680053710938e+00;-1.159511566162109375e+00;-7.576315402984619141e-01;8.179172873497009277e-01;-4.455260634422302246e-01;7.669615745544433594e-02
4.371875000000000000e+01;5.693319797515869141e+00;-2.899502372741699219e+01;-5.793273437500000000e+03;-2.397521591186523438e+01;2.540297698974609375e+01
2.322519540786743164e+00;7.891585826873779297e-01;6.872553825378417969e-01;-1.330544757843017578e+01;-8.980347514152526855e-01;-2.391176462173461914e+00
1.109532833099365234e+00;-9.165636301040649414e-01;-2.481601238250732422e-01;-6.917442679405212402e-01;3.525239229202270508e-02;6.583619117736816406e-01
2.927430152893066406e+00;9.462472915649414062e+00;6.652696609497070312e+00;3.166267089843750000e+03;1.236814785003662109e+01;1.354289054870605469e-02
5.155363559722900391e+00;5.978436470031738281e-01;1.238043785095214844e+00;-7.877816772460937500e+01;-1.678612947463989258e+00;-3.952409744262695312e+00
1.091165447235107422e+01;-1.895299434661865234e+00;-8.380377292633056641e-01;-6.694406738281250000e+02;-2.313850641250610352e+00;-2.531996965408325195e+00
2.182776451110839844e+00;1.921510696411132812e-02;1.576879024505615234e+00;1.774657630920410156e+01;5.655482411384582520e-01;2.361839532852172852e+00
5.748720169067382812e-01;-5.396846532821655273e-01;-1.834151744842529297e-01;6.730800271034240723e-01;4.727693200111389160e-01;1.451851606369018555e+00
1.945195007324218750e+01;2.141287326812744141e+00;-1.048252677917480469e+01;-1.815491455078125000e+03;-7.777462005615234375e+00;3.296883344650268555e+00
6.727651977539062500e+01;4.631094455718994141e+00;-5.051031494140625000e+01;-1.041887402343750000e+04;-4.889867782592773438e+01;5.310555267333984375e+01
1.165408611297607422e+00;5.616474151611328125e-01;-3.760788440704345703e-01;-3.616980075836181641e+00;-1.436926722526550293e-01;-1.548925161361694336e+00
-4.990350341796875000e+01;6.441466522216796875e+01;4.173590087890625000e+01;2.232431835937500000e+04;5.523530960083007812e+01;-9.068802642822265625e+01
5.420262336730957031e+00;-2.285356521606445312e-01;3.388011693954467773e+00;2.180227050781250000e+02;1.178310632705688477e+00;4.543495178222656250e+00
-1.199669837951660156e-01;-3.516254425048828125e-01;-3.173723936080932617e+00;8.984181284904479980e-01;-2.337235212326049805e-02;2.615535259246826172e-01
2.850606441497802734e+00;1.063226222991943359e+00;9.732198715209960938e-01;-2.541008949279785156e+01;-1.140499353408813477e+00;-3.279782056808471680e+00
2.144238471984863281e+00;-2.398450374603271484e-01;1.818084001541137695e+00;1.384552192687988281e+01;4.397323727607727051e-01;1.847713232040405273e+00
5.221169471740722656e+00;-4.088835716247558594e-01;3.339685201644897461e+00;1.865442504882812500e+02;7.389767765998840332e-01;4.194294929504394531e+00
5.843659400939941406e+00;3.111014366149902344e-01;2.998808622360229492e+00;2.726385192871093750e+02;2.127683401107788086e+00;5.174935340881347656e+00
2.885784149169921875e+01;5.757788181304931641e+00;-1.790131950378417969e+01;-3.147279052734375000e+03;-1.224648666381835938e+01;1.047539615631103516e+01
5.383637428283691406e+00;5.798941135406494141e+00;4.149774551391601562e+00;1.946538940429687500e+03;8.979950904846191406e+00;3.652207136154174805e+00
7.149071693420410156e+00;1.423614978790283203e+00;2.038806676864624023e+00;4.318398742675781250e+02;4.125795364379882812e+00;5.639512062072753906e+00
5.944710731506347656e+00;5.183806419372558594e-01;2.887254476547241211e+00;2.966338806152343750e+02;2.507459163665771484e+00;5.745079994201660156e+00
2.505157709121704102e+00;1.123908042907714844e+00;7.912006378173828125e-01;-2.251282691955566406e+01;-8.068773150444030762e-01;-2.943195343017578125e+00
2.382793426513671875e+00;-3.175993561744689941e-01;1.932231783866882324e+00;1.509808158874511719e+01;4.101980328559875488e-01;1.627295255661010742e+00
1.816106796264648438e+01;1.384840488433837891e+00;-8.866415023803710938e+00;-1.623428588867187500e+03;-6.767864227294921875e+00;2.395508527755737305e+00
6.175263404846191406e+00;3.943562030792236328e+00;3.243028402328491211e+00;1.373479248046875000e+03;6.953193664550781250e+00;4.300667762756347656e+00
2.573424530029296875e+01;5.668158054351806641e+00;-1.772689628601074219e+01;-2.689611083984375000e+03;-1.201093673706054688e+01;7.883111000061035156e+00
2.570510101318359375e+01;5.595221042633056641e+00;-1.759512138366699219e+01;-2.674968017578125000e+03;-1.188068771362304688e+01;7.872033119201660156e+00
-3.089842796325683594e+00;1.712033653259277344e+01;1.263080024719238281e+01;5.806224121093750000e+03;1.886855506896972656e+01;-9.842780113220214844e+00
6.119965553283691406e+00;4.205404758453369141e+00;3.323755025863647461e+00;1.448603393554687500e+03;7.276774883270263672e+00;4.354111671447753906e+00
1.254824399948120117e+00;-3.615627288818359375e-01;-1.620368957519531250e-01;-1.862980723381042480e+00;-2.775058150291442871e-01;-9.944869279861450195e-01
-3.847960472106933594e+00;1.818614768981933594e+01;1.339935493469238281e+01;6.165810058593750000e+03;1.982815551757812500e+01;-1.100345516204833984e+01
1.009349584579467773e+00;-9.593272209167480469e-01;-3.840363025665283203e-01;-1.096139311790466309e+00;-3.847187757492065430e-02;4.608714580535888672e-01
7.235085487365722656e+00;1.549862384796142578e+00;1.965001821517944336e+00;4.513512268066406250e+02;4.364099502563476562e+00;5.987183570861816406e+00
2.542008399963378906e+00;-1.124547719955444336e-01;1.798839092254638672e+00;1.953919410705566406e+01;5.340602993965148926e-01;1.996029615402221680e+00
-1.958580017089843750e-01;-1.770570278167724609e-01;-8.203704357147216797e-01;-2.158609151840209961e+00;-2.940171957015991211e-02;-6.734566688537597656e-01
5.794873237609863281e-01;8.778898715972900391e-01;-1.187363862991333008e+00;-6.420312881469726562e+00;1.270435452461242676e-01;-1.222218513488769531e+00
6.007193088531494141e+00;-9.349608421325683594e-01;1.341181516647338867e+00;-2.244372100830078125e+02;-2.449154138565063477e+00;-3.602639436721801758e+00
2.744385719299316406e+00;9.777803421020507812e+00;6.843034744262695312e+00;3.268250244140625000e+03;1.267807579040527344e+01;-2.288734912872314453e-01
4.924641132354736328e+00;-3.562226295471191406e-01;4.491622447967529297e-01;-1.173915328979492188e+02;-1.819905519485473633e+00;-3.405355215072631836e+00
9.666934013366699219e-01;-1.056207418441772461e-01;2.061846256256103516e-01;2.377869367599487305e+00;5.605905652046203613e-01;2.298923254013061523e+00
6.382412910461425781e-01;-8.848546743392944336e-01;-4.464385509490966797e-01;-5.573745369911193848e-01;4.203015565872192383e-02;4.349532127380371094e-01
5.470154762268066406e+00;5.299911975860595703e+00;4.013277053833007812e+00;1.805425659179687500e+03;8.351257324218750000e+00;3.503693342208862305e+00
1.107046222686767578e+01;-1.841538906097412109e+00;-9.884016513824462891e-01;-6.874483642578125000e+02;-2.382210016250610352e+00;-2.423667192459106445e+00
5.959544181823730469e+00;-9.505591392517089844e-01;9.326369762420654297e-01;-2.689369812011718750e+02;-1.465809106826782227e+00;-3.929404497146606445e+00
1.998091125488281250e+01;2.343801975250244141e+00;-1.094241905212402344e+01;-1.872668579101562500e+03;-7.964138031005859375e+00;3.693215131759643555e+00
1.579041481018066406e+00;1.123793983459472656e+01;7.991762161254882812e+00;3.772953857421875000e+03;1.390174484252929688e+01;-2.166831254959106445e+00
6.514580726623535156e+00;9.250626564025878906e-01;2.434028387069702148e+00;3.258367614746093750e+02;3.160108327865600586e+00;4.883948326110839844e+00
2.223105430603027344e+00;3.999295234680175781e-01;6.218407154083251953e-01;-4.865031242370605469e+00;-7.834596037864685059e-01;-1.922006487846374512e+00
4.914470672607421875e+00;1.075546264648437500e+00;1.369167089462280273e+00;-6.286479187011718750e+01;-1.445932149887084961e+00;-4.132878303527832031e+00
8.894000053405761719e-01;-9.390655755996704102e-01;7.924678325653076172e-01;5.411509037017822266e+00;8.931189775466918945e-02;5.958962440490722656e-02
1.221131324768066406e+00;1.117276573181152344e+01;8.283800125122070312e+00;3.792257568359375000e+03;1.357407951354980469e+01;-3.134330034255981445e+00
6.225887298583984375e+00;-6.359152793884277344e-01;2.446767568588256836e+00;-1.407916717529296875e+02;-1.859581232070922852e+00;-4.027533531188964844e+00
6.197945594787597656e+00;6.474189758300781250e-01;2.698035955429077148e+00;3.023992614746093750e+02;2.696576595306396484e+00;5.086134910583496094e+00
6.851623535156250000e+00;-2.151422023773193359e+00;1.294128179550170898e+00;-3.090553894042968750e+02;-1.044258356094360352e+00;-3.767346620559692383e+00
9.933363914489746094e+00;-2.481626033782958984e+00;4.056680202484130859e-01;-5.287890014648437500e+02;-1.563129663467407227e+00;-3.219157457351684570e+00
3.679709434509277344e+00;7.224607467651367188e-01;1.426811933517456055e+00;4.392577362060546875e+01;1.145392179489135742e+00;3.329017400741577148e+00
5.887551307678222656e+00;-8.034186363220214844e-01;9.212281703948974609e-01;-2.524272766113281250e+02;-2.024069070816040039e+00;-3.471097230911254883e+00
1.410022449493408203e+01;-5.065703392028808594e-01;-4.423063278198242188e+00;-1.091941528320312500e+03;-4.324214935302734375e+00;-4.267723560333251953e-01
6.797523498535156250e-01;-7.791484594345092773e-01;-2.829148769378662109e-01;2.687007933855056763e-02;1.783190369606018066e-01;7.421200275421142578e-01
1.718451976776123047e+00;-3.757863044738769531e-01;1.552742481231689453e+00;7.735709667205810547e+00;4.062650799751281738e-01;1.630921602249145508e+00
3.669770812988281250e+01;5.529287815093994141e+00;-2.261929130554199219e+01;-4.450381347656250000e+03;-1.704964828491210938e+01;1.784699249267578125e+01
9.203143119812011719e-01;-4.117858409881591797e-02;1.032125949859619141e-01;2.026041746139526367e+00;5.821488499641418457e-01;2.440923452377319336e+00
2.963636875152587891e+00;1.095564365386962891e+00;9.761266708374023438e-01;-2.753443527221679688e+01;-1.137144804000854492e+00;-3.330308437347412109e+00
4.478241920471191406e+00;6.277758121490478516e+00;4.970994949340820312e+00;2.165930175781250000e+03;9.035865783691406250e+00;1.681618452072143555e+00
5.111592292785644531e+00;-1.555061340332031250e-02;2.859845876693725586e+00;1.973964843750000000e+02;1.162897348403930664e+00;5.507520675659179688e+00
8.215899467468261719e-01;-6.014025211334228516e-01;-1.700017452239990234e-01;-4.060932099819183350e-01;-2.468306422233581543e-01;-8.480851650238037109e-01
1.808548927307128906e+00;4.887392520904541016e-01;1.934449672698974609e-01;-4.836627483367919922e+00;-4.532918334007263184e-01;-1.754060506820678711e+00
8.015804290771484375e-01;8.724706172943115234e-01;-1.003138780593872070e+00;-6.858216285705566406e+00;5.578523874282836914e-02;-1.311728596687316895e+00
2.618774414062500000e+01;5.595037937164306641e+00;-1.779942131042480469e+01;-2.702849609375000000e+03;-1.180707931518554688e+01;8.214730262756347656e+00
1.911570739746093750e+01;1.904760837554931641e+00;-9.993864059448242188e+00;-1.758152221679687500e+03;-7.438167572021484375e+00;3.068741559982299805e+00
9.422170639038085938e+00;-3.314666271209716797e+00;1.786428213119506836e+00;-4.003504638671875000e+02;-4.768621325492858887e-01;-3.590865373611450195e+00
6.382237434387207031e+00;1.021308898925781250e+00;2.494199514389038086e+00;3.456673278808593750e+02;3.380805015563964844e+00;6.103028297424316406e+00
5.082569122314453125e-01;-6.735103130340576172e-01;-2.438805103302001953e-01;5.642597079277038574e-01;3.291290402412414551e-01;9.976768493652343750e-01
8.372247219085693359e-01;-9.035650491714477539e-01;-3.351309299468994141e-01;-4.389854967594146729e-01;4.747468233108520508e-02;5.359084606170654297e-01
5.378251075744628906e+00;-3.150253295898437500e-01;3.433767080307006836e+00;2.080441894531250000e+02;1.019634008407592773e+00;4.304376602172851562e+00
1.857492065429687500e+01;1.721243381500244141e+00;-9.560178756713867188e+00;-1.703706420898437500e+03;-7.288600921630859375e+00;2.661461591720581055e+00
2.850941896438598633e+00;1.139237403869628906e+00;8.880813121795654297e-01;-2.719893455505371094e+01;-9.471794962882995605e-01;-3.174522399902343750e+00
3.235962867736816406e+00;9.223669052124023438e+00;6.366151809692382812e+00;3.071706298828125000e+03;1.224668121337890625e+01;6.343009471893310547e-01
1.497053146362304688e+00;-1.256008148193359375e+00;-4.455578327178955078e-01;1.352447986602783203e+00;-4.440531134605407715e-01;-1.524243354797363281e-01
2.706617355346679688e+00;1.062873363494873047e+00;9.247286319732666016e-01;-2.372369575500488281e+01;-1.001696348190307617e+00;-3.134912252426147461e+00
2.439221620559692383e+00;6.578595638275146484e-01;8.114635944366455078e-01;-1.128343582153320312e+01;-1.031266689300537109e+00;-2.331195354461669922e+00
2.961260795593261719e+00;6.222381591796875000e-01;1.259861707687377930e+00;3.541217041015625000e+01;1.001785516738891602e+00;3.328588247299194336e+00
-8.626524925231933594e+00;2.451828575134277344e+01;1.818173408508300781e+01;8.331098632812500000e+03;2.528496170043945312e+01;-1.881491851806640625e+01
1.463210391998291016e+01;-2.456984519958496094e-01;-5.056097030639648438e+00;-1.166543334960937500e+03;-4.700222015380859375e+00;-7.322621345520019531e-02
6.078598976135253906e+00;-1.038209438323974609e+00;1.559271574020385742e+00;-2.144224548339843750e+02;-2.520689249038696289e+00;-3.785920381546020508e+00
-3.858946800231933594e+00;1.784576988220214844e+01;1.336642646789550781e+01;6.076827148437500000e+03;1.935338973999023438e+01;-1.128217220306396484e+01
3.983644485473632812e+00;1.108714818954467773e+00;1.148742675781250000e+00;5.265844726562500000e+01;1.376586198806762695e+00;4.016896247863769531e+00
