9.558839103411053140e-01;1.496469000000001139e-02;1.238177430868392381e+00;-3.026433099999999987e-01;7.733754430000014501e+00;7.922511550000013614e+00
9.281970695323167320e-01;1.496469000000001139e-02;4.073485674286656533e-01;-3.026433099999999987e-01;7.733754430000014501e+00;7.922511550000013614e+00
8.215508894927943118e-01;1.496469000000001139e-02;-6.801333276899028668e-01;-3.026433099999999987e-01;7.733754430000014501e+00;7.922511550000013614e+00
-1.622486000000002149e-02;1.496469000000001139e-02;-2.684152380000002225e+00;3.580367968259126066e+00;7.733754430000014501e+00;7.922511550000013614e+00
-1.622486000000002149e-02;1.496469000000001139e-02;-2.684152380000002225e+00;4.138194331780302271e+00;7.733754430000014501e+00;7.922511550000013614e+00
-1.622486000000002149e-02;1.496469000000001139e-02;-2.684152380000002225e+00;4.763820535450914662e+00;7.733754430000014501e+00;7.922511550000013614e+00
-1.622486000000002149e-02;1.496469000000001139e-02;-2.311971568960939472e+00;4.816877419790468018e+00;7.733754430000014501e+00;7.922511550000013614e+00
-1.622486000000002149e-02;1.496469000000001139e-02;-2.684152380000002225e+00;1.211190562139848304e+01;1.367508510997971172e+01;7.922511550000013614e+00
2.323300628707384852e-01;1.496469000000001139e-02;-2.684152380000002225e+00;2.449281818852363202e+01;2.695237419317940919e+01;7.922511550000013614e+00
5.355566030337304273e-01;1.496469000000001139e-02;-2.550696222896838172e+00;4.327033165907693935e+00;7.843309029012102584e+00;7.922511550000013614e+00
-1.622486000000002149e-02;1.496469000000001139e-02;-2.684152380000002225e+00;1.333853224484829170e+01;1.383102124273786870e+01;7.922511550000013614e+00
-1.622486000000002149e-02;1.496469000000001139e-02;-2.684152380000002225e+00;3.285940010918030341e-01;7.733754430000014501e+00;7.922511550000013614e+00
-1.622486000000002149e-02;1.496469000000001139e-02;4.755226285541085396e+00;-3.026433099999999987e-01;8.192910481759334118e+00;7.922511550000013614e+00
-1.622486000000002149e-02;1.496469000000001139e-02;-2.684152380000002225e+00;2.645148512072391878e+00;7.733754430000014501e+00;7.922511550000013614e+00
-1.622486000000002149e-02;1.496469000000001139e-02;-2.684152380000002225e+00;3.513379521318633181e+00;7.733754430000014501e+00;7.922511550000013614e+00
6.873628244933579490e-01;1.496469000000001139e-02;-1.435077254239947031e+00;-3.026433099999999987e-01;7.733754430000014501e+00;7.922511550000013614e+00
-1.622486000000002149e-02;1.496469000000001139e-02;1.286720144905896035e+01;-3.026433099999999987e-01;1.496729002951584775e+01;7.922511550000013614e+00
7.100360083001148181e-01;1.496469000000001139e-02;-2.684152380000002225e+00;5.045425719970303646e+00;8.010704658688409197e+00;7.922511550000013614e+00
-1.622486000000002149e-02;1.496469000000001139e-02;-2.684152380000002225e+00;5.660771075232658989e-01;7.733754430000014501e+00;7.922511550000013614e+00
-1.622486000000002149e-02;1.496469000000001139e-02;-2.684152380000002225e+00;2.336967260129657831e+00;7.733754430000014501e+00;7.922511550000013614e+00
-1.622486000000002149e-02;1.496469000000001139e-02;-2.684152380000002225e+00;1.508192814748067612e+01;1.593444910490468303e+01;7.922511550000013614e+00
1.780389129757342204e+00;1.496469000000001139e-02;-2.684152380000002225e+00;2.195793643293999153e+01;2.312942751503351957e+01;7.922511550000013614e+00
-1.622486000000002149e-02;1.496469000000001139e-02;6.221499577873384368e+00;-3.026433099999999987e-01;1.015214849091456628e+01;7.922511550000013614e+00
1.024907873682608522e-01;1.496469000000001139e-02;-2.684152380000002225e+00;6.488529111735594768e+00;7.733754430000014501e+00;7.922511550000013614e+00
-1.622486000000002149e-02;1.496469000000001139e-02;-2.684152380000002225e+00;1.197171686574033700e+01;1.321076810787035782e+01;7.922511550000013614e+00
-1.622486000000002149e-02;1.496469000000001139e-02;1.408435165475753159e+01;-3.026433099999999987e-01;1.592805101011327551e+01;7.922511550000013614e+00
-1.622486000000002149e-02;1.496469000000001139e-02;5.225547409660436848e+00;-3.026433099999999987e-01;9.076504845857892079e+00;7.922511550000013614e+00
4.923149231907089085e-01;1.496469000000001139e-02;-2.684152380000002225e+00;9.612602870060893423e+00;1.149912482465848562e+01;7.922511550000013614e+00
-1.622486000000002149e-02;1.496469000000001139e-02;-2.684152380000002225e+00;3.285940010918030341e-01;7.733754430000014501e+00;7.922511550000013614e+00
-1.622486000000002149e-02;1.496469000000001139e-02;-2.684152380000002225e+00;4.086937799618852729e+00;7.733754430000014501e+00;7.922511550000013614e+00
-1.622486000000002149e-02;1.496469000000001139e-02;-2.684152380000002225e+00;3.317066756194519961e+00;7.733754430000014501e+00;7.922511550000013614e+00
-1.622486000000002149e-02;1.496469000000001139e-02;-2.684152380000002225e+00;3.285939275960414463e-01;7.733754430000014501e+00;7.922511550000013614e+00
8.021949505007350822e-01;1.496469000000001139e-02;1.264792503597269580e+00;-3.026433099999999987e-01;7.733754430000014501e+00;7.922511550000013614e+00
-1.622486000000002149e-02;1.496469000000001139e-02;-2.684152380000002225e+00;2.468327410911803188e+00;7.733754430000014501e+00;7.922511550000013614e+00
-1.622486000000002149e-02;1.496469000000001139e-02;-2.684152380000002225e+00;6.242423556039642385e+00;7.733754430000014501e+00;7.922511550000013614e+00
6.140538897946402619e-01;1.496469000000001139e-02;2.436650135304227582e+00;-3.026433099999999987e-01;7.733754430000014501e+00;7.922511550000013614e+00
6.490625061770797233e-01;1.496469000000001139e-02;-1.564613159547220578e+00;-3.026433099999999987e-01;7.733754430000014501e+00;7.922511550000013614e+00
-1.622486000000002149e-02;1.496469000000001139e-02;-2.684152380000002225e+00;2.596651304787440662e+00;7.733754430000014501e+00;7.922511550000013614e+00
7.271982699492606228e-01;1.496469000000001139e-02;1.139870548142677187e+00;-3.026433099999999987e-01;7.733754430000014501e+00;7.922511550000013614e+00
2.017175587332777353e-01;1.496469000000001139e-02;-2.684152380000002225e+00;-1.488043007980899279e-02;7.733754430000014501e+00;7.922511550000013614e+00
-1.622486000000002149e-02;1.496469000000001139e-02;4.168207875466508838e+00;-3.026433099999999987e-01;7.733754430000014501e+00;7.922511550000013614e+00
-1.622486000000002149e-02;1.496469000000001139e-02;1.364143965683918935e+00;-3.026433099999999987e-01;7.733754430000014501e+00;7.922511550000013614e+00
-1.622486000000002149e-02;1.496469000000001139e-02;9.856559507253965791e+00;-3.026433099999999987e-01;1.273093691207598610e+01;7.922511550000013614e+00
4.645643620166345911e-01;1.496469000000001139e-02;-2.684152380000002225e+00;4.375822625059616611e-01;7.733754430000014501e+00;7.922511550000013614e+00
5.154325075121247712e-01;1.496469000000001139e-02;2.741888424036042160e+00;-3.026433099999999987e-01;7.733754430000014501e+00;7.922511550000013614e+00
9.499534919776726483e-01;1.496469000000001139e-02;6.831057884584410544e-01;-3.026433099999999987e-01;7.733754430000014501e+00;7.922511550000013614e+00
1.164477937709749306e-01;1.496469000000001139e-02;-2.684152380000002225e+00;2.606222135785707383e-02;7.733754430000014501e+00;7.922511550000013614e+00
6.245817530389650152e-01;1.496469000000001139e-02;2.364057441591278064e+00;-3.026433099999999987e-01;7.733754430000014501e+00;7.922511550000013614e+00
-1.622486000000002149e-02;1.496469000000001139e-02;-2.684152380000002225e+00;3.217737528267579972e+00;7.733754430000014501e+00;7.922511550000013614e+00
-1.622486000000002149e-02;1.496469000000001139e-02;1.221545313635098218e+01;-3.026433099999999987e-01;1.409156348798754443e+01;7.922511550000013614e+00
-1.622486000000002149e-02;1.496469000000001139e-02;1.468243169691925409e+01;-3.026433099999999987e-01;1.728534495604534982e+01;7.922511550000013614e+00
-1.622486000000002149e-02;1.496469000000001139e-02;5.933643183549561329e+00;-3.026433099999999987e-01;8.828520275932838501e+00;7.922511550000013614e+00
1.504755700783138445e-02;1.496469000000001139e-02;-2.684152380000002225e+00;5.436438459224232744e+00;7.733754430000014501e+00;7.922511550000013614e+00
-1.622486000000002149e-02;1.496469000000001139e-02;-2.684152380000002225e+00;3.285940010918030341e-01;7.733754430000014501e+00;7.922511550000013614e+00
-1.622486000000002149e-02;1.496469000000001139e-02;-2.684152380000002225e+00;4.828809603690675800e+00;7.733754430000014501e+00;7.922511550000013614e+00
8.836597726700109456e-01;1.496469000000001139e-02;-2.684152380000002225e+00;1.255953361578944616e+01;1.208473189300179129e+01;7.922511550000013614e+00
-1.622486000000002149e-02;1.496469000000001139e-02;-2.684152380000002225e+00;3.297078848848134403e+00;7.733754430000014501e+00;7.922511550000013614e+00
-1.622486000000002149e-02;1.496469000000001139e-02;8.688498079878081981e+00;-3.026433099999999987e-01;1.192899941893693594e+01;7.922511550000013614e+00
-1.622486000000002149e-02;1.496469000000001139e-02;-2.684152380000002225e+00;5.689859962747829680e-01;7.733754430000014501e+00;7.922511550000013614e+00
-1.622486000000002149e-02;1.496469000000001139e-02;1.285602720650729758e+01;-3.026433099999999987e-01;1.545929877423865229e+01;7.922511550000013614e+00
-1.622486000000002149e-02;1.496469000000001139e-02;-2.684152380000002225e+00;9.732159193261257224e-01;7.733754430000014501e+00;7.922511550000013614e+00
-1.622486000000002149e-02;1.496469000000001139e-02;6.376512574379466614e+00;-3.026433099999999987e-01;9.489836916042031945e+00;7.922511550000013614e+00
-1.622486000000002149e-02;1.496469000000001139e-02;-2.684152380000002225e+00;1.499242324500897183e+01;1.581501167581626532e+01;7.922511550000013614e+00
3.660220942463510152e-01;1.496469000000001139e-02;-2.684152380000002225e+00;2.305304436767477982e-01;7.733754430000014501e+00;7.922511550000013614e+00
-1.622486000000002149e-02;1.496469000000001139e-02;4.474928868647757518e+00;-3.026433099999999987e-01;7.959667306548455556e+00;7.922511550000013614e+00
-1.622486000000002149e-02;1.496469000000001139e-02;-2.684152380000002225e+00;1.047517635528309565e+00;7.733754430000014501e+00;7.922511550000013614e+00
8.470518982720760537e-01;1.496469000000001139e-02;-2.684152380000002225e+00;1.228953370602231487e+01;1.300103469182274374e+01;7.922511550000013614e+00
8.620373591245901190e-01;1.496469000000001139e-02;-2.684152380000002225e+00;1.126514625193541619e+01;1.097348064230351383e+01;7.922511550000013614e+00
-1.622486000000002149e-02;1.496469000000001139e-02;5.039307883252350351e+00;-3.026433099999999987e-01;9.818669059982035208e+00;7.922511550000013614e+00
3.143238572851154988e-02;1.496469000000001139e-02;-2.684152380000002225e+00;1.905572521234605787e+01;1.992439445164031397e+01;7.922511550000013614e+00
6.432597109933674284e-01;1.496469000000001139e-02;1.878052377724184652e+00;-3.026433099999999987e-01;7.733754430000014501e+00;7.922511550000013614e+00
6.484101592448563434e-01;1.496469000000001139e-02;1.977615864201051288e+00;-3.026433099999999987e-01;7.733754430000014501e+00;7.922511550000013614e+00
-1.622486000000002149e-02;1.496469000000001139e-02;1.169384029169689043e+01;-3.026433099999999987e-01;1.434760115332189834e+01;7.922511550000013614e+00
7.419995483858664587e-01;1.496469000000001139e-02;-1.238125070882138523e+00;-3.026433099999999987e-01;7.733754430000014501e+00;7.922511550000013614e+00
-1.622486000000002149e-02;1.496469000000001139e-02;1.405682778038925740e+01;-3.026433099999999987e-01;1.650031660914653031e+01;7.922511550000013614e+00
9.094100982113911824e-01;1.496469000000001139e-02;-2.684152380000002225e+00;7.440979502256589662e+00;8.242992818794689924e+00;7.922511550000013614e+00
9.095121785102525669e-01;1.496469000000001139e-02;1.827657643664291065e-01;-3.026433099999999987e-01;7.733754430000014501e+00;7.922511550000013614e+00
-1.622486000000002149e-02;1.496469000000001139e-02;3.541968765535112418e+00;-3.026433099999999987e-01;7.809092338337364048e+00;7.922511550000013614e+00
1.191886993139312345e+00;1.496469000000001139e-02;-2.684152380000002225e+00;9.878208321245677936e+00;9.419495648739317772e+00;7.922511550000013614e+00
-1.622486000000002149e-02;1.496469000000001139e-02;-2.684152380000002225e+00;4.491122743264047479e+00;7.733754430000014501e+00;7.922511550000013614e+00
-1.622486000000002149e-02;1.496469000000001139e-02;1.388231088603450125e+01;-3.026433099999999987e-01;1.634933033158295856e+01;7.922511550000013614e+00
4.516320014377352421e-01;1.496469000000001139e-02;-2.684152380000002225e+00;6.243848785850133254e+00;7.733754430000014501e+00;7.922511550000013614e+00
9.645455924649584123e-01;1.496469000000001139e-02;-2.684152380000002225e+00;2.224888557461627769e+01;2.399436233569517185e+01;7.922511550000013614e+00
1.103203296716417370e+00;1.496469000000001139e-02;-2.684152380000002225e+00;7.454492139015955310e+00;7.733754430000014501e+00;7.922511550000013614e+00
-1.622486000000002149e-02;1.496469000000001139e-02;-2.684152380000002225e+00;1.120794673821156273e+00;7.733754430000014501e+00;7.922511550000013614e+00
-1.622486000000002149e-02;1.496469000000001139e-02;-2.684152380000002225e+00;5.341217938358229667e+00;7.733754430000014501e+00;7.922511550000013614e+00
7.027263199825848350e-01;1.496469000000001139e-02;-2.684152380000002225e+00;4.928808524998039786e+00;8.084563418207450169e+00;7.922511550000013614e+00
1.174055416787086914e+00;1.496469000000001139e-02;-8.800528261132947172e-01;-3.026433099999999987e-01;7.733754430000014501e+00;7.922511550000013614e+00
-1.622486000000002149e-02;1.496469000000001139e-02;-2.684152380000002225e+00;3.398228419800354505e+00;7.733754430000014501e+00;7.922511550000013614e+00
9.514957346341078592e-01;1.496469000000001139e-02;2.777798791229546538e-02;-3.026433099999999987e-01;7.733754430000014501e+00;7.922511550000013614e+00
1.170369761528285757e+00;1.496469000000001139e-02;-2.684152380000002225e+00;1.066534557696987662e+01;1.005805379485160600e+01;7.922511550000013614e+00
-1.622486000000002149e-02;1.496469000000001139e-02;-2.684152380000002225e+00;1.836371146308244562e+01;1.948209740702983694e+01;7.922511550000013614e+00
9.209275656398522303e-01;1.496469000000001139e-02;-2.512208895621066418e-01;-3.026433099999999987e-01;7.733754430000014501e+00;7.922511550000013614e+00
-1.622486000000002149e-02;1.496469000000001139e-02;-2.684152380000002225e+00;4.107761206784012131e+00;7.733754430000014501e+00;7.922511550000013614e+00
-1.622486000000002149e-02;1.496469000000001139e-02;-2.684152380000002225e+00;5.007384313724939418e+00;7.733754430000014501e+00;7.922511550000013614e+00
2.722951840592877093e-01;1.496469000000001139e-02;-2.573074473526588690e+00;-2.355869529757150249e-01;7.733754430000014501e+00;7.922511550000013614e+00
-1.622486000000002149e-02;1.496469000000001139e-02;2.885406355469165796e+00;-3.026433099999999987e-01;7.733754430000014501e+00;7.922511550000013614e+00
-1.622486000000002149e-02;1.496469000000001139e-02;5.012690171215711032e+00;-3.026433099999999987e-01;8.454952063769026083e+00;7.922511550000013614e+00
-1.622486000000002149e-02;1.496469000000001139e-02;1.319501051125894442e+01;-3.026433099999999987e-01;1.573849586381111720e+01;7.922511550000013614e+00
9.731013628578213392e-01;1.496469000000001139e-02;9.605234273269607215e-01;-3.026433099999999987e-01;7.733754430000014501e+00;7.922511550000013614e+00
6.687999007273953689e-01;1.496469000000001139e-02;-2.601742634437917978e+00;4.618335087240042824e+00;7.957023484577818273e+00;7.922511550000013614e+00
-1.622486000000002149e-02;1.496469000000001139e-02;-2.684152380000002225e+00;1.506034156032623628e+01;1.597244933521286470e+01;7.922511550000013614e+00
-1.622486000000002149e-02;1.496469000000001139e-02;-2.684152380000002225e+00;6.031109130024534970e+00;7.733754430000014501e+00;7.922511550000013614e+00
-1.622486000000002149e-02;1.496469000000001139e-02;-2.684152380000002225e+00;6.347974820877387847e-01;7.733754430000014501e+00;7.922511550000013614e+00
-1.622486000000002149e-02;1.496469000000001139e-02;-2.684152380000002225e+00;9.822685392837261498e-01;7.733754430000014501e+00;7.922511550000013614e+00
-1.622486000000002149e-02;1.496469000000001139e-02;-2.684152380000002225e+00;3.960156434789345870e+00;7.733754430000014501e+00;7.922511550000013614e+00
-1.622486000000002149e-02;1.496469000000001139e-02;-2.684152380000002225e+00;3.285940010918030341e-01;7.733754430000014501e+00;7.922511550000013614e+00
-1.622486000000002149e-02;1.496469000000001139e-02;-2.684152380000002225e+00;6.848582382066618068e-01;7.733754430000014501e+00;7.922511550000013614e+00
6.834477850419856670e-01;1.496469000000001139e-02;-1.448334790385115589e+00;-3.026433099999999987e-01;7.733754430000014501e+00;7.922511550000013614e+00
7.741659263130106217e-01;1.496469000000001139e-02;-1.059804787414066807e+00;-3.026433099999999987e-01;7.733754430000014501e+00;7.922511550000013614e+00
-1.622486000000002149e-02;1.496469000000001139e-02;-2.684152380000002225e+00;3.332136327169306078e+00;7.733754430000014501e+00;7.922511550000013614e+00
7.696798666375785913e-01;1.496469000000001139e-02;-2.684152380000002225e+00;1.065719636691484240e+01;1.097234373042243760e+01;7.922511550000013614e+00
-1.622486000000002149e-02;1.496469000000001139e-02;-2.684152380000002225e+00;1.324401669532831960e+01;1.422629721785793677e+01;7.922511550000013614e+00
-1.622486000000002149e-02;1.496469000000001139e-02;-2.684152380000002225e+00;1.642248731272011497e+01;1.698547833400128937e+01;7.922511550000013614e+00
-1.622486000000002149e-02;1.496469000000001139e-02;9.890172557885694715e+00;-3.026433099999999987e-01;1.224921366132447176e+01;7.922511550000013614e+00
-1.622486000000002149e-02;1.496469000000001139e-02;-2.684152380000002225e+00;3.486004995940400697e+00;7.733754430000014501e+00;7.922511550000013614e+00
-1.622486000000002149e-02;1.496469000000001139e-02;1.601799649815689008e+01;-3.026433099999999987e-01;1.986218000565379427e+01;7.922511550000013614e+00
1.115665668287511680e+00;1.496469000000001139e-02;-2.684152380000002225e+00;9.355969781461952905e+00;9.046577602354686221e+00;7.922511550000013614e+00
9.517163156552399528e-01;1.496469000000001139e-02;7.042325673243552409e-01;-3.026433099999999987e-01;7.733754430000014501e+00;7.922511550000013614e+00
-1.622486000000002149e-02;1.496469000000001139e-02;3.038078558411873331e+01;-3.026433099999999987e-01;3.135967678912981427e+01;7.922511550000013614e+00
9.452807868228211285e-01;1.496469000000001139e-02;7.694536744579139054e-01;-3.026433099999999987e-01;7.733754430000014501e+00;7.922511550000013614e+00
6.237384730723208870e-01;1.496469000000001139e-02;-2.684152380000002225e+00;2.064317839581274683e+01;2.092649449718093635e+01;7.922511550000013614e+00
-1.622486000000002149e-02;1.496469000000001139e-02;-2.684152380000002225e+00;2.448044638569559339e+00;7.733754430000014501e+00;7.922511550000013614e+00
-1.622486000000002149e-02;1.496469000000001139e-02;-2.684152380000002225e+00;3.285940010918030341e-01;7.733754430000014501e+00;7.922511550000013614e+00
-1.622486000000002149e-02;1.496469000000001139e-02;-2.684152380000002225e+00;2.159462501393925482e+00;7.733754430000014501e+00;7.922511550000013614e+00
-1.622486000000002149e-02;1.496469000000001139e-02;-2.684152380000002225e+00;4.260384563369207456e+00;7.733754430000014501e+00;7.922511550000013614e+00
8.848927640189034882e-01;1.496469000000001139e-02;-2.684152380000002225e+00;7.405110042760381539e+00;8.327183515956567916e+00;7.922511550000013614e+00
-1.622486000000002149e-02;1.496469000000001139e-02;3.992610037954986701e+00;-3.026433099999999987e-01;7.733754430000014501e+00;7.922511550000013614e+00
-1.622486000000002149e-02;1.496469000000001139e-02;2.338308355064769195e+00;-3.026433099999999987e-01;7.733754430000014501e+00;7.922511550000013614e+00
-1.622486000000002149e-02;1.496469000000001139e-02;1.510233148555250260e+01;-3.026433099999999987e-01;1.843850208521854128e+01;7.922511550000013614e+00
3.172994823245839369e-01;1.496469000000001139e-02;-2.684152380000002225e+00;1.250230099625430391e+01;1.263604254540903327e+01;7.922511550000013614e+00
-1.622486000000002149e-02;1.496469000000001139e-02;-2.684152380000002225e+00;5.342609654101394767e+00;7.733754430000014501e+00;7.922511550000013614e+00
8.170015199626617930e-01;1.496469000000001139e-02;-7.267605116398567766e-01;-3.026433099999999987e-01;7.733754430000014501e+00;7.922511550000013614e+00
-1.622486000000002149e-02;1.496469000000001139e-02;-2.684152380000002225e+00;2.229969484429068061e+00;7.733754430000014501e+00;7.922511550000013614e+00
-1.622486000000002149e-02;1.496469000000001139e-02;-2.684152380000002225e+00;3.285940010918030341e-01;7.733754430000014501e+00;7.922511550000013614e+00
9.412419100115700932e-01;1.496469000000001139e-02;-2.684152380000002225e+00;7.854770635936355383e+00;8.353773202253837127e+00;7.922511550000013614e+00
-1.622486000000002149e-02;1.496469000000001139e-02;-2.684152380000002225e+00;1.252719860019094522e+00;7.733754430000014501e+00;7.922511550000013614e+00
9.421445771762113619e-01;1.496469000000001139e-02;-3.174250771166464702e-02;-3.026433099999999987e-01;7.733754430000014501e+00;7.922511550000013614e+00
-1.622486000000002149e-02;1.496469000000001139e-02;-2.684152380000002225e+00;1.807755589469295820e+00;7.733754430000014501e+00;7.922511550000013614e+00
7.843276141153071590e-01;1.496469000000001139e-02;-9.809865532032895352e-01;-3.026433099999999987e-01;7.733754430000014501e+00;7.922511550000013614e+00
-1.622486000000002149e-02;1.496469000000001139e-02;-2.684152380000002225e+00;1.515492648984523250e+01;1.601296719574757788e+01;7.922511550000013614e+00
-1.622486000000002149e-02;1.496469000000001139e-02;1.028911858893965281e+01;-3.026433099999999987e-01;1.374255964393735141e+01;7.922511550000013614e+00
-1.622486000000002149e-02;1.496469000000001139e-02;-2.684152380000002225e+00;1.837968532590893744e+01;1.921138609634500938e+01;7.922511550000013614e+00
1.502582551889076190e-01;1.496469000000001139e-02;-2.684152380000002225e+00;5.977226153323702107e+00;7.733754430000014501e+00;7.922511550000013614e+00
1.006198915629136881e+00;1.496469000000001139e-02;5.255756872087946618e-02;-3.026433099999999987e-01;7.733754430000014501e+00;7.922511550000013614e+00
9.798571811712968316e-01;1.496469000000001139e-02;1.041491524338132635e+00;-3.026433099999999987e-01;7.733754430000014501e+00;7.922511550000013614e+00
5.429424182586777281e-01;1.496469000000001139e-02;-2.684152380000002225e+00;1.034417732995530947e+01;1.042081153531477433e+01;7.922511550000013614e+00
-1.622486000000002149e-02;1.496469000000001139e-02;4.720847835658362968e+00;-3.026433099999999987e-01;8.108825902456018753e+00;7.922511550000013614e+00
1.016122689741146834e+00;1.496469000000001139e-02;-2.684152380000002225e+00;9.949492154481774264e+00;9.517333941965739896e+00;7.922511550000013614e+00
-1.622486000000002149e-02;1.496469000000001139e-02;1.330705088529625080e+01;-3.026433099999999987e-01;1.595728588705519613e+01;7.922511550000013614e+00
2.312962669301428520e-02;1.496469000000001139e-02;-2.684152380000002225e+00;5.766363170995364440e-01;7.733754430000014501e+00;7.922511550000013614e+00
5.352598038806065661e-01;1.496469000000001139e-02;-2.136794994293880645e+00;-3.026433099999999987e-01;7.733754430000014501e+00;7.922511550000013614e+00
-1.622486000000002149e-02;1.496469000000001139e-02;5.229919276340055490e+00;-3.026433099999999987e-01;8.176004757204140105e+00;7.922511550000013614e+00
-1.622486000000002149e-02;1.496469000000001139e-02;1.006602904755789751e+01;-3.026433099999999987e-01;1.281888644430534718e+01;7.922511550000013614e+00
1.154147204221026790e+00;1.496469000000001139e-02;-2.684152380000002225e+00;1.040858783955912870e+01;9.736734028840386301e+00;7.922511550000013614e+00
4.921184254572437133e-01;1.496469000000001139e-02;2.260485139880283434e+00;-3.026433099999999987e-01;7.733754430000014501e+00;7.922511550000013614e+00
6.050528522536607889e-01;1.496469000000001139e-02;1.879171444215291586e+00;-3.026433099999999987e-01;7.733754430000014501e+00;7.922511550000013614e+00
7.139565668382441554e-01;1.496469000000001139e-02;1.675576709733252123e+00;-3.026433099999999987e-01;7.733754430000014501e+00;7.922511550000013614e+00
-1.622486000000002149e-02;1.496469000000001139e-02;-2.684152380000002225e+00;8.161965607475881734e-01;7.733754430000014501e+00;7.922511550000013614e+00
-1.622486000000002149e-02;1.496469000000001139e-02;-2.684152380000002225e+00;2.212796758738058145e+00;7.733754430000014501e+00;7.922511550000013614e+00
2.060617641953679802e-01;1.496469000000001139e-02;-2.684152380000002225e+00;1.798746725616346254e+01;1.935690497744678495e+01;7.922511550000013614e+00
4.858906605932402645e-01;1.496469000000001139e-02;-2.684152380000002225e+00;5.232370715310733722e+00;7.788274190679065789e+00;7.922511550000013614e+00
4.346028364427796942e-01;1.496469000000001139e-02;-2.162842322597499756e+00;-3.026433099999999987e-01;7.733754430000014501e+00;7.922511550000013614e+00
-1.622486000000002149e-02;1.496469000000001139e-02;1.821222547551844428e+01;-3.026433099999999987e-01;2.107305284057397898e+01;7.922511550000013614e+00
7.394603123547608403e-01;1.496469000000001139e-02;-2.684152380000002225e+00;2.435817395312659528e+01;2.540757993686506566e+01;7.922511550000013614e+00
-1.622486000000002149e-02;1.496469000000001139e-02;-2.684152380000002225e+00;3.205159463613732385e+00;7.733754430000014501e+00;7.922511550000013614e+00
-1.622486000000002149e-02;1.496469000000001139e-02;8.021928587804133315e+00;-3.026433099999999987e-01;1.157501542637397662e+01;7.922511550000013614e+00
1.332451229129198444e-01;1.496469000000001139e-02;-2.684152380000002225e+00;-2.730037263175000284e-03;7.733754430000014501e+00;7.922511550000013614e+00
1.236630001417107438e+00;1.496469000000001139e-02;-2.684152380000002225e+00;2.293300999483815517e+01;2.410731626473370071e+01;7.922511550000013614e+00
1.292842089036477238e-01;1.496469000000001139e-02;-7.835749836666763279e-01;3.151492858435284816e+00;7.733754430000014501e+00;7.922511550000013614e+00
3.379198167253060769e-01;1.496469000000001139e-02;-2.684152380000002225e+00;6.207984030082672966e+00;7.733754430000014501e+00;7.922511550000013614e+00
4.887519649846052694e-01;1.496469000000001139e-02;-6.896163604789296020e-01;2.630641918632071086e+00;7.783874610871862387e+00;7.922511550000013614e+00
-1.622486000000002149e-02;1.496469000000001139e-02;-2.684152380000002225e+00;3.285940010918030341e-01;7.733754430000014501e+00;7.922511550000013614e+00
8.809291474816118850e-01;1.496469000000001139e-02;-8.529904756265782595e-02;-3.026433099999999987e-01;7.733754430000014501e+00;7.922511550000013614e+00
-1.622486000000002149e-02;1.496469000000001139e-02;-2.684152380000002225e+00;1.670716715165214250e+00;7.733754430000014501e+00;7.922511550000013614e+00
-1.622486000000002149e-02;1.496469000000001139e-02;-2.684152380000002225e+00;1.541980991866727813e+01;1.621160668770621882e+01;7.922511550000013614e+00
-1.622486000000002149e-02;1.496469000000001139e-02;-2.684152380000002225e+00;2.199719216887836115e+00;7.733754430000014501e+00;7.922511550000013614e+00
8.895976714485522852e-01;1.496469000000001139e-02;-2.684152380000002225e+00;9.650998231894504897e+00;9.343440806142130128e+00;7.922511550000013614e+00
9.319306176927284469e-01;1.496469000000001139e-02;-2.684152380000002225e+00;1.178685444630285950e+01;1.112937407243243015e+01;7.922511550000013614e+00
-1.622486000000002149e-02;1.496469000000001139e-02;1.240617068826200509e+01;-3.026433099999999987e-01;1.487676994499807037e+01;7.922511550000013614e+00
8.364706686516709677e-01;1.496469000000001139e-02;1.178425262674208440e+00;-3.026433099999999987e-01;7.733754430000014501e+00;7.922511550000013614e+00
-1.622486000000002149e-02;1.496469000000001139e-02;1.595030353267596546e+01;-3.026433099999999987e-01;1.962586438539351974e+01;7.922511550000013614e+00
-1.622486000000002149e-02;1.496469000000001139e-02;-2.684152380000002225e+00;1.297286672388242579e+01;1.382917152543023320e+01;7.922511550000013614e+00
-1.622486000000002149e-02;1.496469000000001139e-02;-2.684152380000002225e+00;3.479948242938918357e-01;7.733754430000014501e+00;7.922511550000013614e+00
-1.622486000000002149e-02;1.496469000000001139e-02;-2.684152380000002225e+00;3.285940010918030341e-01;7.733754430000014501e+00;7.922511550000013614e+00
-1.622486000000002149e-02;1.496469000000001139e-02;-2.684152380000002225e+00;1.248288282805245863e+01;1.409128975318471788e+01;7.922511550000013614e+00
9.619008096011605335e-01;1.496469000000001139e-02;-4.308068060099090602e-02;-3.026433099999999987e-01;7.733754430000014501e+00;7.922511550000013614e+00
-1.622486000000002149e-02;1.496469000000001139e-02;-2.684152380000002225e+00;4.033042475630058021e+00;7.733754430000014501e+00;7.922511550000013614e+00
-1.622486000000002149e-02;1.496469000000001139e-02;-2.684152380000002225e+00;3.285940010918030341e-01;7.733754430000014501e+00;7.922511550000013614e+00
3.360373292121431876e-01;1.496469000000001139e-02;1.356203963258604261e-01;1.937516619468816259e+00;7.733754430000014501e+00;7.922511550000013614e+00
-1.622486000000002149e-02;1.496469000000001139e-02;9.914116357902964083e+00;-3.026433099999999987e-01;1.233795629452255760e+01;7.922511550000013614e+00
-1.622486000000002149e-02;1.496469000000001139e-02;-2.684152380000002225e+00;3.403573031589695486e+00;7.733754430000014501e+00;7.922511550000013614e+00
-1.622486000000002149e-02;1.496469000000001139e-02;1.492133597041118342e+01;-3.026433099999999987e-01;1.836685072314949707e+01;7.922511550000013614e+00
-1.622486000000002149e-02;1.496469000000001139e-02;-2.684152380000002225e+00;3.253000500738407741e+00;7.733754430000014501e+00;7.922511550000013614e+00
9.044139107153755797e-01;1.496469000000001139e-02;1.386781809963983925e-01;-3.026433099999999987e-01;7.733754430000014501e+00;7.922511550000013614e+00
5.381760710781056112e-01;1.496469000000001139e-02;-2.684152380000002225e+00;8.926270049192067901e+00;8.944031982968983385e+00;7.922511550000013614e+00
9.004352421232920678e-01;1.496469000000001139e-02;-2.684152380000002225e+00;1.139255497658661831e+01;1.090702075201501842e+01;7.922511550000013614e+00
-1.622486000000002149e-02;1.496469000000001139e-02;6.463928793509731818e+00;-3.026433099999999987e-01;1.034710843965360816e+01;7.922511550000013614e+00
-1.622486000000002149e-02;1.496469000000001139e-02;-2.684152380000002225e+00;1.875752174500894753e+01;1.971802614876878579e+01;7.922511550000013614e+00
9.756874264516712802e-02;1.496469000000001139e-02;6.672447218342245634e-01;8.012581797074002088e-01;7.733754430000014501e+00;7.922511550000013614e+00
-1.622486000000002149e-02;1.496469000000001139e-02;1.232988530973353747e+01;-3.026433099999999987e-01;1.444130094130931319e+01;7.922511550000013614e+00
-1.622486000000002149e-02;1.496469000000001139e-02;-2.684152380000002225e+00;1.165368130207160213e+01;1.420191657141947772e+01;7.922511550000013614e+00
-1.622486000000002149e-02;1.496469000000001139e-02;5.640454422869320972e-01;9.145530722686984193e-01;7.733754430000014501e+00;7.922511550000013614e+00
-1.622486000000002149e-02;1.496469000000001139e-02;-2.684152380000002225e+00;5.982367949529341367e-01;7.733754430000014501e+00;7.922511550000013614e+00
4.257628558880734437e-01;1.496469000000001139e-02;-2.684152380000002225e+00;3.153810065528053208e-01;7.733754430000014501e+00;7.922511550000013614e+00
1.384613137796455007e+00;1.496469000000001139e-02;-2.684152380000002225e+00;1.075139559067654460e+01;1.035788501386116955e+01;7.922511550000013614e+00
4.818074486387840527e-01;1.496469000000001139e-02;2.063198057693113263e+00;-3.026433099999999987e-01;7.733754430000014501e+00;7.922511550000013614e+00
1.117751456314823727e-01;1.496469000000001139e-02;-2.684152380000002225e+00;1.737121528990356012e+01;1.765099114614794829e+01;7.922511550000013614e+00
9.035243798894617706e-01;1.496469000000001139e-02;1.309851853828738477e-01;-3.026433099999999987e-01;7.733754430000014501e+00;7.922511550000013614e+00
-1.622486000000002149e-02;1.496469000000001139e-02;-2.684152380000002225e+00;4.462024301299858386e+00;7.733754430000014501e+00;7.922511550000013614e+00
-1.622486000000002149e-02;1.496469000000001139e-02;-2.684152380000002225e+00;2.022434210479525873e+00;7.733754430000014501e+00;7.922511550000013614e+00
-1.622486000000002149e-02;1.496469000000001139e-02;5.879124469391094010e+00;-3.026433099999999987e-01;1.014071312828153459e+01;7.922511550000013614e+00
-1.622486000000002149e-02;1.496469000000001139e-02;1.325632946358670239e+00;-3.026433099999999987e-01;7.733754430000014501e+00;7.922511550000013614e+00
-1.622486000000002149e-02;1.496469000000001139e-02;-2.684152380000002225e+00;3.275817406943364762e+00;7.733754430000014501e+00;7.922511550000013614e+00
5.108493392771412678e-01;1.496469000000001139e-02;-2.684152380000002225e+00;3.619587250299701742e-01;7.733754430000014501e+00;7.922511550000013614e+00
-1.622486000000002149e-02;1.496469000000001139e-02;1.513999147475270313e+01;-3.026433099999999987e-01;1.831816826589579961e+01;7.922511550000013614e+00
1.396676066311857700e-01;1.496469000000001139e-02;-2.684152380000002225e+00;1.801331189376657349e+01;1.829684906949215772e+01;7.922511550000013614e+00
-1.622486000000002149e-02;1.496469000000001139e-02;1.407542492939345813e+01;-3.026433099999999987e-01;1.651248868337890130e+01;7.922511550000013614e+00
-1.622486000000002149e-02;1.496469000000001139e-02;1.640171313691101318e+01;-3.026433099999999987e-01;2.060255746147495159e+01;7.922511550000013614e+00
6.150384766271792536e-01;1.496469000000001139e-02;-2.684152380000002225e+00;1.879657915666377122e+01;2.019448675669101689e+01;7.922511550000013614e+00
4.279649715041278779e-01;1.496469000000001139e-02;-2.684152380000002225e+00;3.437577936330625805e-01;7.733754430000014501e+00;7.922511550000013614e+00
8.600036896853431312e-01;1.496469000000001139e-02;-2.955570077463969270e-01;-3.026433099999999987e-01;7.733754430000014501e+00;7.922511550000013614e+00
8.142416116858494091e-01;1.496469000000001139e-02;-2.684152380000002225e+00;6.836271074309133056e+00;7.733754430000014501e+00;7.922511550000013614e+00
1.643398857634554844e-01;1.496469000000001139e-02;-2.684152380000002225e+00;1.231347568534706305e+01;1.261085602371105452e+01;7.922511550000013614e+00
5.125535511655947563e-01;1.496469000000001139e-02;-8.330951421802490486e-01;2.760285208421381142e+00;7.820435794510347094e+00;7.922511550000013614e+00
4.706535111396908388e-01;1.496469000000001139e-02;-2.684152380000002225e+00;1.256729947195156072e+01;1.244886487711436196e+01;7.922511550000013614e+00
-1.622486000000002149e-02;1.496469000000001139e-02;-2.684152380000002225e+00;1.601711526553227216e+01;1.676353561578811480e+01;7.922511550000013614e+00
5.614226469478592607e-01;1.496469000000001139e-02;2.536501599583575128e+00;-3.026433099999999987e-01;7.733754430000014501e+00;7.922511550000013614e+00
7.833204035882930238e-01;1.496469000000001139e-02;-2.684152380000002225e+00;9.476126532316706985e+00;9.062327937929612887e+00;7.922511550000013614e+00
-1.622486000000002149e-02;1.496469000000001139e-02;-2.684152380000002225e+00;4.445760571189302013e+00;7.733754430000014501e+00;7.922511550000013614e+00
-1.622486000000002149e-02;1.496469000000001139e-02;3.196947897649579318e+00;-3.026433099999999987e-01;7.733754430000014501e+00;7.922511550000013614e+00
1.776710345697656290e-01;1.496469000000001139e-02;6.449343600652426289e-01;7.873955561309163853e-01;7.733754430000014501e+00;7.922511550000013614e+00
-1.622486000000002149e-02;1.496469000000001139e-02;-2.684152380000002225e+00;3.285940010918030341e-01;7.733754430000014501e+00;7.922511550000013614e+00
2.839243559792195559e-01;1.496469000000001139e-02;-2.684152380000002225e+00;6.165180098480471216e+00;7.733754430000014501e+00;7.922511550000013614e+00
1.097108126771444425e+00;1.496469000000001139e-02;-2.684152380000002225e+00;1.106055757006313200e+01;1.064204144810138608e+01;7.922511550000013614e+00
-1.622486000000002149e-02;1.496469000000001139e-02;-2.684152380000002225e+00;3.285940010918030341e-01;7.733754430000014501e+00;7.922511550000013614e+00
7.499417879029541822e-01;1.496469000000001139e-02;-1.199445869001164455e+00;-3.026433099999999987e-01;7.733754430000014501e+00;7.922511550000013614e+00
-1.622486000000002149e-02;1.496469000000001139e-02;-2.684152380000002225e+00;1.591426253651742062e+00;7.733754430000014501e+00;7.922511550000013614e+00
-1.622486000000002149e-02;1.496469000000001139e-02;-2.684152380000002225e+00;3.664276609453497979e+00;7.733754430000014501e+00;7.922511550000013614e+00
-1.622486000000002149e-02;1.496469000000001139e-02;-2.684152380000002225e+00;1.293325192037102411e+01;1.361948920654581308e+01;7.922511550000013614e+00
2.851231353532164559e-04;1.496469000000001139e-02;-2.684152380000002225e+00;4.755580370361454090e-01;7.733754430000014501e+00;7.922511550000013614e+00
-1.622486000000002149e-02;1.496469000000001139e-02;-2.684152380000002225e+00;8.801426506333539512e-01;7.733754430000014501e+00;7.922511550000013614e+00
-1.622486000000002149e-02;1.496469000000001139e-02;7.581856276689158847e+00;-3.026433099999999987e-01;1.043874426722770821e+01;7.922511550000013614e+00
1.113505652812587288e+00;1.496469000000001139e-02;-2.684152380000002225e+00;1.229697030117210410e+01;1.264084823360746412e+01;7.922511550000013614e+00
7.237916706638436448e-01;1.496469000000001139e-02;-2.684152380000002225e+00;6.912921862046120580e+00;7.733754430000014501e+00;7.922511550000013614e+00
6.373458564400899529e-02;1.496469000000001139e-02;8.287052539465640244e-01;1.638437082652485000e+00;7.733754430000014501e+00;7.922511550000013614e+00
-1.622486000000002149e-02;1.496469000000001139e-02;3.930269588615490584e+00;-3.026433099999999987e-01;7.893321518050271379e+00;7.922511550000013614e+00
-1.622486000000002149e-02;1.496469000000001139e-02;1.463837050662684369e+01;-3.026433099999999987e-01;1.807828314380666157e+01;7.922511550000013614e+00
-1.622486000000002149e-02;1.496469000000001139e-02;-2.684152380000002225e+00;1.715886427966572469e+01;1.769570773357829196e+01;7.922511550000013614e+00
-1.622486000000002149e-02;1.496469000000001139e-02;4.020677609722241641e+00;-3.026433099999999987e-01;7.924052081954840787e+00;7.922511550000013614e+00
8.892800274801559990e-01;1.496469000000001139e-02;-2.684152380000002225e+00;8.445122695780362676e+00;8.638833006965850103e+00;7.922511550000013614e+00
-1.622486000000002149e-02;1.496469000000001139e-02;9.326756597357830358e+00;-3.026433099999999987e-01;1.241785145391353851e+01;7.922511550000013614e+00
-1.622486000000002149e-02;1.496469000000001139e-02;3.332634123183462194e+00;-3.026433099999999987e-01;7.733754430000014501e+00;7.922511550000013614e+00
-1.622486000000002149e-02;1.496469000000001139e-02;-2.684152380000002225e+00;5.173297173937041471e+00;7.733754430000014501e+00;7.922511550000013614e+00
6.089480047477927593e-01;1.496469000000001139e-02;-2.684152380000002225e+00;9.738118343891228434e+00;1.079186563018202349e+01;7.922511550000013614e+00
-1.622486000000002149e-02;1.496469000000001139e-02;8.573994351929533408e+00;-3.026433099999999987e-01;1.183377766544580112e+01;7.922511550000013614e+00
-1.511411029362455700e-02;1.496469000000001139e-02;-2.684152380000002225e+00;2.754351046350380638e-01;7.733754430000014501e+00;7.922511550000013614e+00
-1.622486000000002149e-02;1.496469000000001139e-02;1.506434070311279605e+01;-3.026433099999999987e-01;1.840765618771704837e+01;7.922511550000013614e+00
-1.622486000000002149e-02;1.496469000000001139e-02;-2.684152380000002225e+00;2.281202203963733854e+00;7.733754430000014501e+00;7.922511550000013614e+00
9.165433125895581234e-01;1.496469000000001139e-02;2.509604915785583756e-01;-3.026433099999999987e-01;7.733754430000014501e+00;7.922511550000013614e+00
-1.622486000000002149e-02;1.496469000000001139e-02;3.409608067781405794e+00;-3.026433099999999987e-01;7.757329474913751355e+00;7.922511550000013614e+00
4.968308589142884646e-01;1.496469000000001139e-02;2.371848678104833574e+00;-3.026433099999999987e-01;7.733754430000014501e+00;7.922511550000013614e+00
-1.622486000000002149e-02;1.496469000000001139e-02;4.905205828888530739e+00;-3.026433099999999987e-01;9.150086038286865175e+00;7.922511550000013614e+00
-1.622486000000002149e-02;1.496469000000001139e-02;2.320636723315789851e+00;-3.026433099999999987e-01;7.733754430000014501e+00;7.922511550000013614e+00
-1.622486000000002149e-02;1.496469000000001139e-02;1.358916590546837533e+01;-3.026433099999999987e-01;1.612016612429147244e+01;7.922511550000013614e+00
-1.622486000000002149e-02;1.496469000000001139e-02;-2.684152380000002225e+00;7.215189530731124234e-01;7.733754430000014501e+00;7.922511550000013614e+00
1.100452328447905748e+00;1.496469000000001139e-02;-2.684152380000002225e+00;1.062114816572622900e+01;9.846254775981858387e+00;7.922511550000013614e+00
8.050859484910986019e-01;1.496469000000001139e-02;-2.684152380000002225e+00;9.534122331841130560e+00;9.220472380587111161e+00;7.922511550000013614e+00
-1.622486000000002149e-02;1.496469000000001139e-02;-2.684152380000002225e+00;1.793955290298716587e+00;7.733754430000014501e+00;7.922511550000013614e+00
-1.622486000000002149e-02;1.496469000000001139e-02;-2.684152380000002225e+00;3.517822487103688722e+00;7.733754430000014501e+00;7.922511550000013614e+00
-1.622486000000002149e-02;1.496469000000001139e-02;-2.684152380000002225e+00;1.469320377226240204e+01;1.563054142721142270e+01;7.922511550000013614e+00
-1.622486000000002149e-02;1.496469000000001139e-02;7.697408689588492336e+00;-3.026433099999999987e-01;1.146829681116411059e+01;7.922511550000013614e+00
6.288227835072999206e-01;1.496469000000001139e-02;-2.684152380000002225e+00;5.221350466821447434e+00;8.453389038044884174e+00;7.922511550000013614e+00
1.041150334203367001e+00;1.496469000000001139e-02;-2.684152380000002225e+00;1.193097787105828544e+01;1.114007637326349176e+01;7.922511550000013614e+00
3.982656253573754745e-01;1.496469000000001139e-02;-2.684152380000002225e+00;3.922883679938161672e-01;7.733754430000014501e+00;7.922511550000013614e+00
5.615899072051983021e-01;1.496469000000001139e-02;2.140573177070887567e+00;-3.026433099999999987e-01;7.733754430000014501e+00;7.922511550000013614e+00
-1.622486000000002149e-02;1.496469000000001139e-02;1.409947430172121052e+01;-3.026433099999999987e-01;1.675560679597929692e+01;7.922511550000013614e+00
-1.622486000000002149e-02;1.496469000000001139e-02;-2.684152380000002225e+00;1.481439887123816490e+01;1.539773764198154815e+01;7.922511550000013614e+00
-1.622486000000002149e-02;1.496469000000001139e-02;4.776632831029775872e+00;-3.026433099999999987e-01;8.956881824573155626e+00;7.922511550000013614e+00
-1.622486000000002149e-02;1.496469000000001139e-02;-2.684152380000002225e+00;3.285940010918030341e-01;7.733754430000014501e+00;7.922511550000013614e+00
-1.622486000000002149e-02;1.496469000000001139e-02;1.581061611657482224e+01;-3.026433099999999987e-01;1.869273091097581485e+01;7.922511550000013614e+00
7.148339485394904214e-02;1.496469000000001139e-02;-2.456528801139472140e+00;4.609728439564314328e+00;7.733754430000014501e+00;7.922511550000013614e+00
-1.622486000000002149e-02;1.496469000000001139e-02;-2.684152380000002225e+00;3.285940010918030341e-01;7.733754430000014501e+00;7.922511550000013614e+00
-1.622486000000002149e-02;1.496469000000001139e-02;9.657261272552117859e+00;-3.026433099999999987e-01;1.369607509466048434e+01;7.922511550000013614e+00
1.207507012132022828e+00;1.496469000000001139e-02;-9.597641727451060589e-01;-3.026433099999999987e-01;7.733754430000014501e+00;7.922511550000013614e+00
3.784086647459228292e-02;1.496469000000001139e-02;-2.684152380000002225e+00;1.103927907714165180e+01;1.199704916096025009e+01;7.922511550000013614e+00
2.757552181392158297e-01;1.496469000000001139e-02;1.841574505144964569e+00;-3.026433099999999987e-01;7.733754430000014501e+00;7.922511550000013614e+00
-1.622486000000002149e-02;1.496469000000001139e-02;-2.684152380000002225e+00;4.117378862157404562e+00;7.733754430000014501e+00;7.922511550000013614e+00
-1.622486000000002149e-02;1.496469000000001139e-02;-2.684152380000002225e+00;3.010319553553678418e+00;7.733754430000014501e+00;7.922511550000013614e+00
5.357741736439042279e-01;1.496469000000001139e-02;-2.684152380000002225e+00;6.692653300394063365e+00;7.733754430000014501e+00;7.922511550000013614e+00
-1.622486000000002149e-02;1.496469000000001139e-02;1.792781836318319222e+01;-3.026433099999999987e-01;2.146488632681369069e+01;7.922511550000013614e+00
7.918329335328446739e-01;1.496469000000001139e-02;-2.684152380000002225e+00;8.322764599871783631e+00;8.760157016315353928e+00;7.922511550000013614e+00
-1.622486000000002149e-02;1.496469000000001139e-02;-2.684152380000002225e+00;4.517601796281975446e+00;7.733754430000014501e+00;7.922511550000013614e+00
-1.622486000000002149e-02;1.496469000000001139e-02;-2.684152380000002225e+00;1.239086731036178080e+01;1.330197873405073494e+01;7.922511550000013614e+00
6.882964624010406984e-01;1.496469000000001139e-02;-2.684152380000002225e+00;9.229727581540130288e+00;9.000152909754703501e+00;7.922511550000013614e+00
-1.622486000000002149e-02;1.496469000000001139e-02;1.612799346147353674e+01;-3.026433099999999987e-01;1.960904173935098527e+01;7.922511550000013614e+00
-1.622486000000002149e-02;1.496469000000001139e-02;5.126927035823874768e+00;-3.026433099999999987e-01;9.085576052243840905e+00;7.922511550000013614e+00
-1.622486000000002149e-02;1.496469000000001139e-02;6.358684930216108810e+00;-3.026433099999999987e-01;9.477030689516443118e+00;7.922511550000013614e+00
4.215616449465062199e-01;1.496469000000001139e-02;-2.684152380000002225e+00;1.850599102616885361e+01;1.994458805053472972e+01;7.922511550000013614e+00
7.558201170343494812e-01;1.496469000000001139e-02;-1.169360693078034696e+00;-3.026433099999999987e-01;7.733754430000014501e+00;7.922511550000013614e+00
