0.74625;-0.96028;-1.39110;-1.52947;1.60890;1.00568;2.50205
0.15492;-0.63939;-2.34916;-1.26088;0.65084;-0.08668;0.60866
-0.21068;0.79325;-9.12467;5.94903;5.94903;-55.08884;36.35572
1.02877;0.61879;-11.87843;8.99520;8.99520;-178.38010;79.92507
1.32181;-0.09224;1.68626;-3.75783;4.68626;19.27943;18.28989
-0.52999;0.29292;8.79935;-12.39389;11.79935;442.22194;146.03095
-0.53058;1.18694;-5.31679;3.22101;3.22101;-4.85506;8.11894
-0.07918;0.89338;-28.18876;24.98409;24.98409;-3947.00462;629.22642
-1.27637;0.59367;-6.67550;3.10719;3.10719;-10.03528;11.21705
-0.47430;-0.07013;-17.28339;15.07631;15.07631;-790.47314;215.89446
-0.67016;-0.42334;-4.12098;0.62719;0.62719;-0.41385;0.51713
0.39904;1.30042;-2.79902;0.98814;0.98814;0.57932;0.74946
0.72341;0.20958;-9.80579;7.43819;7.43819;-89.99562;51.03898
-0.05983;0.96458;-9.24328;6.19010;6.19010;-60.09116;38.62069
0.64470;-0.41137;-22.78962;20.05638;20.05638;-1976.85489;397.05924
-0.20943;0.58762;-16.02435;13.09268;13.09268;-556.66607;170.55898
-0.27934;0.73539;-9.51136;5.98679;5.98679;-61.27032;38.78864
0.39522;-0.78248;2.00838;-5.29151;5.00838;34.00501;26.38034
-0.71221;-0.05990;-5.04579;2.41803;2.41803;-2.59339;5.16753
-0.80471;-1.09813;4.50245;-7.83467;7.50245;112.57474;58.64069
-0.94094;0.18403;-6.83461;3.83396;3.83396;-14.09300;14.70142
0.69089;-1.00363;-10.82922;7.81831;7.81831;-119.73125;61.20588
0.78322;-0.92543;11.21618;-14.06712;14.21618;707.10849;200.06080
-0.09091;0.70665;2.86538;-6.26484;5.86538;55.57728;36.58578
0.48369;1.41405;-8.94902;6.81674;6.81674;-64.57766;41.17504
0.78379;-0.79397;-14.03181;11.31718;11.31718;-348.69534;125.01204
-1.27330;-1.57508;-8.49237;4.24518;4.24518;-29.47712;23.08137
-1.07835;0.76201;-19.07335;15.89745;15.89745;-1021.28727;255.44505
-0.20054;0.80555;-3.32155;0.16132;0.16132;-0.08364;-0.02183
-0.31345;-0.50733;5.45345;-7.56177;8.45345;128.81159;64.56770
-0.75448;0.72625;7.15286;-9.72791;10.15286;245.76779;99.02368
0.90105;0.31856;-13.07384;9.96346;9.96346;-251.45649;100.31814
-0.67370;-0.92414;-20.62084;17.48223;17.48223;-1351.78503;307.98710
-0.60348;-0.75118;4.40796;-7.50696;7.40796;103.63489;55.56426
0.53997;-0.11774;0.36916;-4.18855;3.36916;13.08057;13.87004
0.05937;0.87023;-2.83642;-0.25249;0.16358;-0.04221;-0.00118
0.56865;-0.96318;1.87373;-4.98803;4.87373;29.91473;24.25645
0.50085;0.00301;-10.01884;7.21207;7.21207;-89.96678;50.72634
-0.26806;0.57900;-6.31303;4.61098;4.61098;-14.89942;16.34648
-1.16546;0.60800;-6.65307;3.29462;3.29462;-10.65946;11.88837
-1.05191;0.07519;5.62196;-8.84420;8.62196;166.39984;76.15562
0.27968;1.24112;-2.68940;0.18691;0.31060;0.24882;0.25258
-1.31347;-0.23135;-18.37158;14.61900;14.61900;-843.33202;224.48249
-0.12900;0.82495;-3.09318;-0.23644;-0.09318;-0.16472;-0.15968
0.11964;-0.41985;2.14150;-5.72624;5.14150;39.81903;29.23458
0.23727;1.08620;-9.31215;6.60936;6.60936;-67.27169;41.89001
-0.77648;1.09823;6.88593;-9.45389;9.88593;226.26747;93.72318
-0.77171;-1.05357;4.49457;-7.78360;7.49457;111.30135;58.21110
-0.55827;-0.32363;18.16547;-20.58525;21.16547;2274.55966;436.07077
-0.91361;-0.64459;3.64568;-7.63964;6.64568;90.60337;50.52062
-0.63240;-0.43758;-4.79378;2.21404;2.21404;-1.80163;4.22579
1.22847;-0.41872;2.37660;-4.25784;5.37660;28.50601;23.76499
-0.89477;-1.20118;4.59297;-8.00699;7.59297;118.43015;60.63270
0.83314;0.45568;13.03465;-16.31423;16.03465;1057.71876;261.47265
0.45552;0.31011;-2.19336;-0.57078;0.80664;0.19960;0.59225
-1.08091;0.22819;5.69431;-8.94671;8.69431;171.43578;77.67519
0.15549;0.21784;-2.53903;-0.74286;0.46097;-0.08643;0.22136
-0.45210;-0.65376;5.30352;-7.69470;8.30352;128.26181;64.29021
-0.40747;1.58497;19.64293;-21.45876;22.64293;2681.09207;486.83192
1.28775;1.16285;0.69910;-3.10657;3.69910;10.14687;11.87555
-0.04614;0.34071;-10.01084;6.46684;6.46684;-76.77791;45.13993
0.59332;1.39532;-9.01180;6.98409;6.98409;-68.10489;42.70939
-1.01975;-1.32892;-4.82896;1.14211;1.14211;-1.16299;1.86339
-1.10610;0.81054;-19.01832;15.79620;15.79620;-1006.40849;252.92994
0.33802;1.35146;-8.89924;6.60590;6.60590;-60.75720;39.44798
-0.99141;0.54136;5.91704;-8.95883;8.91704;178.48455;79.86577
0.29593;-1.25031;26.71726;-30.38624;29.71726;6784.65716;902.77320
1.11791;-0.59868;-10.62662;8.35489;8.35489;-127.19279;64.21636
-0.49309;0.04170;-6.71356;4.49916;4.49916;-16.91780;17.25502
0.11856;0.98471;16.61093;-18.94747;19.61093;1791.79128;372.01927
0.36152;-1.14512;10.64236;-14.15543;13.64236;670.98804;192.92274
-1.18756;-0.54780;-19.91398;16.33296;16.33296;-1148.72193;276.04925
-0.90565;-1.13078;-20.90362;17.27201;17.27201;-1360.43055;309.01537
-0.41330;-0.40880;-16.52491;13.69532;13.69532;-630.18307;185.32045
0.78005;-0.82662;-10.57493;7.83138;7.83138;-114.14517;59.46675
-0.50543;1.40589;-5.85795;3.83653;3.83653;-8.88632;11.69328
-0.71966;0.28769;2.58704;-7.01068;5.58704;61.76594;38.96379
-0.70621;-0.81248;20.82896;-24.16617;23.82896;3454.77925;575.71448
0.19857;-0.89679;14.43644;-18.07809;17.43644;1399.48660;314.99966
0.92121;-0.28371;-13.33931;10.40106;10.40106;-278.77352;107.57162
-0.02654;0.15621;15.00192;-18.59781;18.00192;1531.78988;334.58711
-0.29914;1.33950;-5.03886;3.39575;3.39575;-4.33752;8.06219
-0.26265;0.73804;9.17671;-12.44935;12.17671;466.56065;151.47442
-1.18933;-0.06616;-19.65036;16.15264;16.15264;-1103.28714;268.76029
-1.12629;-0.67474;-7.39627;3.89654;3.89654;-18.07182;16.94282
0.46066;0.93425;-7.74145;6.37292;6.37292;-42.08892;31.69803
0.89128;-0.55086;-13.48663;10.56457;10.56457;-291.48928;110.82723
1.01284;-0.17915;-0.67535;-2.08315;2.32465;2.79693;4.97793
-0.33633;0.22070;3.94612;-6.96092;6.94612;84.04572;48.34402
-0.02066;1.00932;-3.09718;0.20859;0.20859;0.05481;0.07908
0.25175;1.22002;-15.28837;12.73941;12.73941;-489.68577;156.82307
-0.39516;-0.46020;8.12793;-10.32800;11.12793;309.06839;115.48922
-0.32280;-0.57553;-4.23846;2.06216;2.06216;-0.71181;3.13537
-0.49162;-0.41808;-10.66609;6.09455;6.09455;-82.21244;46.55309
0.70321;-0.74736;11.45342;-14.74832;14.45342;778.02573;213.03797
0.60682;0.59966;-14.63867;12.23141;12.23141;-424.72607;142.74160
-0.75127;0.91696;-6.31889;3.77537;3.77537;-10.92935;12.81036
0.54866;1.57953;4.04521;-5.80572;7.04521;66.94120;41.90637
-0.55939;-0.40731;4.11322;-7.32837;7.11322;94.01514;52.03226
0.56401;-0.41484;-10.25243;7.38889;7.38889;-98.01414;53.66031
0.86075;-0.14554;-26.72314;24.44212;24.44212;-3491.46078;580.33268
-1.25680;-1.31969;4.66202;-8.58441;7.66202;133.54476;65.52545
-1.11032;-0.97605;7.31982;-10.87428;10.31982;297.22793;112.02016
-0.52015;-0.79788;4.73366;-7.52656;7.73366;111.15703;58.32211
-0.41111;0.40794;-3.64989;0.29644;0.29644;-0.20321;0.04716
-0.12150;0.65293;-9.75682;6.27942;6.27942;-69.47072;42.24719
-0.20605;0.24259;8.98066;-11.66730;11.98066;413.42406;139.96320
-1.35407;0.63886;-6.43837;2.72939;2.72939;-7.68663;9.15580
0.90026;-0.74948;11.26555;-13.80563;14.26555;691.47549;197.22784
-0.35557;0.05033;-3.75017;0.79042;0.79042;-0.09414;0.61348
-0.32649;-0.32332;8.16243;-10.19610;11.16243;304.96706;114.52990
-0.37410;-0.05657;-3.79970;0.85583;0.85583;-0.11373;0.71326
-1.06782;0.91129;6.45505;-9.59314;9.45505;215.90977;90.63934
-0.36296;-0.03746;2.19532;-6.40135;5.19532;48.13306;33.01771
0.48828;-1.07548;10.79766;-14.09359;13.79766;677.88948;194.33241
1.08598;0.99485;0.01134;-2.82703;3.01134;6.31123;8.61381
-0.29488;-0.53350;-3.97788;1.58277;1.58277;-0.22224;1.94167
0.94261;-0.77509;11.39792;-13.95414;14.39792;712.42535;201.18178
0.88907;0.05923;-13.20269;10.11382;10.11382;-262.10218;103.14566
0.98096;0.88896;-0.09470;-2.93091;2.90530;6.19938;8.50255
1.20616;0.92648;-12.59619;10.04784;10.04784;-236.66177;96.69788
-0.57705;-0.41679;-4.05975;0.80429;0.80429;-0.33013;0.74094
-1.18306;-0.27734;-19.76242;16.24087;16.24087;-1123.62795;272.04351
-0.60402;-0.19385;-3.99713;0.53790;0.53790;-0.34264;0.35946
0.65245;-0.98765;-1.29018;-2.00729;1.70982;1.45623;3.30549
0.20092;0.65629;-2.58660;-0.43027;0.41340;0.01033;0.16951
-0.50594;-0.60836;-8.12128;5.18167;5.18167;-34.14692;26.56791
0.50132;1.49886;-2.49627;0.49408;0.50373;0.49891;0.49893
0.28397;1.04981;-2.59523;-0.07726;0.40477;0.16725;0.22184
0.94709;-0.23752;11.82866;-14.72063;14.82866;806.34443;218.34426
0.01805;-0.67979;-15.07507;11.22782;11.22782;-395.86265;135.33258
0.66261;-0.72989;-26.25531;22.85760;22.85760;-3064.40235;531.40125
-0.67089;0.62484;-5.24789;2.81355;2.81355;-3.76921;6.68738
1.73244;1.23690;0.36862;-1.83078;3.36862;5.16139;7.52735
-0.34397;-0.58079;-7.75311;5.25776;5.25776;-31.09972;25.30671
-0.50041;-0.57405;21.05122;-24.00105;24.05122;3467.32685;577.28015
0.72511;0.61115;-12.44265;8.90838;8.90838;-193.38896;83.92294
0.52028;0.55556;-2.16822;-0.39507;0.83178;0.27606;0.59465
-0.66192;-0.63752;5.33634;-8.03261;8.33634;137.21235;67.13748
0.14812;1.05085;-3.04920;0.73504;0.73504;0.32785;0.49668
0.63339;-0.80258;14.60277;-17.53209;17.60277;1355.42650;308.64991
0.82738;-0.22264;2.52990;-4.89532;5.52990;35.72563;27.48859
-0.64348;0.08763;8.64682;-12.39512;11.64682;433.89496;144.12966
0.66699;-0.06830;2.57073;-5.13422;5.57073;38.55395;28.86722
0.19008;-0.19857;-2.40590;-0.98154;0.59410;-0.07148;0.42695
0.08533;0.69354;-8.25038;6.04561;6.04561;-44.64501;32.29750
-0.26879;-0.32437;-7.94146;5.44197;5.44197;-34.73397;27.20414
0.57718;-0.88359;1.95645;-5.01174;4.95645;30.92511;24.81357
1.24236;1.18782;13.12543;-15.63337;16.12543;1001.26478;252.40135
0.45655;-0.83705;-1.91089;-1.30136;1.08911;0.32075;1.32247
-1.04069;-1.27291;-4.97551;1.38288;1.38288;-1.48003;2.52339
0.87552;-0.78999;-23.14312;20.53761;20.53761;-2103.65983;413.92769
0.07885;1.11012;-9.02618;6.30260;6.30260;-58.42304;38.13792
1.29120;0.72270;1.06102;-3.39349;4.06102;13.27893;14.22620
-0.58013;-0.81268;-20.00669;17.33489;17.33489;-1265.47806;295.00017
-0.73380;-0.71002;4.07066;-7.55396;7.07066;97.50524;53.22816
-0.80066;0.77691;-6.42984;3.77560;3.77560;-11.51758;13.15247
-1.44952;-0.78605;-5.78714;1.68701;1.68701;-3.34893;4.45445
-0.37163;-0.58683;5.36334;-7.60380;8.36334;127.59274;64.11716
0.17500;-1.31648;-1.66435;-2.67017;1.33565;1.34149;3.34440
-0.32766;0.43074;-3.59261;0.45525;0.45525;-0.10464;0.20582
0.19649;-0.63562;2.04032;-5.58169;5.04032;37.18090;27.93609
-1.48939;0.18926;-6.25202;2.23362;2.23362;-5.66780;7.01386
-0.40071;-0.50081;-4.42496;2.19700;2.19700;-1.09882;3.66566
0.46388;1.15196;4.60997;-6.11228;7.60997;81.49580;47.82389
-0.39006;0.63137;-9.37633;5.79393;5.79393;-56.62256;36.73765
-0.50135;-0.72637;-4.17316;1.35003;1.35003;-0.41356;1.68007
0.61460;-1.01192;1.21651;-4.59957;4.21651;21.22142;19.23929
-0.57087;-0.43079;8.50515;-11.73590;11.50515;392.18370;134.92123
-0.50291;-0.81113;-16.85877;14.18236;14.18236;-688.86551;196.73800
0.97785;-0.14112;15.19928;-17.29220;18.19928;1397.53694;315.36481
-0.48347;0.49261;-6.45822;4.34805;4.34805;-14.42060;15.67936
1.40658;1.07714;-12.42827;10.28823;10.28823;-239.08868;97.61505
-0.62430;1.07990;7.16410;-9.44903;10.16410;236.12881;96.52628
-0.92766;-0.79105;-7.40669;4.21830;4.21830;-20.14468;18.50340
1.26392;1.15016;0.16421;-2.62088;3.16421;6.32203;8.63850
-0.29449;0.24616;4.00423;-6.92493;7.00423;84.49452;48.54502
0.75713;-0.52252;-1.61487;-0.98976;1.38513;0.61627;1.60771
-1.02264;-1.19456;-7.79219;4.28011;4.28011;-23.59071;20.32060
0.77878;0.03412;13.23125;-16.55712;16.23125;1101.40061;268.60639
1.28786;-0.02469;-0.45724;-1.71641;2.54276;2.82765;4.94829
-0.27533;0.73362;3.35955;-6.67610;6.35955;69.06429;42.32374
-0.85107;1.08238;-6.17447;3.46443;3.46443;-8.99908;11.16374
0.29323;-0.50894;-10.41064;7.07421;7.07421;-95.13959;52.28456
0.74061;-0.74459;1.17229;-4.37827;4.17229;19.43291;18.17502
0.68126;-0.93036;-11.30518;8.04545;8.04545;-136.73094;66.70597
-0.25852;0.69286;2.91235;-6.50425;5.91235;59.52572;38.24707
-1.03962;-1.34751;-8.20883;4.45631;4.45631;-28.59096;22.97751
-0.83954;-1.14881;-17.21191;13.88173;13.88173;-693.07101;197.14813
-0.46847;1.17397;-18.62051;16.63924;16.63924;-1048.62964;260.68224
-0.11658;0.08036;8.98077;-11.33749;11.98077;396.54357;136.25697
0.91274;-0.46518;-1.42542;-0.91510;1.57458;0.81200;1.87936
-0.60536;-0.89617;-4.34760;1.40844;1.40844;-0.62377;1.92935
1.32467;0.24145;-0.31417;-1.84831;2.68583;3.33171;5.55836
0.69730;-1.02441;1.60647;-4.67562;4.60647;24.95660;21.50470
0.11832;1.11852;3.40211;-6.16507;6.40211;62.14297;39.60198
0.32120;1.03603;3.19171;-5.82385;6.19171;54.39416;36.27731
-0.63352;1.14912;-5.46309;3.16967;3.16967;-5.23160;8.28529
0.38064;-0.15262;-2.18344;-0.87696;0.81656;0.12158;0.68680
-0.28985;0.72034;3.34039;-6.68906;6.34039;68.94969;42.26736
-0.64334;-0.95228;-4.45613;1.52629;1.52629;-0.79393;2.25879
0.81020;0.36508;25.62745;-28.94225;28.62745;5962.39397;828.41046
-0.76693;-0.15905;18.18761;-20.93398;21.18761;2335.54388;443.68401
0.55765;-0.40463;-1.90493;-0.96477;1.09507;0.33827;1.12589
-0.45740;-0.51156;-7.09646;4.77682;4.77682;-21.49227;20.02395
1.05606;-0.66081;14.58074;-16.90721;17.58074;1282.23092;297.69144
-0.13233;0.50970;2.67088;-6.25461;5.67088;52.70843;35.26244
0.59729;-1.12046;-11.01668;7.76962;7.76962;-123.06314;62.17836
-0.35230;0.55701;-9.05931;5.73725;5.73725;-51.46096;34.62871
0.78090;-0.72318;-1.06587;-2.05134;1.93413;1.91967;3.91237
0.14711;1.14254;-8.74044;6.29791;6.29791;-54.24070;36.50923
-0.09474;-0.21979;-7.68063;5.58086;5.58086;-33.31603;26.77467
-0.60217;0.05025;8.65767;-12.26723;11.65767;427.65220;142.79536
-0.80531;-1.00056;17.52600;-20.61902;20.52600;2176.66958;423.18162
0.31692;-0.96844;14.41509;-17.90278;17.41509;1376.43741;311.59408
-0.26070;0.21695;-3.63020;0.81648;0.81648;-0.00148;0.61635
1.29817;1.19064;-12.36128;9.97224;9.97224;-225.52506;93.75171
-1.26353;-1.49527;-21.24896;16.90881;16.90881;-1358.71424;308.34708
0.17597;-0.30244;-10.33216;6.88290;6.88290;-89.98737;50.29236
-0.66522;-0.31759;-8.74704;5.20297;5.20297;-41.30127;29.70364
-0.44422;-0.21838;8.66373;-11.69308;11.66373;398.17518;136.37038
0.87696;-0.52567;1.23127;-4.19668;4.23127;18.72478;17.77487
1.25688;1.25686;12.96799;-15.45424;15.96799;969.78640;247.09601
0.83839;-0.24542;-22.61488;20.25764;20.25764;-1980.61827;397.77595
0.83505;0.63248;-0.34467;-2.95717;2.65533;5.37393;7.72414
-0.18825;0.16867;4.28748;-6.88317;7.28748;89.12630;50.40401
0.61913;-0.17161;-1.88580;-0.79447;1.11420;0.37715;1.07061
0.94560;-0.32816;-23.93868;21.06873;21.06873;-2316.41083;441.22067
1.06850;1.00286;0.40281;-3.25694;3.40281;9.30341;11.16100
0.17739;-0.83779;1.90330;-5.55461;4.90330;35.41676;27.01628
1.11475;0.15882;-23.99370;21.38231;21.38231;-2377.79683;449.12588
-0.07812;0.94560;9.45643;-12.54906;12.45643;488.55695;156.27237
0.72682;-0.41841;-24.25235;20.90956;20.90956;-2342.30008;444.23520
0.74804;0.36391;-14.41530;12.14547;12.14547;-408.34790;139.14255
0.90371;0.23471;0.74032;-3.83022;3.74032;13.51415;14.28333
-0.23710;-0.12705;14.74437;-18.79186;17.74437;1523.60341;333.20027
-0.61523;-0.82938;-7.44498;4.71816;4.71816;-23.90603;21.12733
-0.26548;-0.12157;4.41523;-7.03755;7.41523;94.53071;52.40957
0.76413;-0.37621;-14.21666;11.68729;11.68729;-375.23990;131.38307
0.21026;-1.39659;-14.27141;10.06665;10.06665;-304.21161;113.22585
-1.09611;0.87177;-6.36283;3.16682;3.16682;-8.79804;10.56109
0.65299;-0.11865;-14.42285;11.81757;11.81757;-392.07000;135.22669
0.52363;-0.74596;11.36556;-15.08067;14.36556;797.52546;216.41259
0.03860;1.06986;3.52278;-6.31165;6.52278;66.17176;41.28618
-0.64763;0.48544;-5.15907;2.74633;2.74633;-3.39506;6.30936
0.64767;1.04155;-2.12429;-0.02878;0.87571;0.44659;0.62799
-0.21073;0.02250;-8.18352;5.61672;5.61672;-39.15198;29.37788
-0.36936;0.33955;-3.65423;0.47048;0.47048;-0.13634;0.22437
0.62843;-0.74646;23.42190;-26.32953;26.42190;4587.29810;695.72438
0.70859;0.24640;11.92906;-15.44433;14.92906;875.39118;230.37812
-0.89088;-1.09706;7.71950;-10.99156;10.71950;319.67476;117.70650
0.78245;0.58319;0.27031;-3.67783;3.27031;10.27849;11.86538
-0.72610;0.55490;7.26941;-9.81636;10.26941;253.45688;101.08611
0.77347;-0.16021;-13.36497;10.06623;10.06623;-266.67050;104.20912
-0.54245;-0.21631;-4.75563;2.39254;2.39254;-1.91213;4.62028
-1.02473;-0.88092;-7.49841;4.11819;4.11819;-20.18218;18.37134
0.24188;1.26602;-2.79081;0.33993;0.33993;0.27449;0.27883
0.66919;0.74737;-2.02886;-0.21916;0.97114;0.42869;0.73019
-0.46047;-0.06311;-4.70064;2.51955;2.51955;-1.93934;4.86195
-0.98144;1.01842;-6.13103;3.16813;3.16813;-7.79229;9.93840
0.61459;0.50187;0.01172;-3.76720;3.01172;9.35716;11.11070
-0.13186;0.72859;3.80235;-6.63434;6.80235;75.89398;45.22013
0.27553;1.24070;-2.69607;0.19036;0.30393;0.24719;0.25037
-0.61296;-0.58471;7.86411;-10.46099;10.86411;303.25811;113.89161
0.57168;-0.98331;10.87636;-13.99960;13.87636;676.86179;194.20567
-0.07729;-1.79719;-2.13627;-2.51326;0.86373;0.37871;2.02625
-0.50787;-0.33977;-4.65828;2.31943;2.31943;-1.63618;4.28613
1.23136;-0.42692;11.83807;-13.96300;14.83807;747.01620;207.81284
-0.89252;-0.83072;-4.99715;1.85357;1.85357;-1.85614;3.63524
0.22665;1.16084;-8.52362;6.33094;6.33094;-51.65660;35.53631
-0.80361;-0.96644;-8.33686;4.85033;4.85033;-33.28119;25.70142
0.46999;-0.61723;-14.52574;11.43029;11.43029;-378.09027;131.69717
0.58040;-0.54704;0.72140;-4.36155;3.72140;16.18280;16.01344
0.34013;1.21731;4.24990;-6.15395;7.24990;75.80354;45.46377
1.15924;1.08459;0.50685;-3.17827;3.50685;9.50066;11.33700
-0.00203;0.90509;-2.93983;-0.18848;0.06017;-0.06367;-0.04870
0.76204;-0.54003;-1.60259;-1.00263;1.39741;0.62941;1.63744
0.78171;-0.93877;-1.31744;-1.57310;1.68256;1.13310;2.70457
-0.93393;-0.89500;5.07656;-8.31135;8.07656;137.42012;67.02355
-0.65967;-0.59624;8.38619;-11.74677;11.38619;386.67047;133.60313
-0.39257;-0.46050;-3.97090;1.23265;1.23265;-0.20349;1.34478
0.27649;0.13315;2.53463;-5.65603;5.53463;43.73353;31.24701
0.06868;-0.15178;5.19490;-6.88276;8.19490;107.77155;57.49006
-0.61766;-0.59024;4.18289;-7.43628;7.18289;97.51102;53.30329
-0.99649;-0.47066;5.34415;-8.56734;8.34415;151.03401;71.38802
-0.55091;-0.21554;-3.97022;0.66208;0.66208;-0.28998;0.51204
-0.10021;0.80975;3.00083;-6.32263;6.00083;58.32460;37.80603
-0.34479;0.44146;-3.59801;0.40441;0.40441;-0.12828;0.15441
-0.23038;-0.53910;-19.95215;17.82564;17.82564;-1314.04905;302.81038
0.35333;-0.34894;14.84359;-18.02194;17.84359;1441.63445;321.49500
1.65611;0.81770;-12.43953;10.88645;10.88645;-261.70092;104.00978
0.53016;-1.02162;1.03348;-4.62952;4.03348;20.01872;18.46385
-0.01455;0.57514;-8.33135;5.93899;5.93899;-44.43260;32.05896
0.57037;0.21902;-9.86229;7.24943;7.24943;-87.62574;49.97874
0.60693;0.07774;-14.52443;11.91812;11.91812;-402.39479;137.58517
1.30579;-0.24212;1.80463;-3.85136;4.80463;20.74414;19.20818
0.82292;-0.03570;0.78326;-3.99866;3.78326;14.61919;15.03188
-0.50773;-0.02693;-17.34525;15.08943;15.08943;-796.57215;216.97218
0.91489;-0.44575;1.23313;-4.13721;4.23313;18.37442;17.56359
0.07958;0.86314;-9.54591;6.47720;6.47720;-69.05733;42.36597
-0.69979;-0.94575;-4.62208;1.69859;1.69859;-1.10601;2.79496
0.62245;-0.09190;-12.07758;8.43343;8.43343;-168.11898;76.33683
0.05468;0.88577;-9.51664;6.43411;6.43411;-67.92013;41.88920
-0.40159;0.24898;-3.70882;0.50168;0.50168;-0.15900;0.26276
0.56804;0.90876;-14.75722;12.42014;12.42014;-441.31702;146.46767
0.51557;-0.87686;-1.81722;-1.32497;1.18278;0.42174;1.50110
0.75132;0.67509;-12.87142;9.38436;9.38436;-223.36091;92.45274
-0.93694;-0.83179;-4.44080;0.49945;0.49945;-0.69893;0.47047
-1.48074;-0.29059;-7.33854;3.26852;3.26852;-14.29128;13.93183
-0.48859;-0.79771;8.26778;-10.89137;11.26778;340.21183;122.94515
0.00516;0.69693;-2.84927;-0.42952;0.15073;-0.13329;-0.05522
-1.17053;0.76491;-6.14080;2.79208;2.79208;-6.70036;8.62541
-0.54478;0.44858;-3.67918;-0.14318;-0.14318;-0.41599;-0.33935
1.11944;0.78925;-0.14951;-2.56471;2.85049;5.10530;7.47398
1.36468;0.65196;-0.10676;-2.05325;2.89324;4.20217;6.53694
0.83464;0.07996;-0.65635;-2.55592;2.34365;3.56944;5.89532
1.01523;-0.69736;-13.67627;11.28036;11.28036;-330.48361;120.82537
-1.15755;0.80152;6.40401;-9.72395;9.40401;218.54370;91.30975
1.50890;1.23660;13.62762;-15.57161;16.62762;1043.77327;259.72559
-0.30657;0.56871;3.60604;-6.80162;6.60604;75.22204;44.84357
-0.73994;-0.28510;5.55844;-8.28470;8.55844;149.45726;71.05970
-0.46012;1.48088;-5.77258;3.84534;3.84534;-8.52124;11.48558
-1.11307;-1.22172;-5.13248;1.47547;1.47547;-1.79619;2.92582
0.83055;-0.75458;-10.49513;7.86875;7.86875;-113.14533;59.19904
-0.97160;0.19626;-6.84171;3.78650;3.78650;-13.89890;14.51977
-0.08044;0.56175;-15.95717;13.39806;13.39806;-571.85142;173.87002
-0.62417;-0.36780;-4.07155;0.66403;0.66403;-0.36714;0.54930
-0.69092;-0.85025;-4.31806;1.05391;1.05391;-0.54912;1.27448
0.85110;-0.86072;1.64762;-4.46544;4.64762;23.74175;20.85307
-0.89168;0.59147;7.01451;-9.86363;10.01451;245.53374;98.86062
1.23606;1.15563;0.17438;-2.69138;3.17438;6.54848;8.84327
1.24159;1.22800;-12.09704;9.58203;9.58203;-203.42209;87.46938
0.11529;-1.07830;-14.84990;11.00003;11.00003;-373.24943;130.10485
0.33177;-1.38236;1.13955;-4.99050;4.13955;23.35770;20.41399
-1.06232;-0.69682;-5.29049;1.89777;1.89777;-2.49224;4.18901
0.79683;-0.49510;1.05942;-4.22148;4.05942;17.66429;17.06233
-0.32037;-0.33435;21.25901;-23.89038;24.25901;3488.55328;579.77528
0.11171;0.48633;9.91090;-13.14494;12.91090;552.67990;169.60977
-0.69886;-1.00677;4.69862;-7.76944;7.69862;115.61786;59.77984
-0.09022;0.68794;-3.34690;0.66892;0.66892;0.12825;0.41898
0.74028;-0.96604;-13.84791;10.79743;10.79743;-316.94072;117.10498
-0.92798;-0.74752;-7.37496;4.19970;4.19970;-19.78915;18.29354
-0.57662;-0.60363;5.37625;-7.92255;8.37625;135.53283;66.63958
-0.29144;-0.08946;4.33232;-7.04179;7.33232;92.95483;51.79901
0.10980;-0.63464;2.00793;-5.68927;5.00793;37.91185;28.26684
-0.67797;-0.93142;-7.57768;4.69030;4.69030;-24.82111;21.53017
0.94052;1.03503;10.80518;-12.50384;13.80518;569.71870;173.69184
-0.50702;-0.76924;17.27203;-20.06189;20.27203;2050.61156;406.81124
-0.31258;0.66517;-9.15343;5.82244;5.82244;-53.84046;35.68990
0.19505;-1.06484;-14.74968;11.02991;11.02991;-369.75185;129.36749
1.23920;0.20954;-0.37568;-1.97036;2.62432;3.35818;5.60475
1.14595;-0.24357;-23.64394;21.21186;21.21186;-2291.20148;438.26105
-1.05057;0.85025;-18.54678;15.43381;15.43381;-929.27782;239.89279
-0.53258;-0.66822;-4.14601;1.17899;1.17899;-0.37626;1.36790
0.37277;-1.27975;-11.05490;7.45715;7.45715;-116.94173;59.85710
-0.33837;0.59634;-9.76371;5.99222;5.99222;-65.24708;40.29266
0.90313;0.90280;-12.53483;9.34112;9.34112;-210.26966;88.97853
-0.44792;-0.58978;-8.01099;5.21833;5.21833;-33.34582;26.26339
0.19860;-0.12552;2.34850;-5.69464;5.34850;41.91195;30.31466
-1.33862;-1.64758;-8.45275;4.13204;4.13204;-28.17716;22.30671
1.14744;0.79283;-0.13663;-2.51785;2.86337;5.04235;7.41215
0.09278;-1.27382;-14.81587;10.84108;10.84108;-363.94539;127.84692
0.50216;1.49243;-2.48877;0.47494;0.51123;0.49309;0.49341
0.25120;1.22263;-15.46836;13.27477;13.27477;-532.72782;166.08036
0.86298;0.76386;-12.78720;9.52662;9.52662;-225.27115;93.12558
0.76362;0.13455;0.57390;-3.95105;3.57390;13.12706;13.96767
-0.82500;0.24885;-17.87995;15.10296;15.10296;-842.19727;224.85522
-1.00346;-0.40186;7.24769;-10.46844;10.24769;277.71739;107.17909
0.10462;0.61785;-2.69810;-0.48222;0.30190;-0.07509;0.06355
-1.25551;0.40148;-6.00558;2.45213;2.45213;-5.35694;7.16992
1.02864;0.02548;-13.14079;10.36760;10.36760;-269.43992;105.26191
0.09458;0.81856;-3.18434;0.91746;0.91746;0.32476;0.67005
0.42589;-1.26856;1.16190;-4.85952;4.16190;22.59549;19.99769
-0.99711;-0.58357;7.32304;-10.57346;10.32304;285.02303;109.04072
0.40665;1.39478;-27.71518;25.50664;25.50664;-3958.07233;630.95332
1.17311;1.04078;-11.97354;9.33783;9.33783;-191.69002;84.00864
-0.10767;-0.24051;4.88327;-7.00272;7.88327;103.52248;55.83849
-0.22653;0.69612;15.46082;-19.02198;18.46082;1645.40222;350.95951
-1.75833;-1.56258;-8.19442;3.36310;3.36310;-20.49932;17.39213
0.46349;-0.70133;-10.48040;7.33935;7.33935;-101.78263;54.83572
-0.27728;0.23599;-3.63424;0.76522;0.76522;-0.02016;0.55511
-0.53125;-0.67401;4.47330;-7.43189;7.47330;103.50204;55.56183
1.23883;1.22436;0.46936;-2.98977;3.46936;8.66094;10.66987
-1.15097;-0.12967;-18.18597;14.74840;14.74840;-838.44279;223.79774
0.23065;0.52545;-2.51721;-0.51545;0.48279;0.01476;0.23280
0.57306;0.56425;-0.21616;-3.63654;2.78384;7.84416;9.87897
0.77066;-0.85647;-14.01385;11.23492;11.23492;-344.05558;123.86249
1.14004;0.32828;1.06983;-3.66031;4.06983;14.63963;15.14354
0.78783;0.35556;-1.79859;-0.40970;1.20141;0.52654;1.04478
-0.04491;0.53702;-8.35384;5.90582;5.90582;-44.33334;31.97097
-0.75650;-0.97750;4.96916;-7.98397;7.96916;126.87096;63.61817
-0.38499;0.36959;-3.65152;0.40244;0.40244;-0.16113;0.15317
-0.65850;-0.79219;-7.38116;4.61995;4.61995;-22.67033;20.37442
0.08549;0.71345;16.86208;-19.07971;19.86208;1845.82219;379.50697
0.14498;1.00753;-2.77195;-0.10384;0.22805;0.06325;0.08964
0.19800;0.00229;-10.14178;6.84323;6.84323;-85.62419;48.74588
-0.95098;0.39356;-6.72186;3.73449;3.73449;-12.94839;13.90558
-0.00563;0.84625;-21.19205;18.62046;18.62046;-1558.75007;339.00435
-0.73627;-0.71439;5.25985;-8.10578;8.25985;137.05398;67.03542
0.81743;-0.66420;-13.58258;10.52873;10.52873;-294.05945;111.39490
0.94940;0.21518;-0.53209;-2.45449;2.46791;3.73389;6.06421
-1.11399;0.18235;-5.69125;2.37079;2.37079;-4.21370;6.24584
-0.95646;-0.96501;5.01312;-8.31146;8.01312;135.79979;66.47379
0.53547;-1.05246;10.85850;-14.07708;13.85850;681.16634;194.98979
-0.88236;1.09068;-18.47905;15.71115;15.71115;-948.09401;243.32322
0.74980;0.01053;-13.30041;9.91557;9.91557;-258.37940;101.97903
0.79042;-0.53156;1.07689;-4.24248;4.07689;17.91093;17.22018
0.31646;-0.92209;-2.06862;-1.39872;0.93138;0.16167;1.12368
0.74292;-0.72829;1.16077;-4.36796;4.16077;19.28304;18.08120
-0.37880;-0.63854;17.39430;-19.93110;20.39430;2049.43989;406.76609
-0.10035;-0.22547;8.85840;-10.96933;11.85840;372.18366;130.72086
-0.51370;-0.72484;4.59596;-7.45815;7.59596;106.68313;56.72545
-0.22784;0.56445;-8.76932;5.80473;5.80473;-48.43362;33.50734
-0.09049;0.94089;9.41244;-12.46669;12.41244;481.20620;154.71568
0.04073;0.04035;11.73453;-16.65302;14.73453;965.36344;245.33529
-1.01147;0.77323;6.72386;-9.77292;9.72386;231.57542;95.00654
-0.98880;0.25964;7.02012;-10.09736;10.02012;254.39288;101.13965
-0.12950;0.21907;-3.54417;1.07097;1.07097;0.13173;0.91557
-0.59207;-0.15593;-17.41308;14.97816;14.97816;-793.13857;216.24379
1.23239;1.12608;0.62178;-3.14255;3.62178;9.91178;11.67864
-0.61650;-0.04983;5.74796;-8.20222;8.74796;152.45829;72.10003
-1.22988;-1.22324;-7.81328;3.97419;3.97419;-21.62467;18.88534
-1.01500;-0.10435;8.35849;-13.00744;11.35849;451.23843;147.60013
-0.99980;-0.88676;17.63612;-20.97652;20.63612;2251.60925;432.73277
0.95041;0.66520;13.07982;-16.13886;16.07982;1045.10842;259.48146
-0.89307;0.47293;-6.65155;3.78311;3.78311;-12.77623;13.88432
0.25338;-0.21427;2.31802;-5.60843;5.31802;40.61984;29.70165
-0.15870;-0.41649;-16.63551;14.78204;14.78204;-716.57660;202.46255
0.74171;-0.31696;-11.73131;8.39705;8.39705;-157.20242;73.17804
-0.83561;0.81177;6.14851;-8.86341;9.14851;182.75504;81.24992
-0.19028;0.17538;-8.28922;5.68423;5.68423;-41.09577;30.30164
-1.43000;0.52180;6.14308;-10.00878;9.14308;219.09140;91.26553
-1.33971;0.61988;-6.62202;2.93781;2.93781;-9.16330;10.41573
1.01890;-0.40661;-13.35002;10.67687;10.67687;-290.35625;110.69602
-0.47983;-0.70959;-4.41678;1.94800;1.94800;-0.92486;3.09604
0.00903;0.79334;-2.87681;-0.33246;0.12319;-0.10168;-0.05273
1.12548;0.38742;-11.55910;8.92539;8.92539;-166.85230;76.60996
0.01457;0.11347;-3.49175;1.45732;1.45732;0.25140;1.43251
-0.77625;-1.08545;-7.89900;4.69838;4.69838;-27.72573;22.92715
0.72682;0.77777;10.60121;-12.74508;13.60121;571.91752;173.95976
-1.00650;-1.12567;4.85368;-8.30303;7.85368;131.57325;65.03512
0.23219;-0.63460;2.05421;-5.53753;5.05421;36.89068;27.80459
0.73151;-0.87041;-1.50334;-1.33362;1.49666;0.79001;2.08414
1.00781;0.12936;-11.58526;8.74368;8.74368;-162.53775;75.15223
-0.02337;-0.52199;-2.59516;-1.26034;0.40484;-0.28346;0.26546
-0.55348;-0.32337;4.04309;-7.29354;7.04309;91.96039;51.25956
-0.79582;-1.09733;-8.01639;4.72335;4.72335;-29.01952;23.56910
-0.15838;-0.36145;17.50389;-19.66340;20.50389;2025.61826;403.77297
0.74959;-0.88948;1.37135;-4.47532;4.37135;21.58461;19.51389
0.40743;1.27485;-9.11819;6.77154;6.77154;-66.59730;41.86298
-0.60843;0.57929;-6.46757;4.14179;4.14179;-13.43166;14.81271
-1.11513;-1.16405;-8.79563;4.59876;4.59876;-35.69361;26.41242
-1.26691;0.43231;-6.04184;2.47105;2.47105;-5.52127;7.31261
-1.18621;-0.81327;-5.41719;1.77856;1.77856;-2.62754;4.08176
-0.70620;-0.78668;-4.74125;1.91188;1.91188;-1.43820;3.42166
-0.78394;0.37917;7.25922;-9.93985;10.25922;257.69922;102.16025
1.36533;1.35852;13.13402;-15.40246;16.13402;980.50954;249.00322
0.28256;0.66564;-27.61945;24.73108;24.73108;-3755.94250;608.92443
-0.92360;0.60228;5.98051;-8.88762;8.98051;178.32014;79.86396
0.02407;0.89374;-2.89600;-0.21538;0.10400;-0.05468;-0.03019
1.37408;0.90100;-25.11047;22.92793;22.92793;-2854.54222;507.52292
-0.91532;0.03047;19.77701;-22.75608;22.77701;2950.07396;518.32601
0.43654;0.26690;-0.10437;-3.99922;2.89563;9.69114;11.33295
0.26034;1.02421;-2.61817;-0.10295;0.38183;0.14300;0.19819
-0.37387;0.43245;8.94802;-12.21625;11.94802;440.79734;145.84388
-0.36686;-0.23944;-4.50019;2.43041;2.43041;-1.43259;4.32752
-0.36466;1.24085;-5.97540;4.19687;4.19687;-10.91905;13.47113
0.63321;-0.14838;-13.43654;9.82655;9.82655;-260.30130;102.34323
0.48104;-1.01945;-24.20447;20.48596;20.48596;-2264.78960;434.16361
0.03697;0.07771;-3.49287;1.54011;1.54011;0.26105;1.55687
-0.42688;-0.70767;-19.95864;17.53981;17.53981;-1282.77507;297.82640
0.34718;0.98953;3.15067;-5.77520;6.15067;53.19310;35.74431
0.71779;-0.73982;-1.10227;-2.16069;1.89773;1.95744;3.98622
-0.99152;-1.03566;4.94536;-8.32881;7.94536;134.50189;66.02047
-1.56136;0.40720;18.30602;-22.43246;21.30602;2614.25287;477.70049
1.45752;1.45726;13.17746;-15.26238;16.17746;971.61768;247.57337
1.35978;0.77114;-0.05180;-2.14005;2.94820;4.52081;6.87663
0.52693;-0.80120;-1.82889;-1.25888;1.17111;0.40452;1.43233
-0.89667;1.09923;-18.64883;15.85500;15.85500;-976.99978;248.22599
0.05173;0.98547;15.75746;-18.74985;18.75746;1648.91749;351.70346
0.05483;0.60884;-2.75898;-0.49953;0.24102;-0.11656;0.00785
-0.30836;-0.56685;4.89545;-7.29302;7.89545;109.79565;57.97362
-1.26128;-0.27268;14.55673;-20.10032;17.55673;1667.46833;353.24145
0.91244;0.80792;-0.17737;-2.98356;2.82263;6.03633;8.34750
-0.80159;-1.10771;-4.63187;1.40561;1.40561;-0.98890;2.19345
-0.59168;0.22475;8.73473;-12.44708;11.73473;441.53587;145.83375
0.62250;-0.43785;-11.84938;8.27709;8.27709;-157.26954;73.04286
-1.24955;-0.10918;5.43160;-9.04702;8.43160;166.55974;76.06785
-0.72754;-0.70287;-4.81517;1.98777;1.98777;-1.63243;3.70188
-0.15149;-0.18654;-16.28073;14.00150;14.00150;-634.22442;186.44042
-1.34748;0.34321;-6.89895;3.16593;3.16593;-11.38610;12.11163
-1.48027;0.04483;-6.16071;2.14016;2.14016;-5.16497;6.51453
0.33673;-0.12554;-10.16180;7.04010;7.04010;-89.57456;50.36265
0.55178;0.54901;-0.34487;-3.55121;2.65513;7.02259;9.18164
-0.83885;-0.48976;-7.17235;4.22239;4.22239;-18.46220;17.64294
0.35725;-1.36484;-1.72254;-2.03693;1.27746;0.75806;2.36657
-0.88794;-0.28493;-19.63530;16.64588;16.64588;-1151.97834;276.91458
0.14655;1.16032;-28.00194;25.32655;25.32655;-3983.58544;633.40164
1.12152;-0.49697;11.76346;-14.13815;14.76346;754.73745;209.13837
0.46003;-0.89079;10.67848;-13.91101;13.67848;656.15132;190.17870
1.26567;0.84256;13.50075;-15.90811;16.50075;1064.04995;262.87978
-0.38538;-0.28220;-8.23018;5.39317;5.39317;-37.38422;28.29536
0.57452;-0.19960;-1.93436;-0.82880;1.06564;0.33088;1.01564
-0.37369;0.36154;3.71949;-6.93128;6.71949;79.38584;46.48002
0.14763;0.71741;2.88932;-5.95375;5.88932;51.87675;35.03233
1.05194;-0.41019;-11.10541;8.51254;8.51254;-143.20735;69.24262
-0.98794;0.92788;-18.50062;15.51472;15.51472;-932.34400;240.49480
-0.08120;-0.15233;8.90528;-11.01850;11.90528;376.89477;131.81835
-0.62782;-0.78339;8.31365;-11.45478;11.31365;368.77860;129.52969
0.68191;-1.00764;-1.48020;-1.54152;1.51980;0.88569;2.33206
-0.71069;-0.82824;-4.72498;1.86810;1.86810;-1.37805;3.29911
-1.24891;-1.41682;7.33433;-11.29644;10.33433;315.79509;116.49158
0.42168;-0.00079;-2.16690;-0.77003;0.83310;0.16029;0.67404
-1.09861;0.86250;-18.67320;15.47138;15.47138;-944.15639;242.39532
0.53554;-1.14586;-1.63601;-1.66776;1.36399;0.71893;2.14599
0.54037;0.31868;0.04887;-3.93732;3.04887;10.21122;11.75749
0.31318;1.32698;-8.63715;6.48512;6.48512;-55.24351;37.16133
-0.85947;0.58416;-6.57218;3.78198;3.78198;-12.32449;13.62582
-0.59462;0.54617;7.45730;-9.76280;10.45730;258.69223;102.56038
0.52713;-0.15068;2.46588;-5.28742;5.46588;38.94680;28.99761
-0.56490;0.07186;-16.44365;12.91931;12.91931;-572.83746;173.48927
1.20763;0.76100;-11.67316;9.15345;9.15345;-176.79363;79.68713
0.75887;-0.85200;-1.15954;-1.94544;1.84046;1.64325;3.53078
0.04835;0.93636;9.40946;-11.90786;12.40946;449.61353;148.08379
-1.06274;-0.41994;-19.78744;16.45668;16.45668;-1148.30419;276.12744
-0.05635;-0.99882;-15.09037;11.00047;11.00047;-385.28666;132.75179
-0.98067;-1.17447;4.09997;-7.91291;7.09997;105.33422;55.94018
0.89819;0.71271;-12.19348;9.01545;9.01545;-188.75924;82.80228
-0.93443;-1.24189;-8.10909;4.56398;4.56398;-28.55667;23.11950
0.79142;0.78143;25.13951;-28.55533;28.13951;5694.62135;803.36841
0.42956;0.23072;-0.08298;-4.03038;2.91702;9.92226;11.50992
-0.58498;1.10557;-17.92105;15.71300;15.71300;-897.99093;235.00728
0.28980;0.77652;2.96559;-5.78907;5.96559;50.84347;34.63129
-1.05130;-1.10883;-17.19102;13.12790;13.12790;-637.68024;186.04934
-1.16557;0.47640;5.81480;-9.19035;8.81480;182.21871;80.85859
-1.00411;-1.00620;-8.73778;4.73097;4.73097;-36.35716;26.89528
0.32110;-1.36839;1.38102;-5.12428;4.38102;26.46621;22.21606
-0.64779;0.45674;-6.55264;4.13503;4.13503;-13.90705;15.06627
-0.74166;-0.68566;5.28290;-8.12686;8.28290;138.16638;67.39811
-0.50136;0.97848;7.40640;-9.47533;10.40640;246.05683;99.28640
-0.66502;-0.87910;-4.32845;1.16661;1.16661;-0.56632;1.47541
-0.96916;0.67652;6.01378;-8.99601;9.01378;182.55649;81.09704
-0.34629;0.25106;14.98472;-19.02184;17.98472;1583.23055;341.85292
0.52958;1.54798;4.12519;-5.85799;7.12519;69.02375;42.77436
-0.40372;-0.57499;-4.38461;2.11076;2.11076;-0.97146;3.41748
0.89190;-0.17792;-0.74094;-2.29031;2.25906;2.92679;5.15857
1.35129;1.06764;-12.45375;10.19624;10.19624;-236.73167;96.90175
1.40236;1.39116;0.62209;-2.81587;3.62209;8.74172;10.76492
-0.83648;-0.77029;-7.37003;4.34010;4.34010;-20.66513;18.95161
0.42759;-0.02070;-2.15531;-0.77945;0.84469;0.16650;0.69208
-0.32078;0.20019;-8.56902;5.60817;5.60817;-43.61671;31.25196
1.14082;1.13601;0.33340;-3.05112;3.33340;8.27382;10.33165
-1.02512;0.97473;18.97454;-22.02480;21.97454;2661.85473;483.96031
-0.94126;0.54451;-5.60269;2.65477;2.65477;-4.51522;6.93624
0.88940;-0.45022;2.37728;-4.74563;5.37728;32.73228;25.93413
-0.20177;-0.03897;-3.68351;1.17707;1.17707;0.04550;1.11222
0.07476;0.79867;-2.79010;-0.32906;0.20990;-0.05468;0.01304
-0.20404;-0.43914;-3.88405;1.66661;1.66661;-0.12729;2.01774
0.55630;-1.03318;-14.25249;11.07444;11.07444;-347.89526;124.53398
-1.34888;0.36328;5.68187;-9.41494;8.68187;184.83994;81.50711
1.16468;-0.55673;-13.47039;11.31455;11.31455;-322.66435;119.06791
-0.20092;0.68694;-22.26503;18.72023;18.72023;-1713.02735;360.44754
-0.94290;-0.71378;-19.92207;16.73143;16.73143;-1191.17436;283.04413
-0.73629;1.26251;-5.90173;3.42901;3.42901;-7.66528;10.28322
-0.99727;0.38188;5.81827;-8.89322;8.81827;173.58883;78.38677
-0.91781;0.48217;5.90993;-8.82298;8.90993;174.30032;78.65748
0.57323;-0.03981;2.55107;-5.25611;5.55107;39.59201;29.34624
0.31130;0.33904;-9.89195;6.90766;6.90766;-82.11242;47.61516
-0.42144;0.04586;-21.18384;18.05499;18.05499;-1487.27480;328.24872
-1.05345;0.78770;18.65141;-21.77741;21.65141;2559.60768;471.45259
-0.20049;0.80944;9.35500;-12.73421;12.35500;493.33745;157.17750
-0.68350;-0.90188;7.93645;-10.80315;10.93645;321.14038;118.21922
-1.41533;0.48633;-6.77950;2.93711;2.93711;-9.89012;10.85702
-0.83225;-0.51981;-5.04016;2.09386;2.09386;-2.18100;4.29939
0.22743;1.11587;3.29688;-5.98443;6.29688;58.04357;37.86384
0.30861;0.35180;-22.45134;19.46791;19.46791;-1842.22040;378.68537
0.58707;1.47754;-2.34256;0.37621;0.65744;0.51752;0.53660
0.56074;-0.50593;-22.88079;19.97529;19.97529;-1978.44258;397.17406
0.29931;-0.83450;1.94392;-5.40015;4.94392;34.35983;26.52185
0.15911;1.15681;16.00187;-18.68817;19.00187;1673.28817;355.29174
-1.79562;-1.76304;4.20956;-9.17012;7.20956;136.34975;66.09312
-0.88680;0.95691;-6.31223;3.51983;3.51983;-9.86185;11.77307
-0.27252;0.60210;-15.76118;12.06103;12.06103;-478.28807;153.68550
0.12884;1.09693;-2.84480;0.04977;0.15520;0.10252;0.10526
-0.96703;0.20419;5.73109;-8.77663;8.73109;167.67934;76.60726
-0.40983;0.67277;7.66461;-9.60984;10.66461;260.96118;103.29073
-1.11756;-0.91321;-5.28282;1.73559;1.73559;-2.30136;3.76329
1.06513;-0.65505;1.99687;-4.31885;4.99687;25.60282;22.03466
0.64865;1.60282;3.82482;-5.59885;6.82482;60.53675;39.19984
0.28761;1.30376;3.89361;-6.10345;6.89361;69.00477;42.62597
-0.39954;1.11190;7.49306;-9.35402;10.49306;244.87902;99.04624
0.90599;-0.73299;-1.30350;-1.21513;1.69650;1.01205;2.36008
-0.39160;-1.07296;9.64422;-14.30456;12.64422;610.76975;180.72904
0.55274;1.58316;16.62465;-18.37103;19.62465;1714.79083;361.54456
0.02413;1.00979;-28.25008;25.57939;25.57939;-4103.73581;646.07347
1.08413;0.68097;-0.22871;-2.54488;2.77129;4.80834;7.17864
0.53487;-0.92846;-1.76978;-1.37154;1.23022;0.47970;1.62162
-1.03180;-0.00975;-19.54796;16.34884;16.34884;-1112.62767;270.45031
-0.73269;0.24221;-10.08017;5.57193;5.57193;-64.04458;39.26481
-1.12422;-0.93072;-7.56191;3.99811;3.99811;-19.88273;18.03659
0.39565;0.35687;10.28985;-13.13202;13.28985;576.50093;174.60769
-0.94853;1.04384;6.41584;-9.31380;9.41584;205.37433;87.75087
-1.06629;0.81373;-6.45484;3.30791;3.30791;-9.73891;11.36026
-0.80333;-0.46172;-7.14160;4.26076;4.26076;-18.47800;17.70948
1.07309;0.03897;1.14974;-3.82697;4.14974;16.02207;16.06837
0.62151;-0.85899;1.04851;-4.49466;4.04851;19.26223;18.02336
0.69036;0.42563;-12.33001;8.74783;8.74783;-184.91596;81.41106
0.88526;-0.25071;1.03227;-4.06055;4.03227;16.54927;16.35930
0.94060;0.57358;13.13426;-16.20053;16.13426;1056.44486;261.35165
0.90277;0.55462;0.51572;-3.66053;3.51572;11.47655;12.80223
-1.18759;-0.52632;-5.52441;1.94770;1.94770;-3.08340;4.71160
-0.44987;-0.24470;8.65051;-11.67875;11.65051;396.76918;136.04957
-1.11137;-0.07809;5.51132;-8.86770;8.51132;163.85295;75.32944
1.34117;1.22522;0.23918;-2.54104;3.23918;6.38413;8.70179
0.90635;-0.21436;-0.74937;-2.24056;2.25063;2.83600;5.04773
0.78455;-0.55625;-13.54081;10.36952;10.36952;-285.80039;109.22483
-0.76949;1.04100;-5.61955;3.05766;3.05766;-5.49908;8.27673
0.78681;0.42301;-13.06920;9.69486;9.69486;-241.44357;97.46740
0.58105;-0.24925;10.65199;-13.42355;13.65199;620.38460;183.38534
-1.06479;0.57776;5.91598;-9.08989;8.91598;182.34127;80.96584
-0.69202;-0.64655;-4.78925;2.04071;2.04071;-1.62989;3.79288
1.28072;0.05013;1.49640;-3.70854;4.49640;17.65536;17.22420
-1.05559;-0.67150;-9.17202;4.82537;4.82537;-42.23755;29.56236
0.92472;0.19558;-13.12077;10.08389;10.08389;-257.77204;102.03864
1.26382;0.74181;1.00206;-3.39708;4.00206;12.96132;13.98930
0.67596;-0.26820;0.69245;-4.18397;3.69245;15.02419;15.26376
0.59803;-0.77447;-1.17689;-2.35691;1.82311;2.01547;4.10125
-0.86992;0.10011;-5.31934;2.43523;2.43523;-3.30086;5.70943
0.66080;-0.92076;-1.23591;-2.08287;1.76409;1.61973;3.54040
0.41586;-0.36901;-2.09046;-0.99410;0.90954;0.17330;0.86368
-0.36977;-0.32061;-4.46869;2.36601;2.36601;-1.31348;4.12487
0.34615;-0.18437;-2.21855;-0.90982;0.78145;0.08700;0.65092
-0.98311;-0.29413;5.45094;-8.61313;8.45094;155.19271;72.71456
-0.70429;-0.33387;-4.11130;0.47544;0.47544;-0.44277;0.31151
1.05488;-0.28706;2.54083;-4.57935;5.54083;32.87096;26.08522
-0.28632;0.25384;-3.09632;-0.85183;-0.09632;-0.46060;-0.33138
1.26195;-0.42396;-0.90450;-0.95223;2.09550;1.45630;2.89380
-0.26618;-0.35881;-4.29458;2.33938;2.33938;-0.97726;3.82383
0.63705;-1.06834;1.64873;-4.78550;4.64873;26.17193;22.18278
0.93586;-0.20755;13.65451;-16.57969;16.65451;1147.14960;276.16550
-0.62799;-0.00304;-6.79645;4.33152;4.33152;-16.51263;16.78350
-0.04940;0.97963;-21.76176;18.75440;18.75440;-1650.08433;351.86190
0.63501;-1.05106;-1.53127;-1.57955;1.46873;0.82974;2.26761
0.44546;-0.74468;10.61199;-13.80002;13.61199;643.58938;187.76045
-0.52193;-0.71045;-4.49091;1.96933;1.96933;-1.05549;3.23252
-0.21129;0.21278;4.20055;-6.88273;7.20055;87.44820;49.74357
-1.08528;-1.11774;-21.35117;17.20260;17.20260;-1405.02596;315.44326
-1.26130;0.71424;-6.29685;2.77137;2.77137;-7.24563;8.94310
-0.34018;-0.44295;-16.50231;13.89448;13.89448;-642.41617;187.84209
-0.29419;0.50813;-8.84830;5.74275;5.74275;-48.71800;33.53536
1.04906;0.18139;-0.49342;-2.26789;2.50658;3.52050;5.81824
-0.46696;-0.75556;-4.20559;1.53865;1.53865;-0.47929;2.04924
-0.07227;0.03390;8.99063;-11.20328;11.99063;390.31056;134.88307
0.72154;-0.95224;-1.25446;-1.87570;1.74554;1.41888;3.21326
-0.18052;0.51160;9.09444;-11.88841;12.09444;431.17767;143.89731
1.30256;1.25828;0.60145;-2.99038;3.60145;9.25649;11.16861
-1.13112;-0.73698;-7.43628;3.91310;3.91310;-18.45075;17.16644
0.68206;1.12009;-9.24526;7.18217;7.18217;-75.18496;45.54241
1.47761;1.46545;0.70064;-2.74379;3.70064;8.84223;10.86110
-0.81648;0.55298;-5.42500;2.71024;2.71024;-4.08926;6.73530
-0.79730;1.16232;-5.80302;3.20364;3.20364;-6.57220;9.22031
0.20845;0.06240;-10.10142;6.84290;6.84290;-84.86006;48.48170
0.44517;1.43690;10.01932;-12.14454;13.01932;498.38282;158.74234
-1.20233;-1.49511;7.50014;-11.49037;10.50014;331.82446;120.40052
0.81985;0.22198;-0.59632;-2.67382;2.40368;3.95565;6.31018
0.00699;1.02438;-9.21356;6.26929;6.26929;-60.75641;38.98325
0.74306;-0.28191;-1.70315;-0.82075;1.29685;0.53479;1.35911
0.61595;0.25586;-12.32837;8.61173;8.61173;-180.79494;80.10349
1.16204;0.77674;0.80303;-3.42359;3.80303;11.98357;13.24573
0.08733;0.23598;-2.62660;-0.75594;0.37340;-0.14626;0.12759
-0.67705;0.66815;-5.27505;2.83564;2.83564;-3.89118;6.81009
0.56504;-0.19103;10.61826;-13.39353;13.61826;616.01267;182.52165
0.10892;0.62048;-3.24864;1.15310;1.15310;0.36616;0.94345
0.53302;-0.19582;-1.98652;-0.84248;1.01348;0.28528;0.94664
1.19749;-0.34474;2.49073;-4.35398;5.49073;30.38503;24.79796
-0.14041;0.76255;3.72934;-6.62078;6.72934;74.40840;44.61067
0.45711;-1.20267;-1.73549;-1.70083;1.26451;0.59668;1.98015
-0.68254;-0.99156;-4.47951;1.45273;1.45273;-0.80125;2.13611
0.45961;-0.81794;1.99755;-5.19627;4.99755;33.00310;25.87911
-0.58923;-0.12578;-16.53008;13.06802;13.06802;-588.26408;176.63367
0.27697;0.79972;10.03807;-12.86876;13.03807;543.45092;167.87557
0.34272;1.24403;-9.13561;6.69102;6.69102;-65.66813;41.40829
0.64690;-1.05584;1.40826;-4.65162;4.40826;23.11732;20.39868
1.63477;1.47420;-24.04808;22.33968;22.33968;-2551.77149;471.27020
-0.90722;-0.77944;5.17351;-8.32389;8.17351;140.23733;67.96585
-1.23681;0.09444;5.55105;-9.11202;8.55105;171.92574;77.71556
-0.79143;-0.76661;-17.44549;14.49037;14.49037;-757.08788;209.34343
0.45848;1.18658;-14.97414;12.62516;12.62516;-464.85160;151.60692
-1.12156;-0.16860;7.00173;-10.39206;10.00173;264.86467;103.78152
-0.87717;0.57293;5.98037;-8.80507;8.98037;175.89791;79.16816
1.24932;-0.28006;-23.40543;21.23669;21.23669;-2256.15375;433.93228
1.52614;0.31424;-10.83843;9.11194;9.11194;-151.55368;72.46550
0.66396;-0.16790;-13.42871;9.89002;9.89002;-262.41318;102.94335
1.54233;0.78958;1.43371;-3.23095;4.43371;14.67249;15.28813
0.17427;1.03511;16.67429;-18.89439;19.67429;1793.28296;372.27573
0.33613;0.46547;-2.37342;-0.51959;0.62658;0.10055;0.38193
0.13389;-1.39610;-1.72867;-2.67064;1.27133;1.21455;3.18511
0.88769;1.57447;-8.83484;7.31803;7.31803;-70.36529;43.99109
-0.42935;0.06150;-15.79249;11.53280;11.53280;-450.43487;147.30013
0.22336;0.85250;-15.17827;12.29844;12.29844;-458.19703;149.83743
-0.21506;-0.51032;-16.53164;14.38301;14.38301;-679.31988;195.23255
-1.20425;-0.73589;-5.47082;1.81909;1.81909;-2.79300;4.27495
-0.31822;0.42164;-3.59076;0.48643;0.48643;-0.09122;0.23792
-0.42395;-0.13222;-3.85869;0.83050;0.83050;-0.16472;0.69925
-0.19768;0.82047;9.34665;-12.69794;12.34665;490.72249;156.63213
-0.24052;-0.33800;-7.86212;5.44964;5.44964;-33.97104;26.87685
-1.00373;-0.12510;-17.98578;14.81808;14.81808;-827.39288;221.98374
-0.92832;0.56787;6.97165;-9.89226;9.97165;244.97066;98.68334
-1.04605;-0.56934;-5.31569;1.98230;1.98230;-2.64781;4.45148
-0.15589;0.86998;-3.19245;-0.04624;-0.04624;-0.11944;-0.11400
-0.74224;0.58777;-5.33374;2.76173;2.76173;-3.92029;6.70493
0.94504;0.48009;0.64361;-3.68555;3.64361;12.28209;13.40819
1.23309;1.21627;0.47067;-3.00224;3.47067;8.70939;10.70886
0.44298;1.09568;3.25568;-5.68251;6.25568;53.45644;35.91668
-1.20017;-1.49030;-8.47214;4.34191;4.34191;-30.10407;23.51379
0.79658;0.73110;-12.43573;9.03772;9.03772;-197.21186;85.11815
0.24175;-0.32588;2.24680;-5.59783;5.24680;39.68060;29.22602
1.15040;1.01463;0.02861;-2.70925;3.02861;6.06304;8.39043
-0.31553;0.14894;-21.07520;18.15990;18.15990;-1486.70944;328.28800
0.62678;-0.97488;-1.60824;-1.43799;1.39176;0.68499;1.97876
-0.20957;0.61579;-15.67741;12.06184;12.06184;-473.46983;152.69991
-1.03518;0.46857;5.85511;-8.98841;8.85511;177.47147;79.53116
0.13376;0.12995;-10.08912;6.73709;6.73709;-82.77212;47.61501
-0.11683;0.89479;-34.19115;31.18490;31.18490;-7584.09849;972.69001
0.82683;-0.89510;-1.25985;-1.55339;1.74015;1.20982;2.80522
0.70884;0.42427;-0.53045;-3.01183;2.46955;4.87547;7.24026
0.40181;-1.27425;-1.57678;-2.19050;1.42322;1.09109;2.88110
-1.07502;-1.38085;16.86691;-20.70202;19.86691;2086.14077;411.04187
-0.87958;0.88992;-5.69994;2.91275;2.91275;-5.41899;7.98197
-0.82368;-0.51378;-5.03062;2.10078;2.10078;-2.16856;4.30219
0.36098;-0.96433;10.57056;-13.98889;13.57056;653.91703;189.67162
0.25920;-1.43717;-14.46042;10.58332;10.58332;-335.17702;121.04302
-0.91221;-0.03946;3.00413;-7.40855;6.00413;74.70215;44.27277
1.05548;0.53307;-12.88881;10.07718;10.07718;-248.63262;99.75437
-0.38501;-0.69427;-7.52067;5.09558;5.09558;-27.50118;23.40552
0.31176;0.22859;10.21569;-13.24311;13.21569;578.82873;175.00329
0.52198;-0.92278;-11.65183;7.99220;7.99220;-144.41696;68.92609
0.31216;1.31800;-8.95261;6.58921;6.58921;-61.33157;39.64264
-0.32047;0.27040;-19.07480;17.21775;17.21775;-1152.59257;277.66990
0.17150;0.75857;-15.21794;12.21070;12.21070;-455.56599;149.18598
0.70670;-0.01362;-0.76830;-2.70627;2.23170;3.52537;5.85859
-0.61689;-0.92226;8.17377;-11.09471;11.17377;345.12127;124.01088
1.31207;1.28803;13.13513;-15.50778;16.13513;990.41371;250.63204
0.99489;-0.71413;-1.13781;-1.29057;1.86219;1.26513;2.77079
-0.86458;0.58671;-18.07621;15.27687;15.27687;-873.79258;230.42766
1.07665;0.83923;-0.12957;-2.68404;2.87043;5.44842;7.80622
1.24463;-0.36218;11.57924;-13.39374;14.57924;684.60833;196.21458
1.03042;-0.11446;-9.89920;7.90050;7.90050;-100.79911;55.25840
-0.11527;0.73156;2.89904;-6.30867;5.89904;56.64809;37.05223
-0.77955;-0.36434;3.64074;-7.45408;6.64074;87.09753;49.25934
0.40718;-0.88435;1.93410;-5.24413;4.93410;32.79581;25.74405
0.07009;1.04186;28.41482;-31.32210;31.41482;7716.53329;984.02667
0.83581;-0.86279;-1.31428;-1.41313;1.68572;1.06624;2.53703
-0.87185;0.75532;6.09838;-8.88841;9.09838;181.95400;80.98613
-0.55001;-0.60313;-8.22557;5.16192;5.16192;-35.05707;26.94313
0.15873;-0.21059;-15.00785;11.56496;11.56496;-409.56098;138.69781
-0.88868;0.30886;-19.30876;16.42400;16.42400;-1095.91070;267.91605
1.37570;1.34413;0.38926;-2.63362;3.38926;7.20533;9.44658
-0.95219;-0.84965;-17.02345;13.05323;13.05323;-620.83434;182.80153
0.84299;-0.19010;-1.60107;-0.72626;1.39893;0.63628;1.46545
-0.79393;1.03240;6.91007;-9.51887;9.91007;229.38638;94.56650
-0.67609;-0.90249;-7.52575;4.66730;4.66730;-24.20808;21.19880
-0.58220;-0.58088;-16.69519;13.52990;13.52990;-630.68867;185.21877
-0.88974;-0.36126;7.38800;-10.39710;10.38800;280.60751;108.00054
-0.72553;0.52270;-5.28289;2.73216;2.73216;-3.71698;6.51231
-0.73986;-1.04876;-7.85213;4.72993;4.72993;-27.55447;22.89291
0.58246;-0.50490;-1.05824;-2.58767;1.94176;2.58093;4.80597
0.86819;0.63194;12.22920;-15.45990;15.22920;903.12362;235.33993
0.60757;-0.85796;1.98218;-4.97933;4.98218;30.89195;24.80934
0.20894;-1.42439;-2.00475;-1.90297;0.99525;0.30689;1.64605
-1.22400;0.51628;-6.02476;2.54503;2.54503;-5.63951;7.51576
-0.67606;-0.55528;4.02775;-7.45702;7.02775;94.75512;52.23755
0.38099;1.24187;-2.53522;0.12999;0.46478;0.29856;0.32541
-0.64286;-0.81336;-4.27681;1.11840;1.11840;-0.50862;1.35506
0.43738;0.30559;10.35191;-13.14705;13.35191;581.58463;175.65113
-0.57246;-0.22494;-4.79380;2.37623;2.37623;-1.97484;4.63852
0.36908;0.37880;-2.31376;-0.56222;0.68624;0.12282;0.45167
1.20902;-0.51145;-23.07032;20.99651;20.99651;-2163.86682;422.08416
-0.53854;0.79663;6.25157;-8.41543;9.25157;172.73911;78.44878
1.14284;0.79372;0.75653;-3.42106;3.75653;11.72318;13.04720
0.20720;0.27097;2.59293;-5.77083;5.59293;45.76913;32.19480
-0.54080;-0.20221;8.60739;-11.89722;11.60739;405.65274;137.97184
-0.70640;-0.09955;-21.60710;17.81976;17.81976;-1510.87370;331.33524
-0.66419;0.76812;-6.38368;3.98245;3.98245;-12.19077;13.86434
-0.08981;0.01715;9.77206;-13.52624;12.77206;567.99527;172.52303
1.56821;1.55873;13.20563;-15.06794;16.20563;956.40310;245.07796
0.28228;0.50055;2.76778;-5.73080;5.76778;47.52822;33.07282
-1.37119;-1.14449;4.78071;-8.82863;7.78071;142.66424;68.44359
-0.14118;0.54625;2.70326;-6.27742;5.70326;53.45258;35.59712
0.50391;0.54064;-14.75128;12.15584;12.15584;-426.80176;143.08991
0.15781;0.91461;-15.67417;13.50899;13.50899;-560.52269;171.80695
0.81867;0.80656;-12.68575;9.32471;9.32471;-214.87866;90.16893
-0.37011;1.38973;-5.18386;3.41439;3.41439;-4.86761;8.45038
0.21014;0.59733;10.00621;-13.03750;13.00621;552.00949;169.55314
0.44420;-1.25789;-11.36298;7.71317;7.71317;-130.16115;64.28572
-0.86675;0.90052;-5.68557;2.92376;2.92376;-5.39637;7.98523
-0.59253;0.31183;3.27493;-7.07213;6.27493;73.90449;44.13741
-0.49039;-0.75120;-16.96397;14.44379;14.44379;-716.16903;201.99012
-0.79215;-0.34987;-5.04907;2.21544;2.21544;-2.34040;4.62970
-0.05650;0.09451;-10.18143;6.51223;6.51223;-80.57783;46.54446
0.17152;-1.44618;1.36691;-5.33630;4.36691;28.06462;23.05335
-0.91428;-0.77536;5.17479;-8.33568;8.17479;140.56575;68.06842
-1.41773;0.15234;-6.12078;2.23140;2.23140;-5.23588;6.71678
0.42782;-0.69631;-1.99122;-1.20394;1.00878;0.24098;1.12646
0.39932;-0.92807;-10.66907;7.32643;7.32643;-105.54507;56.04490
-1.18649;0.64508;6.51330;-9.90658;9.51330;228.67378;94.08630
-0.21450;-0.28589;9.68685;-13.76218;12.68685;577.66394;174.35014
-0.02821;0.54107;4.24196;-6.64841;7.24196;84.04814;48.53240
1.14883;-0.34489;-10.97726;8.59136;8.59136;-141.83047;68.93681
-0.41145;-0.43676;-3.96988;1.16406;1.16406;-0.20658;1.23552
0.82122;0.93767;-1.88542;-0.04277;1.11458;0.58435;0.87077
-0.55807;-0.70929;-4.55199;1.98166;1.98166;-1.16403;3.33651
0.01550;0.68830;-8.38817;5.99985;5.99985;-45.84667;32.72763
0.11081;0.05258;-2.55710;-0.86244;0.44290;-0.14026;0.21621
-0.84804;-1.04613;-20.21994;17.03946;17.03946;-1256.66730;293.33631
-0.85873;0.30926;-6.72877;3.89931;3.89931;-13.78532;14.63216
-0.23017;0.79703;-9.25453;5.96660;5.96660;-57.18465;37.19507
0.11268;-0.02340;-2.53823;-0.90797;0.46177;-0.14279;0.24595
0.29533;0.49086;-27.56205;24.61537;24.61537;-3716.58482;604.63124
-0.79529;1.18653;6.72104;-9.31376;9.72104;215.72725;90.78453
-0.59045;-0.83749;-16.84729;13.87099;13.87099;-665.48896;192.08753
0.67271;0.56483;-0.42074;-3.21918;2.57926;5.77236;8.08550
0.17579;1.02390;-2.73496;-0.09147;0.26504;0.08820;0.11856
-0.56505;-0.10258;-4.82944;2.45475;2.45475;-2.14464;4.90123
-0.72005;-0.53704;-4.87660;2.11799;2.11799;-1.87120;4.10987
-0.83261;1.16506;-18.57380;15.90830;15.90830;-974.91454;247.94788
0.68462;-0.26527;10.78524;-13.39611;13.78524;627.76590;184.90102
-0.46985;-0.75410;-16.91410;14.40399;14.40399;-709.40171;200.72358
-0.92125;-1.09202;4.87707;-8.18565;7.87707;129.35701;64.34849
0.26947;-1.41995;-1.72570;-2.29125;1.27430;0.90806;2.66980
-0.16198;0.85619;-3.26674;0.15151;0.15151;-0.05990;-0.01388
0.54442;-1.17157;1.36262;-4.78312;4.36262;23.69571;20.70088
-1.27159;-1.32059;4.66067;-8.60640;7.66067;134.04443;65.68154
0.79273;-0.88723;1.49231;-4.47363;4.49231;22.53293;20.10636
-0.89800;-1.02754;-4.90522;1.66729;1.66729;-1.54383;3.07175
-1.26397;-1.28953;4.69023;-8.61062;7.69023;134.89682;65.96923
-0.26010;0.63006;-9.75458;6.09359;6.09359;-66.60923;40.93840
-0.70227;-1.00579;8.09449;-11.19359;11.09449;345.94401;124.14008
0.41597;-0.13742;-2.14361;-0.85365;0.85639;0.15764;0.73242
0.84602;-0.72925;-1.04628;-1.90557;1.95372;1.82034;3.74760
0.96390;0.88515;-12.24906;9.18751;9.18751;-195.86585;84.94601
0.48620;-0.05176;-10.05739;7.20635;7.20635;-90.61372;50.93809
0.49657;0.16881;-2.11269;-0.63888;0.88731;0.23530;0.70653
1.34752;1.27218;-24.43663;22.14186;22.14186;-2585.87367;475.12379
-1.09713;-0.24498;-9.71754;4.96272;4.96272;-50.67492;33.22971
-0.72254;-1.00892;-20.27135;17.25238;17.25238;-1285.89823;297.96261
0.36918;0.43684;-2.32652;-0.52582;0.67348;0.12773;0.43341
0.45226;-0.21801;-2.08084;-0.88761;0.91916;0.20009;0.83188
1.38839;0.27985;-23.61660;21.58772;21.58772;-2348.71762;445.78661
1.31061;0.31246;12.27615;-14.48653;15.27615;824.27931;221.84916
0.35501;0.56026;-2.37188;-0.45129;0.62812;0.12772;0.37970
0.33937;-0.37248;10.38224;-13.59213;13.38224;613.23867;181.79918
0.34607;1.23338;3.41392;-5.86526;6.41392;58.13161;37.96889
-0.47231;-0.48858;4.37618;-7.30987;7.37618;99.01708;53.95314
-1.05231;-1.22890;-8.56504;4.59309;4.59309;-33.24206;25.31096
-0.04072;0.75964;-8.59235;5.99536;5.99536;-48.42162;33.77026
-0.85005;1.02628;-6.24256;3.52764;3.52764;-9.55483;11.60144
0.59904;-1.12131;-1.50082;-1.75431;1.49918;0.94865;2.51873
-1.21650;0.10396;-5.80393;2.28201;2.28201;-4.37210;6.20572
1.42294;1.13392;-12.38570;10.27230;10.27230;-236.94989;97.05258
0.36277;-1.15883;23.21703;-26.73670;26.21703;4639.97351;700.76468
0.83541;-0.82036;1.48596;-4.40497;4.48596;22.00353;19.80268
-0.90249;1.08782;-5.97704;3.17093;3.17093;-7.16487;9.54633
0.77453;-0.93306;1.55328;-4.53293;4.55328;23.45239;20.64999
0.71951;-0.12856;-0.81413;-2.61023;2.18587;3.23540;5.53846
-0.93184;0.49997;6.99821;-9.93481;9.99821;247.52831;99.36301
1.29050;0.60122;-11.42595;9.11330;9.11330;-168.26617;77.24998
-1.15440;-0.94820;4.98324;-8.60359;7.98324;142.29668;68.47058
0.50164;0.47181;-0.22827;-3.76444;2.77173;8.22972;10.18401
-0.16828;0.56766;3.92408;-6.72559;6.92408;79.57168;46.67762
-0.86949;-1.10115;-4.80479;1.55504;1.55504;-1.31010;2.69725
-1.18765;-1.25905;-17.33404;13.00812;13.00812;-639.43899;186.23551
-1.45518;0.20150;-7.03095;3.07811;3.07811;-11.70398;12.15824
-0.02650;0.97680;-15.71705;12.91115;12.91115;-525.92546;164.29821
-1.12797;-1.08691;-7.68208;4.06001;4.06001;-21.18933;18.79498
-0.82543;-1.12322;17.06734;-20.43032;20.06734;2075.39994;409.83360
-0.89268;0.46283;-5.49513;2.62596;2.62596;-4.13156;6.62180
-0.56576;-0.84069;8.28090;-11.16956;11.28090;353.66667;126.06146
-0.14465;0.74143;3.75165;-6.63412;6.75165;75.01020;44.85346
0.93592;-0.75375;-1.05960;-1.62412;1.94040;1.57346;3.33459
0.94825;0.07421;0.91866;-3.88028;3.91866;14.84285;15.22503
-0.82235;0.18030;-10.09741;5.45813;5.45813;-62.67196;38.59074
0.13485;0.29466;-2.58162;-0.70119;0.41838;-0.09755;0.17196
0.29789;-1.42280;-23.90902;20.04954;20.04954;-2147.68741;418.97124
-0.62696;-0.11420;-17.47621;14.98917;14.98917;-799.18431;217.30868
-0.56388;-0.44966;14.42025;-19.11958;17.42025;1523.72823;332.94015
0.58981;-0.75204;2.07583;-5.04444;5.07583;32.40685;25.62067
-0.26306;-0.12326;8.81285;-11.42781;11.81285;392.47200;135.22463
-0.43020;-0.28572;4.24994;-7.20206;7.24994;94.35049;52.23902
1.05934;0.89501;-0.08862;-2.77011;2.91138;5.80171;8.14045
0.67418;-0.89860;-10.63568;7.70533;7.70533;-112.79177;58.87143
-0.47194;-0.77861;-7.55294;4.98331;4.98331;-26.88563;22.95018
-0.13243;-0.10457;-4.22155;2.58558;2.58558;-1.04240;4.30557
-0.59825;0.24657;-9.20848;5.45809;5.45809;-49.99774;33.65199
-1.12182;-1.43041;-8.22755;4.34495;4.34495;-27.85233;22.46686
-0.19609;0.81668;-3.30875;0.14094;0.14094;-0.08674;-0.03335
0.33354;1.36118;3.74031;-5.99086;6.74031;64.85916;40.89539
0.14832;-0.32255;2.21104;-5.71279;5.21104;40.48485;29.58167
0.06381;1.06922;9.62452;-12.48557;12.62452;494.82957;157.69859
-1.22739;-0.92146;-5.43279;1.69448;1.69448;-2.56619;3.88942
-0.37120;0.10987;-8.58053;5.54369;5.54369;-43.03727;30.91865
0.12338;-1.51312;-14.38246;10.02414;10.02414;-307.22343;113.88149
-1.56744;-0.47727;-6.06228;1.80305;1.80305;-4.22865;5.28824
0.44523;-0.58719;-1.99900;-1.12357;1.00100;0.23840;1.06716
-0.81000;0.99527;-6.27063;3.62707;3.62707;-10.07743;12.07279
0.00573;0.98375;-9.33467;6.30799;6.30799;-63.16219;39.94587
0.50880;-0.89844;-1.81838;-1.34496;1.18162;0.42235;1.51423
-0.47877;-0.78614;17.47829;-20.11263;20.47829;2090.13707;412.08857
0.64723;-0.89932;-1.22585;-2.13867;1.77415;1.68980;3.64528
-0.29955;-0.60637;-29.21390;26.93476;26.93476;-4691.30493;706.55549
-0.64944;0.33310;-3.79360;-0.21890;-0.21890;-0.51218;-0.42368
1.38198;1.11644;0.92866;-3.12748;3.92866;11.37929;12.84786
0.82499;1.85539;-2.22687;0.98048;0.98048;0.87653;0.88755
0.59703;-0.91830;-14.25080;11.20350;11.20350;-353.81625;126.02528
0.60390;0.09781;10.60015;-13.20388;13.60015;601.99578;179.81219
-1.11966;-0.38989;5.33716;-8.76443;8.33716;156.08637;72.90241
1.27556;1.26145;-12.06140;9.61441;9.61441;-203.28130;87.47289
1.54409;0.17134;-12.79733;11.15573;11.15573;-286.79064;110.43687
0.10863;-0.16623;2.28786;-5.79531;5.28786;42.29071;30.45548
-0.72134;-0.15103;-9.01856;5.22520;5.22520;-44.81733;31.20886
1.29956;-0.41917;-0.80771;-1.03858;2.19229;1.63077;3.18648
-0.85344;-0.03571;-9.42736;5.19037;5.19037;-49.62049;33.12441
0.77784;0.31107;-12.08868;8.71264;8.71264;-176.46923;79.03365
0.07654;-0.39341;-2.50159;-1.14337;0.49841;-0.18419;0.35139
0.51122;0.93411;10.29836;-12.71047;13.29836;550.10389;169.40879
0.74525;-0.48521;10.92402;-13.53019;13.92402;646.85797;188.63028
0.00715;-0.75892;-2.50364;-1.39120;0.49636;-0.23726;0.44330
0.45538;-1.18076;1.62211;-5.03943;4.62211;27.97450;23.12770
0.71560;0.57066;2.97278;-5.21657;5.97278;44.15692;31.67847
-1.02368;-0.46138;-7.22813;3.95856;3.95856;-17.28122;16.62065
-0.07834;0.11789;9.01875;-11.29856;12.01875;396.53359;136.28434
0.68124;0.33674;-0.59663;-2.99181;2.40337;4.61337;6.98277
0.82722;0.79895;-12.71878;9.37701;9.37701;-217.77281;90.99138
-1.27194;-0.76245;5.05908;-8.83680;8.05908;150.33867;70.97884
-0.64248;0.97367;6.32028;-8.65303;9.32028;181.77429;81.09365
0.75303;-0.05626;-25.89575;22.53077;22.53077;-2929.58129;515.70975
0.62765;-1.08602;-1.41026;-1.85007;1.58974;1.14174;2.82791
0.95093;0.93702;-12.55918;9.46291;9.46291;-215.14026;90.41181
-0.23954;0.24856;-4.51338;2.79560;2.79560;-1.85909;5.28295
-0.60426;-0.01069;-3.93250;0.35818;0.35818;-0.35435;0.12931
0.73572;0.01469;0.60642;-4.02279;3.60642;13.66860;14.34303
1.18297;-0.51514;-0.82478;-1.35354;2.17522;1.78399;3.52388
-1.09308;-1.25135;7.48387;-11.12841;10.48387;315.14309;116.45038
-0.27560;0.72451;-34.69120;31.14022;31.14022;-7751.68127;986.67108
-0.91329;0.70888;-5.64393;2.77035;2.77035;-4.89670;7.39183
-0.91521;-0.21442;5.52545;-8.54950;8.52545;155.55890;72.87647
1.02222;-0.65649;-23.41377;20.89009;20.89009;-2201.78626;426.74050
-0.38291;-0.68699;-7.58720;5.12893;5.12893;-28.39265;23.87164
-0.09735;0.76074;2.93124;-6.29553;5.93124;56.93755;37.19137
-0.60028;-0.66219;-17.21158;14.60269;14.60269;-747.41103;207.76117
-1.12796;0.64281;-5.94920;2.66541;2.66541;-5.67296;7.73906
-1.24824;-1.22456;-5.33540;1.46622;1.46622;-2.15153;3.17849
-0.29798;0.39499;-3.58906;0.55956;0.55956;-0.06211;0.31508
-0.18356;0.84772;-9.26727;6.03307;6.03307;-58.27392;37.70745
-0.86961;-0.90561;4.00130;-7.71610;7.00130;99.26179;53.79304
0.37902;1.00837;-15.50248;13.87098;13.87098;-572.57542;174.57411
0.72113;0.57843;12.15912;-15.69733;15.15912;917.82660;237.76104
-0.01124;-0.45683;2.06651;-5.87792;5.06651;40.56087;29.53944
-1.08346;-1.38933;-8.15726;4.36844;4.36844;-27.40541;22.29032
-0.46578;-0.76025;-16.89289;14.37231;14.37231;-705.43781;199.97012
0.70401;-0.45635;-10.23668;7.57857;7.57857;-101.44835;55.04379
0.17708;0.00929;-10.14591;6.81625;6.81625;-85.22128;48.57060
0.88590;-0.69553;-13.57708;10.70844;10.70844;-301.30617;113.33399
1.33161;0.95647;0.96502;-3.24800;3.96502;12.08592;13.36544
-0.75417;-0.76509;-8.47805;4.97702;4.97702;-35.96383;27.07658
-0.55753;1.20532;-5.37334;3.22940;3.22940;-5.06802;8.27570
-0.42724;-0.50313;-4.46476;2.19548;2.19548;-1.16706;3.71470
0.31966;0.54207;2.80791;-5.69437;5.80791;47.61239;33.13238
-1.68377;-0.75438;4.88248;-9.40131;7.88248;160.58991;73.92296
-0.95890;0.69425;-6.53713;3.57639;3.57639;-11.22914;12.67019
0.62776;0.66713;-2.06165;-0.28503;0.93835;0.38388;0.70082
0.06720;-0.17427;17.80018;-19.46783;20.80018;2041.13641;406.04417
-1.09703;0.07085;-6.96713;3.66106;3.66106;-14.02425;14.39429
1.26192;0.41592;-11.35235;9.01241;9.01241;-163.29736;75.71371
1.30295;1.29272;-12.19510;9.80238;9.80238;-213.95477;90.52968
-0.32290;0.70843;-3.38365;-0.14079;-0.14079;-0.26267;-0.24748
-0.16094;0.81495;3.56904;-6.59380;6.56904;71.25636;43.30273
-0.33815;0.69154;-3.38651;-0.19314;-0.19314;-0.29005;-0.28048
0.60596;-0.46636;-11.85772;8.25519;8.25519;-156.91196;72.91164
0.20486;0.89184;-15.21442;12.33206;12.33206;-462.12848;150.69132
1.35382;0.84493;-0.01704;-2.20015;2.98296;4.74272;7.10756
0.01908;1.04172;-15.64421;12.87560;12.87560;-519.26072;162.93085
0.24998;0.24535;11.90852;-16.40794;14.90852;959.02274;244.43056
-0.39739;0.22035;3.82343;-6.99999;6.82343;82.45776;47.68344
0.99473;-0.61476;2.20210;-4.51850;5.20210;29.04495;23.96433
1.30648;1.28585;13.12091;-15.50519;16.12091;988.83139;250.36043
0.80463;-0.90755;1.78850;-4.60461;4.78850;25.99067;22.14958
0.44861;1.46998;22.55398;-24.60204;25.55398;3943.40653;629.38247
1.07630;-0.14443;-13.19155;10.56782;10.56782;-279.38317;107.92601
0.43804;-0.80247;-1.27268;-2.62202;1.72732;2.12377;4.28185
-0.84900;-0.21307;15.91926;-20.01124;18.91926;1843.28061;378.35003
0.75975;-0.14713;2.55629;-5.00004;5.55629;37.03930;28.13717
-0.15708;0.87313;15.91828;-19.08199;18.91828;1714.70552;360.92339
-0.66187;-0.97111;-4.46912;1.49574;1.49574;-0.80113;2.21090
-0.79146;0.79431;6.15110;-8.78585;9.15110;180.52422;80.61618
1.05844;0.94882;-0.03689;-2.83132;2.96311;6.14560;8.45975
-0.54916;0.48204;2.90876;-6.89063;5.90876;65.03563;40.46513
-0.70532;-0.47174;-16.72730;13.17110;13.17110;-608.45429;180.60289
0.11563;-0.69208;1.97468;-5.66843;4.97468;37.32832;27.97207
1.13650;0.33271;13.62746;-16.22659;16.62746;1108.39761;270.04770
