6.944172614482391204e+00,-6.850140249199022868e+00
6.605638470671976847e+00,-6.475695815145437351e+00
3.523958319630493552e-01,-3.492188692276030904e-01
9.833576428404505521e+00,-9.556758975552664737e+00
3.416301707713210511e+00,-3.412133947042567783e+00
3.395043804820299105e+00,-3.100373583236433195e+00
8.632161769414913977e+00,-8.400142305170483326e+00
7.419686944023795583e-01,-6.984172043470086022e-01
3.018690666202634709e+00,-2.914850676593086831e+00
8.264969185577905719e+00,-7.993410592428523032e+00
4.616791984421779738e+00,-4.573574982865682870e+00
1.046965322207680238e+00,-7.590680462587047206e-01
7.887979533672814014e+00,-7.673984990050862542e+00
6.130553422930323570e+00,-5.835124565655537054e+00
5.583559170258983961e+00,-5.411190552411962784e+00
7.754349379053313562e+00,-7.616474868279576427e+00
1.273505539275082699e+00,-1.007185864646957141e+00
7.097402065950375594e-01,-5.417810331644630217e-01
8.331084796028930484e+00,-8.139727276470617667e+00
7.994635765676427752e-01,-5.477202641254537152e-01
8.699260728303583434e+00,-8.507085643165035904e+00
3.447497087569594498e+00,-3.164185391646535894e+00
2.866297857900528268e+00,-2.714645956725667553e+00
6.844743965852517764e-01,-6.144329837276147899e-01
7.356404261812022227e+00,-7.234347544480129955e+00
1.202963837114874313e+00,-1.157429996493081426e+00
2.977102944774461246e+00,-2.928383030045075497e+00
8.458626668399718440e+00,-8.295217193829758529e+00
3.496987699197155131e+00,-3.433700425646645904e+00
8.099338376732417188e+00,-7.897254275709147286e+00
1.715275990578554177e+00,-1.651564002681217946e+00
4.264544639715756702e+00,-3.971238841872784420e+00
9.953167820254982257e-01,-7.032802940889235632e-01
7.609284054369647166e-01,-7.006745649264752851e-01
4.306782619557632863e+00,-4.054310310815262497e+00
2.661165520999976053e+00,-2.413241796634421732e+00
9.657415169019339274e+00,-9.486310360317331103e+00
5.227903412984420406e+00,-5.074107524471765274e+00
6.863706715605558450e+00,-6.836674127923583200e+00
5.359110174347132549e+00,-5.262154043931551506e+00
6.934947797865415708e+00,-6.806519765284088308e+00
8.214929669387773359e+00,-8.209205795762290592e+00
3.478710425252224070e+00,-3.194772107976626252e+00
9.615744649696543078e+00,-9.558905223952422148e+00
1.851259541111175411e+00,-1.707640594740826412e+00
5.351729893100433344e+00,-5.222606455811350301e+00
9.493189439278571840e+00,-9.361281124798189524e+00
6.586429609666158314e+00,-6.316099139645120708e+00
7.526404794974748569e+00,-7.344288040947454022e+00
1.463746261110160374e+00,-1.286956735670626184e+00
5.878679234079729810e+00,-5.752448022230567837e+00
4.367233655494332289e+00,-4.318439482520171069e+00
6.214389729152697939e+00,-6.161564580407585368e+00
3.045506347739478592e+00,-2.781819291510204462e+00
9.382951454564691929e-02,2.283193944601238923e-02
8.285049529781051803e+00,-8.014857993506238287e+00
4.805957257620442569e+00,-4.782654947445192484e+00
9.298780998656917873e+00,-9.255083335238845521e+00
4.962740948873136659e+00,-4.959852407842150868e+00
8.871465175326330055e+00,-8.576928379707567274e+00
2.186022433141434629e+00,-2.021431169933934680e+00
2.056052577371033863e+00,-2.035166994180007904e+00
6.717831086464869372e+00,-6.664690445869259960e+00
1.969400262736674678e+00,-1.768902182798790523e+00
7.858542030062652728e+00,-7.719338185529263541e+00
3.317816775111472882e+00,-3.282972282210265824e+00
8.742604087181470973e+00,-8.601094190256592498e+00
1.465500869302150955e+00,-1.334538458219814760e+00
1.238597644507727358e+00,-9.903551669241200672e-01
4.530876600253396447e+00,-4.497196237847526312e+00
2.161950762125553815e+00,-2.065041198897982433e+00
9.600646619875130128e+00,-9.491339105130114362e+00
3.030687541576695399e+00,-2.983137683658472206e+00
7.598053940628237690e+00,-7.422728583607383079e+00
8.713153147329791182e+00,-8.414431155574069621e+00
8.673120098275477474e-02,-6.711252692196706393e-02
3.666294636382729788e+00,-3.367518683455258621e+00
9.257853922947900216e+00,-9.245650873010724524e+00
3.941551757369587961e+00,-3.873968216184574320e+00
9.964745384752474067e+00,-9.789141973154794840e+00
2.582250841437694344e+00,-2.512614283654751812e+00
5.448218057919756774e+00,-5.376266691020188837e+00
8.352885405095936022e+00,-8.334200762083867176e+00
6.648344798805391420e+00,-6.492923710923814262e+00
7.790864652482519581e+00,-7.567269501729873227e+00
3.756405983416233330e+00,-3.679797133369297590e+00
7.356383449987758283e+00,-7.159388833676671560e+00
5.842849778825913276e+00,-5.562936609938923915e+00
1.362627096105749613e+00,-1.217863101533987358e+00
4.226186713133794903e+00,-3.980404900212674235e+00
9.071292099404480780e+00,-8.975767394055283788e+00
4.154488225164657322e+00,-3.962266848113338291e+00
9.102697431219143098e+00,-8.819337117240781510e+00
1.216646648295179878e+00,-1.029876481719555370e+00
6.356350450799947538e+00,-6.236350989214273000e+00
3.536231590275190406e+00,-3.305473476703836067e+00
1.048476494661998437e-02,1.947997780050701733e-01
5.303510359970967869e+00,-5.127200309580186577e+00
5.723792415059242522e+00,-5.638076830459204380e+00
9.122074767966513065e+00,-9.086570280033171798e+00
4.719913822294394379e+00,-4.717727825798209373e+00
5.159068000360588435e+00,-4.984529666227305533e+00
3.301133319643883013e+00,-3.026120841062789779e+00
8.417871099751472741e-01,-6.866058879118032143e-01
5.719148785233994836e+00,-5.656941033532040919e+00
8.523906746623037378e+00,-8.291657481970020172e+00
7.045979385847402909e+00,-7.002134267357898345e+00
3.358543508369794317e+00,-3.085042924451287139e+00
1.781153677866915697e+00,-1.659525474242614651e+00
5.424841553101777958e-01,-2.539331625679038806e-01
5.752348709448151798e-01,-3.978073699046097422e-01
3.749849961080953253e+00,-3.460718719029634460e+00
7.476912955230464064e+00,-7.303164683468248874e+00
4.106800590732561318e+00,-3.907431693855789590e+00
3.588739760828122627e+00,-3.528503976195755065e+00
3.778603103649556871e+00,-3.536957862420280208e+00
2.446059544198501357e+00,-2.285457000569283803e+00
8.978566547714784463e+00,-8.785153438458532804e+00
2.761672538213649553e+00,-2.722179924897438319e+00
2.271197768269677120e+00,-2.107454422078515854e+00
4.509735760929239667e+00,-4.436458161724380567e+00
5.049272185717867067e+00,-4.858980138373873103e+00
4.966993013684204428e+00,-4.774349825486129184e+00
8.555327007724590871e+00,-8.488244345684051950e+00
4.563294996293530303e+00,-4.529741329838525843e+00
1.312815647172574929e+00,-1.200619272032138918e+00
2.011338914609467565e+00,-1.755482650082591523e+00
5.083414676596145654e+00,-4.968031602112178646e+00
4.321396051214159151e+00,-4.302646896221580697e+00
2.028812455276973736e-01,8.057839809551980981e-02
2.144557217145296235e+00,-1.891469059055984836e+00
2.944570131827777271e+00,-2.913453866490550492e+00
6.869798477788704005e+00,-6.735264270842741041e+00
4.246037921600553933e-01,-1.687189412610939354e-01
4.863528202698041980e+00,-4.569997352279652425e+00
2.007554938185642790e+00,-1.754782740472857983e+00
9.898486736376334250e+00,-9.857907292946542555e+00
8.249600682461185386e+00,-8.162377691702182858e+00
3.929105781800623642e+00,-3.783962523673963574e+00
6.579752248165648965e-01,-3.921635608016355579e-01
2.715479311854669398e+00,-2.593094336977801007e+00
6.685490677371812573e+00,-6.537725278119989269e+00
3.768715490380126987e+00,-3.473405887964384764e+00
1.719883642598988294e+00,-1.719497649798153338e+00
6.594180346657011249e+00,-6.319745691388877873e+00
4.266609345026402877e+00,-4.207310806633222100e+00
1.457227397930067614e+00,-1.401169436903970444e+00
2.006492806982240751e-01,7.198539547966681384e-02
5.763864700789385509e+00,-5.730904641711304315e+00
7.507321046174872059e+00,-7.417748121200503419e+00
8.432484791395330248e+00,-8.430812351057229037e+00
3.242167326490626778e+00,-3.049023397854575546e+00
1.066520061654951945e-01,1.672591824740531363e-01
6.765233008818142046e+00,-6.698889147370879371e+00
6.891895315684713808e+00,-6.688900638921206010e+00
5.067632118030438448e+00,-4.953243013837495212e+00
2.299755057408191306e+00,-2.215488154404307242e+00
3.471995127230410816e+00,-3.348924866800143008e+00
4.078341149908255581e+00,-3.925553475359580879e+00
6.158627258867332088e+00,-5.880794669912171813e+00
7.332087057619252057e+00,-7.088541876796612407e+00
5.974377157694768847e+00,-5.864965707163602993e+00
2.855456796797741781e+00,-2.782307687769395077e+00
8.117957463114549910e+00,-7.885527139371432348e+00
5.621656835188787227e+00,-5.594910607158908533e+00
4.003847790361062309e+00,-3.775614230215057265e+00
1.688073950074198137e-02,1.363886067942989000e-01
8.067068888313347230e+00,-7.925135537207284031e+00
2.542446659043889667e+00,-2.300430050377030522e+00
6.625694883208415042e+00,-6.480961768371265030e+00
4.128067632103306295e+00,-4.097190704986346077e+00
6.589890451868639865e+00,-6.537976842256746579e+00
9.057102905649953684e+00,-9.000676907274273830e+00
7.337163320212053641e+00,-7.276984418502964402e+00
9.332102207289192819e+00,-9.234306295508604379e+00
6.054004013197422651e+00,-5.951839196229014028e+00
7.060796167134791190e+00,-7.042242931114349958e+00
6.234081112621980836e-01,-3.265750652105705587e-01
1.182433869427482742e+00,-1.148331024904490016e+00
4.021192695155125563e+00,-3.839373560458591683e+00
1.503483849494873237e+00,-1.427620739957545348e+00
6.746508472730607942e+00,-6.506299237374786770e+00
9.467234244281348410e+00,-9.199541896078027747e+00
9.409004864818005132e+00,-9.274813236533862693e+00
3.417267993244058388e+00,-3.286068967531494245e+00
9.142898559556075000e+00,-8.901152828021599461e+00
6.660607953248332436e+00,-6.401928054303800408e+00
2.383818247280249381e+00,-2.139687951498832064e+00
7.774456301262009816e+00,-7.646817508974327104e+00
4.320384034607168466e+00,-4.300294855259052085e+00
6.807334388842041228e+00,-6.619346507164830307e+00
8.407251990562925048e-01,-6.046842583611866662e-01
3.201249431583908844e+00,-2.936934379656710004e+00
1.756328480654223423e+00,-1.514098287026509615e+00
8.698684344280845693e+00,-8.475421757814340040e+00
9.110142771241227067e+00,-8.967836497308873334e+00
3.170826662915357197e+00,-2.910256052324418086e+00
2.007891636045556538e+00,-1.777210167505702376e+00
1.680116466480399140e+00,-1.674082042685055338e+00
5.503145446926978046e+00,-5.430226349644279971e+00
7.435212669884573522e+00,-7.237419731324722605e+00
7.426746972670622782e+00,-7.315094891496879193e+00
7.771415036133507925e+00,-7.532629916998623720e+00
6.419981155627585423e+00,-6.319841547133212778e+00
2.048108825614489703e+00,-1.982935116583046886e+00
7.377719443246640196e+00,-7.213930767634034957e+00
3.026796531392623724e+00,-2.997945658381243828e+00
6.408147633095522266e+00,-6.169573944867671855e+00
6.831966492703880789e+00,-6.711573837505240725e+00
3.320344436080600037e+00,-3.052923807865029371e+00
9.375236753312417903e+00,-9.204359063541307506e+00
5.414511039023505390e+00,-5.134438783879077484e+00
2.186376742334936729e+00,-1.959219486072901972e+00
6.700682963282247329e+00,-6.658455345938159908e+00
4.661077184692995701e+00,-4.379112418864744782e+00
1.358064079111687139e+00,-1.188259885326624632e+00
7.363943808565263538e+00,-7.103009767619736792e+00
3.772134594678516528e+00,-3.540006762239459093e+00
7.061957938631389986e+00,-7.047198599101818672e+00
6.044283052223683228e+00,-5.972748693523237229e+00
3.819226427604791585e+00,-3.727170018007465391e+00
2.556890795968169705e-01,-8.007727582325932514e-02
4.534744799519558889e+00,-4.343357346192375346e+00
1.158081325059711064e+00,-8.888742229361674685e-01
6.763736203795625457e+00,-6.652813270385388833e+00
7.321557544891056146e+00,-7.118282826067011015e+00
1.091857356152118319e+00,-8.855415281848880715e-01
1.059876952302191144e+00,-8.551667761843884108e-01
7.935464474024017889e+00,-7.884753818540726655e+00
5.921150871665556537e+00,-5.648701606598057090e+00
7.577676277836663310e+00,-7.320190802415306841e+00
4.638962760842373356e+00,-4.602820006842346601e+00
7.604312972583508135e+00,-7.583932656504642544e+00
2.818295360569281982e+00,-2.677829725137148564e+00
5.169329996670098737e+00,-4.887734404344409533e+00
9.104463883837830451e+00,-9.070144292932946328e+00
9.678531715230803911e+00,-9.410668652172050841e+00
3.378605462490940958e+00,-3.174849764762313953e+00
9.559918246722157065e+00,-9.333684057818528501e+00
9.364921691868058673e+00,-9.272800373807385199e+00
9.913296553737376726e+00,-9.661969726259997060e+00
9.015071987913803042e-01,-6.464721245845798103e-01
3.047153503124560014e+00,-2.937354483128225002e+00
9.939482393596847487e+00,-9.795494196195459580e+00
1.487214886631096356e+00,-1.433428819636859197e+00
3.414731494877025764e+00,-3.217379103880616320e+00
4.033533982267774043e+00,-3.866224977910484917e+00
4.685507994908322260e+00,-4.405710184756901349e+00
3.026692363332006419e-01,-1.843370272342128025e-01
3.197236069934409564e+00,-3.045826128779799635e+00
4.687476769179856895e+00,-4.666446793245906832e+00
9.619869297679123576e+00,-9.358725095121547710e+00
3.413789023201563300e+00,-3.343063841830849814e+00
9.706060966623461184e+00,-9.453133558985536311e+00
6.648388065681876125e-01,-5.690605859163608837e-01
5.328380873653948413e-01,-2.395964074770123298e-01
2.071884351691726245e+00,-1.948719678803001454e+00
5.548809475568106109e+00,-5.372864328738463868e+00
9.697746535687558733e+00,-9.648576474088986998e+00
4.129468660331579777e+00,-3.932434146477828296e+00
9.632818678809968560e+00,-9.593095842813685437e+00
7.462424467593042898e-02,-4.881312259008739607e-02
1.173079916520743948e+00,-9.569493820466540290e-01
2.059179236791991663e+00,-1.784039506290719501e+00
9.029764360952011515e+00,-8.933862305859811670e+00
6.353717740416709781e+00,-6.212416655454921610e+00
9.733399531510972480e+00,-9.727710479030996282e+00
1.227989500537158829e+00,-1.012446299940657157e+00
9.472451599884255558e+00,-9.466579489397044966e+00
4.799114867509338467e+00,-4.652970248104612239e+00
5.356326996642197358e+00,-5.195757253050182989e+00
7.030769267895127683e+00,-6.981497526813848609e+00
1.752932552456670789e+00,-1.525132220895989210e+00
1.752784302056737964e+00,-1.688554077399908815e+00
6.890994940174044459e-01,-5.940927482260521808e-01
2.087643400715758268e+00,-1.824585163750613859e+00
1.549488023492686661e+00,-1.381603670650396243e+00
6.211577307084250599e+00,-5.968944366691709469e+00
9.646907930259384756e+00,-9.621124104389233267e+00
7.244741630466067228e-02,1.220885453874657744e-01
4.223974053714540933e-01,-2.187631903025182289e-01
1.115786336030322179e-01,1.021998317542918144e-01
7.751291392759184440e+00,-7.690048765710463918e+00
9.298407413253480414e+00,-9.182285297762140530e+00
9.353221338106061822e+00,-9.347342965183589314e+00
7.795392304040344555e+00,-7.513123073543254371e+00
9.533778593066786655e+00,-9.343175350828026637e+00
8.587369399801964676e+00,-8.338810801841750830e+00
2.514296075837391342e+00,-2.433806291808517486e+00
3.954390390409303624e+00,-3.671338320478074291e+00
6.083221400951589253e+00,-6.011108870209437960e+00
4.466710171160825915e+00,-4.441596039440748100e+00
8.193624188715705969e+00,-8.071683789930167663e+00
5.732583303525061957e+00,-5.663718521942104900e+00
7.947707677116778058e+00,-7.698031922405876415e+00
3.868638045828655336e+00,-3.629642481923163633e+00
2.905442416008937379e+00,-2.763795633156515663e+00
4.814779749523104613e+00,-4.752131581564950302e+00
4.510342878718967441e+00,-4.259455343772589941e+00
8.444882914937819507e+00,-8.348332273141341631e+00
2.753792194505444435e+00,-2.544669115364200263e+00
3.699186928487796511e+00,-3.658089324864660874e+00
5.369967290144429306e+00,-5.314693878182936260e+00
1.125228167455263328e+00,-9.303506545204012212e-01
3.831617851059058388e+00,-3.751842090126376927e+00
6.955618562542861483e+00,-6.765648923200272336e+00
4.586421671318529292e+00,-4.402672466198527701e+00
3.728918345749610008e+00,-3.552104545697852611e+00
5.374800614934544640e+00,-5.313378143283277844e+00
2.385333219615421996e+00,-2.141383004979251492e+00
3.119766168638248516e+00,-2.987184724602686359e+00
6.897376460908320794e+00,-6.743495433564435260e+00
3.403716608944906685e-01,-3.035837679579805326e-01
4.148777009625009171e+00,-4.024627336385876220e+00
8.433936334414436686e+00,-8.352219729451359598e+00
2.886865223546510872e+00,-2.698925180473052521e+00
3.584676966037839918e+00,-3.538290607551525468e+00
1.097269195951391385e+00,-9.655155528445755753e-01
4.534574219538805906e+00,-4.286078113681242918e+00
9.001282011282128792e+00,-8.744727748074705431e+00
3.782010499455444652e+00,-3.482736490258234063e+00
5.456767244721038246e+00,-5.248616376934447381e+00
9.785945094714019632e+00,-9.758678030417874183e+00
5.113574548153573041e+00,-4.891669042724134719e+00
1.241887916729632613e+00,-1.215731966660426044e+00
5.141683687417578419e+00,-5.131505701653968465e+00
1.578172651450119313e+00,-1.375815838355036957e+00
3.664498415087576788e+00,-3.479161034758011528e+00
4.063889374662505993e+00,-3.832686756233246506e+00
7.439952509371461353e-01,-5.013142023825916116e-01
4.386243958054397929e+00,-4.228751929201527204e+00
4.037675871691619456e+00,-4.000250166127473861e+00
1.927547393399914322e+00,-1.898384307562171802e+00
2.415163973398219976e+00,-2.233175053682395106e+00
3.713461381908256254e+00,-3.492075700792618420e+00
6.694541797218034773e+00,-6.477008708186759556e+00
5.601311881048392394e+00,-5.575486831610912297e+00
6.510694690270335983e+00,-6.477227743791288184e+00
1.460697805331961918e+00,-1.435786663879830005e+00
7.251194356268703345e+00,-6.957434350512059495e+00
2.907095607659593295e-01,-1.962620173592178330e-01
4.276518957934502652e+00,-4.055890906034836263e+00
7.859750789687833361e+00,-7.670769150934139802e+00
9.914329277516195305e+00,-9.891250595150582470e+00
8.391726695830769245e+00,-8.181923029067256437e+00
4.085692591117288330e+00,-3.981884719358069979e+00
7.961879514281731574e+00,-7.876329462897131428e+00
1.989953862648995431e+00,-1.717252180258015404e+00
9.191326076626854302e+00,-8.923869846848688780e+00
3.769009175236076814e+00,-3.601393851977484850e+00
5.086641279224935808e+00,-4.960956656861654324e+00
8.679159970170134741e+00,-8.606844071472490754e+00
1.305941316972336619e-01,8.153118036244771938e-02
5.108884764247795474e+00,-5.039678135706558315e+00
1.756183984552335264e+00,-1.700654505685060158e+00
7.768753157676258070e+00,-7.479184138840788698e+00
6.862590938701373933e-01,-6.854789216828688359e-01
8.262621151352341542e+00,-8.248798249309935215e+00
4.602541775830339077e+00,-4.566375476692172697e+00
2.326028436481038852e+00,-2.168183984024603106e+00
5.752195559266787939e+00,-5.537751142528088089e+00
1.428596713904866089e+00,-1.218009728026427263e+00
1.335951440206976093e+00,-1.163272003801318011e+00
8.774456265535572896e+00,-8.648600080477274687e+00
9.305804403416800596e+00,-9.183766965165592211e+00
8.285623394741053360e+00,-8.260405900399513612e+00
8.141231391821600383e+00,-7.997003688721792791e+00
2.744892644371997648e+00,-2.525916422644867598e+00
9.555922143704143057e-01,-7.344476254794215508e-01
8.369737291178077854e+00,-8.303958061791638201e+00
5.509162868276196168e-01,-2.614530907475300370e-01
8.540967292299463054e+00,-8.445673128935437646e+00
9.513369457608540358e+00,-9.458903185174573736e+00
9.134392873068685859e+00,-8.916231469248165453e+00
8.651668465837715871e+00,-8.593486981197077768e+00
8.746274224627899940e+00,-8.617284176775136473e+00
2.972219379473322931e+00,-2.926041751534612878e+00
7.583279375756506013e+00,-7.580675514497084322e+00
5.176430678688001663e+00,-5.126809242415489187e+00
2.492167231628311441e+00,-2.254684367279920387e+00
4.768526731985050837e+00,-4.716855473852799463e+00
9.906528046344465821e+00,-9.852434053414711457e+00
5.657883462581089873e+00,-5.587410952565376121e+00
2.550200736973215143e+00,-2.369768138403294699e+00
6.470431437605767222e+00,-6.352680365713307076e+00
4.899852169876832697e+00,-4.715721573327758875e+00
8.695002648544614132e-02,1.014947233511442615e-01
4.267420290413413753e+00,-4.024811042774451231e+00
8.343170276631640903e+00,-8.149580167274438125e+00
2.574060178727981540e+00,-2.573186260329788588e+00
7.895453471621588726e+00,-7.630773103179254946e+00
2.743268366467317421e+00,-2.615721189545228142e+00
6.814470979160336839e+00,-6.653676849712379493e+00
3.693062344662008112e+00,-3.493529870836619811e+00
6.710598657076447537e+00,-6.669853197416736990e+00
3.620159287084778743e-01,-2.270722186584912261e-01
1.865980332051334623e+00,-1.861069614336883227e+00
5.176639256151291058e+00,-4.981779606484669110e+00
8.656702902497046992e+00,-8.387416804527667580e+00
3.842301109541784498e+00,-3.755940730391860605e+00
9.858563388195062061e+00,-9.785342535537953523e+00
2.029047413982454362e-01,6.930383159057007525e-02
8.026734876824688669e+00,-7.781976069003763818e+00
8.244565758495047803e+00,-8.088680094534151266e+00
1.082617038162031475e+00,-8.929716210570350921e-01
6.045532707665995709e+00,-6.009664640505598676e+00
9.573727964873743446e+00,-9.383545205671028455e+00
3.513775615883360182e+00,-3.348030058744384529e+00
3.584677764871418759e+00,-3.502861274892689725e+00
3.586222865731683029e+00,-3.409929380519719277e+00
8.220700295275495950e-01,-7.829457340369941898e-01
2.893514601636809402e+00,-2.800588234360859907e+00
9.647426822711654637e+00,-9.427770409708152499e+00
8.277091195077375119e+00,-8.061575001846817301e+00
1.787346995854599552e-01,1.058755638810900401e-01
8.193983235075508187e-01,-6.981578558150891567e-01
8.955260399204053812e+00,-8.948946384717558544e+00
1.308338045893736590e+00,-1.178621690006513845e+00
5.456646495404848807e+00,-5.204498480255701942e+00
6.238274803368018873e+00,-5.973382035454581462e+00
8.285003360302326314e+00,-8.021110979387190199e+00
9.599147341047496340e+00,-9.522600331039541288e+00
9.126567352831740365e+00,-9.013475329535582503e+00
5.232120133417210717e+00,-5.192044620076990746e+00
8.877884891381471189e-01,-8.790392205996898634e-01
8.764653420579531229e+00,-8.739634536307452350e+00
9.164626674795396610e+00,-8.998430597476431814e+00
6.226843333055160024e+00,-6.051922468486774953e+00
6.547255129450325839e+00,-6.336404181591307250e+00
2.141409041689469106e+00,-2.099429779931563989e+00
6.683452865821729816e+00,-6.664862749459717683e+00
4.825522032481226020e+00,-4.537012551078772660e+00
5.063907489599098533e+00,-5.054240022763905493e+00
5.082339213992074001e+00,-4.902524642896228357e+00
7.084275290101556877e+00,-6.846690586606298368e+00
7.304412807588226642e+00,-7.182233777531311425e+00
9.150440379528621548e+00,-8.922409436192580756e+00
6.206907061675903670e+00,-6.181095678005912752e+00
8.822489771269159675e+00,-8.633200196256263226e+00
4.982999019246125982e+00,-4.786525728060944118e+00
3.897617566727912042e+00,-3.705311377327118016e+00
3.575954423598206589e+00,-3.548497721461897125e+00
2.393769427389998761e+00,-2.202367688961281988e+00
7.932883503500049116e+00,-7.777617720094720077e+00
7.889421579771136450e+00,-7.758931466575511138e+00
5.154213856642599900e+00,-4.901161001043259802e+00
8.439760518710233583e+00,-8.238836437875523444e+00
1.537696048791440395e+00,-1.440262336058370840e+00
1.113742981469306725e+00,-9.609809449885519106e-01
9.799156916834375508e+00,-9.567386688364061698e+00
3.226215179325777616e+00,-2.979509571141825575e+00
6.295273905919146706e+00,-6.130640076004368666e+00
8.607748504030526604e+00,-8.361613947254765478e+00
5.648590365502829336e+00,-5.500762024955939467e+00
6.298480181590178084e+00,-6.138450027908255890e+00
9.510776651954341077e+00,-9.400422933730112618e+00
3.511787151659238049e+00,-3.278504498811993795e+00
4.386499991119459096e+00,-4.141201142204136154e+00
5.491617979512730230e+00,-5.358162084435496908e+00
1.604598358086369858e+00,-1.437768800543246295e+00
6.578633574508103266e+00,-6.563505599671157320e+00
8.897865255846248989e-01,-6.086389505122646870e-01
8.191427727825125515e+00,-8.100139656689528067e+00
5.817420770395786978e-01,-5.290396975731399554e-01
9.566927936446097291e+00,-9.369774105326884595e+00
4.214782902999063552e+00,-4.021359808283228254e+00
8.619154334781306659e+00,-8.607633561408475131e+00
1.865199798307427548e+00,-1.743084761578542530e+00
3.205119567804530778e+00,-3.084759286218530239e+00
9.974209442623436672e+00,-9.970615049897475046e+00
9.785324497085134965e-01,-9.367002165135124292e-01
6.446913417296209481e+00,-6.254639589268824906e+00
6.750516618991815321e+00,-6.736769019804452086e+00
8.575214207094315810e+00,-8.421704786787376662e+00
3.010457672067916590e+00,-2.920117499478087630e+00
2.947124362386505325e+00,-2.689143903615454523e+00
3.129714463613514575e+00,-2.983919670893200760e+00
8.315331931069405158e+00,-8.119872917338931018e+00
8.138916329999608124e+00,-8.010738732210285207e+00
5.949515272025234225e+00,-5.864298779301146958e+00
5.229451529330031434e+00,-5.143960791970234148e+00
2.653543600492392684e+00,-2.401031677762208716e+00
8.350064083576121732e+00,-8.250558444150078330e+00
8.452622149049851430e+00,-8.163113831738934678e+00
2.423943894707542235e+00,-2.302671037077595351e+00
4.914970838861313140e+00,-4.792790559054329158e+00
5.960343013558020431e+00,-5.926441901488606057e+00
5.841177716053117308e+00,-5.669959482222563629e+00
6.630437459252480181e+00,-6.405159462928739167e+00
5.060175307929323907e+00,-4.900088090253424511e+00
5.631532205100771016e+00,-5.508610316817090791e+00
4.577515001154603524e+00,-4.488482326466728622e+00
7.060635833488354329e+00,-6.881979657400592920e+00
5.302250777750160182e+00,-5.115547918389232507e+00
2.960486772990631454e+00,-2.943947695558235988e+00
7.837502938224849558e+00,-7.594984721246490267e+00
4.796403312147283771e+00,-4.697393167276318060e+00
5.137480798670880588e+00,-5.008257258903969777e+00
4.926585897797002289e+00,-4.704417382072463738e+00
8.205752946710811457e+00,-8.197386611442015081e+00
4.225560753660787761e+00,-4.096969486615643419e+00
6.117376932097070785e+00,-5.927438241736316726e+00
7.860830066342624711e+00,-7.722740929410796262e+00
8.396868155431358005e+00,-8.108350068517625076e+00
5.956805686029067459e+00,-5.867839425074403259e+00
2.184329955358529141e+00,-2.130278074088948870e+00
8.816412300324977025e+00,-8.628302258516603374e+00
8.973151767798803746e-01,-8.949119604283444218e-01
3.526286435281255294e+00,-3.465244895617620724e+00
9.463065582456433589e+00,-9.377268650571826569e+00
4.885972712442960386e+00,-4.699344118582163610e+00
4.497862000283103789e-01,-2.857614978088036661e-01
9.654970921153546826e+00,-9.490913326291567031e+00
9.529132351442694215e+00,-9.300911290082661154e+00
1.737200624261339144e+00,-1.589947817475664715e+00
2.033037800805942652e+00,-1.785468246128243397e+00
3.859199687465416417e+00,-3.699727488374026763e+00
6.198913167012500836e+00,-5.967481990719902818e+00
2.091329634264365023e+00,-1.857793721811028975e+00
5.100763508250687472e+00,-4.992088212577654893e+00
5.723930496122711986e+00,-5.707932324932756707e+00
8.435440842625773428e+00,-8.288938921104271884e+00
8.875868599671001391e+00,-8.779084725210669404e+00
4.150118194726207577e+00,-3.905258720387751570e+00
4.088444605292923306e+00,-3.829658800675945329e+00
2.180507774502254748e+00,-1.893287208902552976e+00
1.457193669160864458e+00,-1.191209930193770861e+00
7.004722182533178909e+00,-6.836311449807904062e+00
4.552979252643787333e+00,-4.349408375041967645e+00
1.122213870111675726e+00,-9.312530087087446118e-01
1.969103692593673349e+00,-1.867610559878109644e+00
7.635499386541791722e+00,-7.343308804485579877e+00
7.445655390962357956e+00,-7.400903495151938571e+00
5.649997703364965318e+00,-5.513118304365432820e+00
5.265347114354495872e+00,-5.186391057395074000e+00
6.411506889744261528e+00,-6.293131240196919052e+00
7.216627319964818987e+00,-7.203095517367265721e+00
4.183794746329331460e+00,-4.004982047714304549e+00
6.637843473977227404e+00,-6.347322357269197468e+00
4.356951124027030886e-01,-3.419011260936438146e-01
9.344195489332863147e+00,-9.136166688591590201e+00
3.674773342005333010e-01,-1.095736074683363870e-01
5.924995954618134775e+00,-5.773675027354203237e+00
2.063303247285437347e+00,-1.798896256099385749e+00
6.865144197346534582e+00,-6.821185008544385475e+00
8.344858612765165162e+00,-8.253317540038517919e+00
1.588603053869850346e+00,-1.425480796019479524e+00
4.422058401731735700e+00,-4.231190219057817004e+00
5.708792608407086355e+00,-5.474174995591823745e+00
1.714115668358687783e+00,-1.683451888220407477e+00
6.337569901574587661e+00,-6.075653648031919651e+00
2.495263794963886728e+00,-2.198402061543154318e+00
4.722863544492522436e+00,-4.582812684207160814e+00
3.910780824987051041e+00,-3.846123760377017309e+00
8.778856217702005083e+00,-8.726883837237622288e+00
1.351912434009717723e+00,-1.313705314082048492e+00
4.412952084994660851e+00,-4.230711985926932428e+00
7.953710480625456825e+00,-7.671597241318855787e+00
9.597416225645938326e+00,-9.563958247928345813e+00
4.915367838095008324e-01,-3.050337876056116726e-01
5.018078800831034414e+00,-4.930667258813605791e+00
6.228822226036027310e+00,-6.127083465431017117e+00
8.512331978722629700e+00,-8.287334015790083441e+00
5.462988419314964261e+00,-5.273535004074735966e+00
7.459938863888163851e+00,-7.418262277391583837e+00
9.240138442720816414e+00,-8.962943458813494857e+00
7.913544660745301940e+00,-7.654445745493591247e+00
7.968540557023473525e+00,-7.862839810581307987e+00
6.856443736340319006e+00,-6.831436957389665388e+00
3.859949602082102249e-01,-1.852848075058884936e-01
1.455176382476266461e+00,-1.333364386028772719e+00
5.394732933395034458e+00,-5.128315750933754025e+00
1.981242440976137553e+00,-1.938432485504161473e+00
3.195926008080101077e+00,-2.938076074210373534e+00
3.077495172568748494e+00,-3.048383588463256633e+00
1.475182485280889244e+00,-1.331716722424935107e+00
8.457397364093308667e+00,-8.281116101296221998e+00
9.112922191530334004e+00,-8.893512388030886839e+00
7.895909059287049558e+00,-7.760203809470782588e+00
9.787688605183600288e+00,-9.693262329297366975e+00
8.513795090283686307e+00,-8.335040084172401720e+00
7.694271631799898259e+00,-7.410274739937423583e+00
6.112219235044533683e+00,-6.105524140511572995e+00
8.822173524843737624e+00,-8.527059949752176848e+00
2.792855174602226764e-01,-2.583024295830547712e-01
3.955789564936821101e+00,-3.788333908188128429e+00
3.186147328191148986e+00,-2.979927376551454454e+00
5.621077537699814997e+00,-5.354662278040669854e+00
4.974373995752858768e+00,-4.817865603324793078e+00
3.866462919622705385e+00,-3.777195493321296560e+00
8.228168287000720227e+00,-8.190880962392496301e+00
5.631024924018845912e-01,-3.138983385548589355e-01
5.096850166046834829e+00,-4.930195265142228500e+00
5.397969428031834660e+00,-5.192735227879243354e+00
1.212225729653971795e+00,-9.259069972254077019e-01
9.639975224208246374e+00,-9.421607214475169911e+00
6.839821426391667902e-01,-4.549752368041596329e-01
4.391382997547897737e+00,-4.295174533468795630e+00
3.147784067748371495e-01,-2.243848515637008323e-01
8.788044583104365870e+00,-8.737489500861697067e+00
6.429611979709237701e+00,-6.137491395574254049e+00
3.423296536518416477e-01,-6.899070369010623649e-02
1.372277196159005230e+00,-1.340974223977724256e+00
8.237330310698894209e+00,-8.073654170345649916e+00
4.886697220357954841e+00,-4.630840234735437377e+00
8.972103656266886773e+00,-8.677168822285626248e+00
6.375586915254471965e-01,-6.275601275801658829e-01
2.497121712247020398e+00,-2.327344315143214715e+00
3.619581912285775083e+00,-3.429844394455522139e+00
1.518363703106104801e+00,-1.389249471168332972e+00
5.000278580125860017e+00,-4.950058193369986093e+00
2.536477355282332979e+00,-2.355970651167532459e+00
6.032868245277406061e+00,-5.861497944448402997e+00
5.234319996078355075e+00,-5.135273483950536288e+00
6.691859904679854587e+00,-6.494883453690611930e+00
1.186219524748739484e+00,-1.043075671490363288e+00
2.014765817872525844e+00,-1.728232244378125726e+00
4.132149036305601264e+00,-4.110183030795020009e+00
4.803522322538733569e+00,-4.736126818171948472e+00
1.544058887590634699e+00,-1.261186541494247582e+00
2.842216715806466176e+00,-2.829515511128972260e+00
1.708342338378132652e+00,-1.680066961169391693e+00
2.472809051317015339e+00,-2.176367499962720498e+00
2.303487670888845429e+00,-2.169208835878955188e+00
9.718155445444883966e+00,-9.612679471638605477e+00
1.730616880528390578e-01,7.979965623898377380e-02
9.954835184574422513e+00,-9.751487696500205971e+00
6.927043830129315793e+00,-6.806780074100789335e+00
7.270559716866534572e+00,-7.027715045718520237e+00
7.722010832867018060e+00,-7.612718179162982324e+00
4.010319710010533889e+00,-3.798570592234248533e+00
3.612680038257455095e+00,-3.368681073504742329e+00
1.225648858362374805e+00,-1.011786429349775362e+00
7.304159136953428444e+00,-7.129720441993317337e+00
9.425715321462575957e+00,-9.208513515380062131e+00
6.118588199777973635e+00,-5.841028693640470948e+00
5.407373047237333807e+00,-5.132938154299550249e+00
7.334293734985386504e-01,-5.233288964875086879e-01
2.136044098693306914e+00,-1.994295926543647735e+00
6.347667641663878868e-01,-5.548364837379833325e-01
3.756643781961388484e+00,-3.679819194244483782e+00
6.028604372847479187e-01,-5.089465601801618222e-01
8.579215022371384336e+00,-8.560726232526512547e+00
7.700796509782350086e+00,-7.504700267078558973e+00
6.680386530339836426e+00,-6.655253024751583091e+00
3.645931434523669523e+00,-3.346977883375472196e+00
2.051146457158724346e+00,-2.037183754924881463e+00
9.167662564241824796e+00,-8.925528304448645756e+00
2.479806396226347243e-01,-2.398741876285769570e-01
6.459120193022990009e+00,-6.437745510909832269e+00
3.148657958106234389e+00,-2.926706254957213815e+00
7.349541725199367548e+00,-7.348448593354062197e+00
3.616526609368459155e+00,-3.562050435316478136e+00
5.489273701672950700e+00,-5.374729796719392994e+00
4.711306203303825768e+00,-4.540377364685168615e+00
1.419808495687564509e+00,-1.136250027479078106e+00
4.815323635837809313e-02,1.916337548861270224e-01
9.142310976183928517e+00,-9.067941423377398280e+00
5.746710130224176538e+00,-5.547609289226659079e+00
5.476021153288095356e+00,-5.443822561584768849e+00
5.310578097386136065e+00,-5.163815674733545968e+00
1.805590644526741118e+00,-1.753887244862725847e+00
1.606381855357171817e+00,-1.536582593572497490e+00
1.091848039844566243e+00,-8.434096573103174732e-01
6.351929939651228096e+00,-6.315651807736173851e+00
4.388614964521270423e+00,-4.387788190969327040e+00
1.950974940331609009e+00,-1.919878023185544569e+00
2.776329465565221533e+00,-2.508518617417933694e+00
1.656738798249417499e+00,-1.571618383423811771e+00
3.311690073663875467e+00,-3.079503353365322216e+00
4.617724967985959772e+00,-4.573178705368508012e+00
6.946015427633411843e-01,-4.782514277916155576e-01
3.385686161329521049e+00,-3.302653334128669016e+00
4.347852413696880802e+00,-4.286255334697998798e+00
3.479836440176191648e+00,-3.192146756661927931e+00
7.014821826868320898e+00,-6.959200586765443397e+00
8.582547636436286709e+00,-8.337401947045679051e+00
5.048758154806622933e+00,-4.815865469190952375e+00
1.072762364086358167e+00,-9.886968340258089905e-01
8.054022975432517661e-01,-7.730840655774372516e-01
2.967894974435188793e+00,-2.860129758229993158e+00
2.962486280339571287e+00,-2.884181436820891786e+00
8.384094455347135266e+00,-8.112309936795575993e+00
2.627607884797154014e+00,-2.368723116797463391e+00
1.842574932351807027e+00,-1.762155821069259609e+00
1.296555125079201787e+00,-1.197099797434990620e+00
8.698334433207657312e+00,-8.655924706085560416e+00
3.254888872564027924e+00,-3.091476080876105481e+00
5.254660556710333275e-01,-4.706565996408336172e-01
6.884226303079085341e+00,-6.666159053759802333e+00
4.710275527066576373e+00,-4.555032220420354605e+00
2.735002478176817853e-01,-2.696254770838091286e-02
3.219779615984978971e+00,-3.127533932651635595e+00
3.640161686239953287e+00,-3.408953554354479554e+00
2.940060125708445771e+00,-2.873895863939141204e+00
4.223977036347936753e-01,-3.377635360258938180e-01
6.586277360036271844e+00,-6.558912441361025358e+00
7.557320767397357475e-01,-6.493098009059896647e-01
1.520175541502487571e+00,-1.450991034722528550e+00
4.644932779072926010e+00,-4.466611286702388384e+00
4.959944119773593840e+00,-4.795972702860328951e+00
4.216172608648772524e+00,-3.921531788699255561e+00
3.241831898162780057e+00,-3.052299929425752012e+00
1.907037842580938669e+00,-1.714227955422987559e+00
2.453060656168299047e+00,-2.282302731932417394e+00
6.898950534698673920e+00,-6.806474380186434026e+00
3.281628439801585806e+00,-3.140489076397011914e+00
6.415938739034018568e+00,-6.163129177745945597e+00
7.422159914056787322e+00,-7.350514431319486341e+00
1.595249998163605909e-01,-6.141662392233311618e-02
6.483224300883049018e+00,-6.204887018978813451e+00
5.842198905984483659e+00,-5.558886583434397011e+00
8.363618322611820588e+00,-8.077243066643037039e+00
2.236699796192584966e+00,-2.197041690764341304e+00
5.547503535069954417e+00,-5.280975647800373984e+00
7.813168611294793564e+00,-7.564702771255984892e+00
9.812700435247748487e+00,-9.744904004552566334e+00
2.973785513777229550e+00,-2.781151432339649343e+00
8.976610197051929418e+00,-8.924069863261353319e+00
6.198997226299938212e+00,-6.096024624069509734e+00
1.450194558610826689e+00,-1.400862282773048362e+00
8.225312443730691925e+00,-7.968724181829852427e+00
3.681208244872316016e+00,-3.588520955701109738e+00
4.538520963629911975e+00,-4.471079947486085615e+00
3.258601219625076872e+00,-3.125184413159251218e+00
8.892931263391613328e+00,-8.839442493224098030e+00
2.213803904848028470e+00,-2.172721700505177544e+00
9.703569049891697773e+00,-9.422401022858259978e+00
8.935902370604692280e+00,-8.935681513756659200e+00
6.715217300209185503e+00,-6.580550797807320329e+00
2.054244347788486635e+00,-1.849174403773474307e+00
9.060808316442122035e+00,-8.770447390613568928e+00
4.094997049186241966e+00,-3.891332186713623909e+00
2.276029608519137604e+00,-2.262411077465951159e+00
7.393474183244088671e+00,-7.255385105211130004e+00
8.198868833962819735e+00,-8.092320779069437364e+00
2.838936011356705258e+00,-2.703207673796418131e+00
1.525836680584062854e+00,-1.316920838872444266e+00
1.087753430574444069e+00,-9.963513029362501827e-01
8.973293301351304763e+00,-8.864671681705669215e+00
1.976477863006131930e-01,-4.145754449131830444e-02
6.175762186229192707e+00,-5.960661332986827432e+00
2.309697479868585646e+00,-2.070534608194311232e+00
7.000137616682035713e+00,-6.769787295743043387e+00
4.464337214276106636e+00,-4.338691389360229245e+00
3.401806114500891542e+00,-3.399921749139185767e+00
9.534874688231639084e+00,-9.259473755685927898e+00
9.215801991569783080e-01,-8.271001385969690700e-01
1.747825445207407125e+00,-1.468025075881058239e+00
3.119235381726672696e+00,-2.823716440654972182e+00
2.153779541059408498e-01,7.077100117781981448e-02
5.044189695453208166e+00,-4.851493078496101674e+00
3.166513875483987217e+00,-2.941059983415483803e+00
3.752777465852170646e+00,-3.712266383600348441e+00
1.541778732351215542e+00,-1.252555802302155241e+00
6.119532469163590171e+00,-6.042638385523742883e+00
4.192034493586572097e+00,-4.039412841512436181e+00
3.491604696129122498e+00,-3.330961121084701659e+00
3.729788453905082957e+00,-3.488244256227049700e+00
5.300404147097102836e+00,-5.054587498178499061e+00
6.985984250199139822e-01,-6.081141473428737232e-01
9.392515417360575825e+00,-9.273878131533161095e+00
1.935825189204191110e+00,-1.834381123683111126e+00
4.464579392723897477e+00,-4.207102356446678293e+00
7.873389069024239184e+00,-7.670639703939976073e+00
2.454346009593149081e+00,-2.338486296402380482e+00
5.302454123556754606e-01,-4.878730943720197555e-01
9.811994377188453242e+00,-9.803271761696565889e+00
6.505816402956460465e+00,-6.303761737447004521e+00
5.212646312522915437e+00,-5.197199392348097469e+00
1.772909686880694835e+00,-1.516223509442359285e+00
4.521648686189507771e+00,-4.349072039541255208e+00
1.004146304759101493e+00,-9.603254874755562387e-01
8.864920744293415922e+00,-8.604238766145954287e+00
6.375600056874683119e+00,-6.188539633174241494e+00
1.122915629528620229e+00,-1.069983379396663326e+00
3.760926866870825336e+00,-3.718578700134626658e+00
2.958660214066812788e+00,-2.812051223948173195e+00
8.353773127938495691e+00,-8.236951188825614167e+00
6.132442075926731739e+00,-6.114339618788316777e+00
9.957284299118587256e+00,-9.856813955282092365e+00
7.002391977383043198e+00,-6.768553418384090747e+00
9.032533133503685363e+00,-8.888875840126152283e+00
1.103180414177926671e+00,-1.004744033771285183e+00
8.679396802774990149e+00,-8.423156688813747905e+00
7.137682328937033915e+00,-7.098103173026878210e+00
1.471402592193693515e-02,-1.372147591423191794e-02
5.778910636875576934e+00,-5.570305084774858528e+00
8.658847712152923037e+00,-8.453024091012693475e+00
9.587755644649325504e+00,-9.549029396408352355e+00
5.521468413926235108e+00,-5.356312541072420608e+00
9.301601993171766836e+00,-9.226321702148355897e+00
3.563697262728501514e+00,-3.400856019576807387e+00
2.040057213539168135e+00,-2.028201316646470964e+00
8.682067458506306679e+00,-8.509571125270493752e+00
1.662774115727768676e+00,-1.493257569230119985e+00
5.688925834401054260e+00,-5.575795612480892949e+00
2.336388296103564244e+00,-2.220277669735916337e+00
6.435664427060699744e+00,-6.255470846026275566e+00
3.441264071878928910e+00,-3.434951731724448898e+00
