7.313290655303819676e+01;-4.651376000000016948e-03;1.150472467925525635e+12;6.741885699999999204e+00;4.319601883396194886e+00;2.741885700000004533e+00
-3.932770092935332968e+02;2.976015615447722557e-03;1.150472467925525635e+12;1.120822438553567579e+01;-1.079144959999999848e-01;7.176850788737632492e+00
-3.560930867189373998e+02;1.175171638056544232e+00;1.150472467925525635e+12;1.092104453709281486e+01;-1.079144959999999848e-01;7.085683165630640268e+00
-8.514609996199997113e+02;1.958903349503505198e-01;1.150472467925525635e+12;1.672627745618547834e+01;-1.079144959999999848e-01;1.271560378909547495e+01
6.765804682530922491e+02;-4.651376000000016948e-03;1.150472467925525635e+12;6.741885699999999204e+00;1.057661296821802566e+01;2.741885700000004533e+00
4.208588455098788472e+01;-4.651376000000016948e-03;1.150472467925525635e+12;6.741885699999999204e+00;1.462364221671303088e+00;2.741885700000004533e+00
-8.514609996199997113e+02;7.165156648889338120e-01;1.150472467925525635e+12;1.706287883079620471e+01;-1.079144959999999848e-01;1.314227706444497557e+01
-8.514609996199997113e+02;4.425363894340200166e-01;1.150472467925525635e+12;2.251033048872780284e+01;-1.079144959999999848e-01;1.837833758140464369e+01
-1.471595005508919485e+02;5.408797459709991928e-01;1.150472467925525635e+12;8.848493438106954656e+00;-1.079144959999999848e-01;4.960974070122293966e+00
4.749316109089204474e+01;-4.651376000000016948e-03;1.150472467925525635e+12;6.741885699999999204e+00;2.260838194960482994e+00;2.741885700000004533e+00
5.292795215477917736e+01;-4.651376000000016948e-03;1.150472467925525635e+12;6.741885699999999204e+00;1.393160248985265248e+00;2.741885700000004533e+00
-4.266726099193822961e+02;-4.651376000000016948e-03;1.150472467925525635e+12;1.124713999072383430e+01;-1.079144959999999848e-01;7.227128655813809921e+00
-8.514609996199997113e+02;-4.651376000000016948e-03;1.150472467925525635e+12;1.867455599841071745e+01;-1.079144959999999848e-01;1.477283014667840177e+01
1.639467499177559148e+03;-4.651376000000016948e-03;1.150472467925525635e+12;6.741885699999999204e+00;1.419682291212398795e+01;2.741885700000004533e+00
2.026841425164296652e+03;-4.651376000000016948e-03;1.150472467925525635e+12;6.741885699999999204e+00;1.556877819464671830e+01;2.741885700000004533e+00
-8.514609996199997113e+02;1.044882351588308778e+00;1.150472467925525635e+12;2.077210828212700378e+01;-1.079144959999999848e-01;1.669195071377251338e+01
7.959686310066126680e+01;-4.651376000000016948e-03;1.150472467925525635e+12;6.741885699999999204e+00;-1.079144959999999848e-01;2.741885700000004533e+00
-8.514609996199997113e+02;1.159062910382478329e+00;1.150472467925525635e+12;1.942777304528746996e+01;-1.079144959999999848e-01;1.532243326370450909e+01
-8.514609996199997113e+02;-4.651376000000016948e-03;1.150472467925525635e+12;2.021381340934974702e+01;-1.079144959999999848e-01;1.629561023328753677e+01
4.311774034373536324e+01;-4.651376000000016948e-03;1.150472467925525635e+12;6.741885699999999204e+00;1.729419353444355600e+00;2.741885700000004533e+00
7.130117297641265850e+01;-4.651376000000016948e-03;1.150472467925525635e+12;6.741885699999999204e+00;-1.079144959999999848e-01;2.741885700000004533e+00
-2.009177443691155531e+02;-4.651376000000016948e-03;1.150472467925525635e+12;9.594963181253188367e+00;-1.079144959999999848e-01;5.500861195138319282e+00
-1.075053240131060193e+02;1.291659771514465316e+00;1.150472467925525635e+12;9.445712422770137451e+00;-1.079144959999999848e-01;5.209969292423509479e+00
3.611718943505798052e+01;-4.651376000000016948e-03;1.150472467925525635e+12;6.741885699999999204e+00;-1.079144959999999848e-01;2.741885700000004533e+00
-2.145309996592447987e+01;6.372608168218680813e-01;1.150472467925525635e+12;7.576694141525532444e+00;-1.079144959999999848e-01;3.318495418444484812e+00
-4.420418727017965921e+01;8.975707191109812966e-01;1.150472467925525635e+12;8.223007144492639142e+00;-1.079144959999999848e-01;4.161970244868186342e+00
-8.514609996199997113e+02;-4.651376000000016948e-03;1.150472467925525635e+12;1.653129439203883067e+01;-1.079144959999999848e-01;1.263580917317893970e+01
-8.514609996199997113e+02;-4.651376000000016948e-03;1.150472467925525635e+12;2.341940217787861656e+01;-1.079144959999999848e-01;1.959489206947733564e+01
-5.243029622044468852e+01;-4.651376000000016948e-03;1.150472467925525635e+12;8.457102512558220653e+00;-1.079144959999999848e-01;4.242917443711682779e+00
5.569327338748948932e+03;5.003002102586201483e-01;1.150472467925525635e+12;6.741885699999999204e+00;2.139960120770560792e+01;2.741885700000004533e+00
-8.514609996199997113e+02;1.153429989677220213e+00;1.150472467925525635e+12;1.820280259755957530e+01;-1.079144959999999848e-01;1.416621723059770233e+01
-5.496579463692085028e+02;-4.651376000000016948e-03;1.150472467925525635e+12;1.201278726315885237e+01;-1.079144959999999848e-01;8.011302620538451436e+00
-5.607705734588323594e+02;7.569833120540840898e-01;1.150472467925525635e+12;1.260321894768799211e+01;-1.079144959999999848e-01;8.753445439328693567e+00
4.247451191640050183e+01;-4.651376000000016948e-03;1.150472467925525635e+12;6.741885699999999204e+00;-1.079144959999999848e-01;2.741885700000004533e+00
5.109108253367696761e+01;-4.651376000000016948e-03;1.150472467925525635e+12;6.741885699999999204e+00;1.121501659277202467e+00;2.741885700000004533e+00
6.688474195726018934e+02;2.159854051742208375e-02;1.150472467925525635e+12;6.741885699999999204e+00;1.168652383155198571e+01;2.741885700000004533e+00
6.935875012438918930e+02;3.388025834221147226e-01;1.150472467925525635e+12;6.741885699999999204e+00;1.125584986288964195e+01;2.741885700000004533e+00
-8.514609996199997113e+02;1.418923831097917532e+00;1.150472467925525635e+12;2.517416379277896255e+01;-1.079144959999999848e-01;2.080567513621746301e+01
-8.514609996199997113e+02;-4.651376000000016948e-03;1.150472467925525635e+12;3.169808462480056477e+01;-1.079144959999999848e-01;2.783614982192462151e+01
3.737690124100802677e+03;6.700210006910641836e-01;1.150472467925525635e+12;6.741885699999999204e+00;1.915843852464813324e+01;2.741885700000004533e+00
-8.514609996199997113e+02;8.323048863063671199e-01;1.150472467925525635e+12;1.722752790615584217e+01;-1.079144959999999848e-01;1.327802843977702274e+01
8.833251320059200225e+03;6.100698738798160381e-01;1.150472467925525635e+12;6.741885699999999204e+00;2.510192274545885027e+01;2.741885700000004533e+00
-8.514609996199997113e+02;7.392109904658720199e-01;1.150472467925525635e+12;1.735405145453724884e+01;-1.079144959999999848e-01;1.341668821030272341e+01
8.534737886749958307e+02;3.309329047550136349e-01;1.150472467925525635e+12;6.741885699999999204e+00;1.226182399868456940e+01;2.741885700000004533e+00
5.039478164674824257e+01;8.590719420196999412e-01;1.150472467925525635e+12;6.741885699999999204e+00;3.221564974932625613e+00;2.741885700000004533e+00
-8.514609996199997113e+02;-4.651376000000016948e-03;1.150472467925525635e+12;1.660922887671081938e+01;-1.079144959999999848e-01;1.271000190475695923e+01
-2.051957025579858964e+02;-4.651376000000016948e-03;1.150472467925525635e+12;9.878103094459380173e+00;-1.079144959999999848e-01;5.741946083960243641e+00
5.494803822537399355e+03;-4.651376000000016948e-03;1.150472467925525635e+12;6.741885699999999204e+00;2.060968161397029519e+01;2.741885700000004533e+00
9.421722513779241126e+01;-4.651376000000016948e-03;1.150472467925525635e+12;6.741885699999999204e+00;6.739231507277109401e+00;2.741885700000004533e+00
2.897919290499387444e+02;9.838211338366745773e-01;1.150472467925525635e+12;6.741885699999999204e+00;8.361199925522418752e+00;2.741885700000004533e+00
-8.514609996199997113e+02;1.068848694226030016e+00;1.150472467925525635e+12;1.917955417108751703e+01;-1.079144959999999848e-01;1.509924736242136412e+01
-8.514609996199997113e+02;5.376030691453037580e-01;1.150472467925525635e+12;2.665336570838302066e+01;-1.079144959999999848e-01;2.250155129982625724e+01
1.622638975729785216e+01;-4.651376000000016948e-03;1.150472467925525635e+12;6.741885699999999204e+00;3.513767428181417518e+00;2.741885700000004533e+00
5.129481870372203957e+03;1.211079665765778968e+00;1.150472467925525635e+12;6.741885699999999204e+00;2.077853525509692645e+01;2.741885700000004533e+00
1.019021219987286713e+03;1.905632221717759242e-02;1.150472467925525635e+12;6.741885699999999204e+00;1.294741673640713486e+01;2.741885700000004533e+00
6.744266313157061177e+02;2.647533615260342921e-01;1.150472467925525635e+12;6.741885699999999204e+00;1.133354348399142175e+01;2.741885700000004533e+00
-8.514609996199997113e+02;7.698543166929714410e-01;1.150472467925525635e+12;1.573469258960090933e+01;-1.079144959999999848e-01;1.181402515751254967e+01
-8.514609996199997113e+02;2.288420646452550555e-01;1.150472467925525635e+12;2.666692389221682191e+01;-1.079144959999999848e-01;2.272466675968230021e+01
-3.827195641544989826e+02;1.281169230251372193e+00;1.150472467925525635e+12;1.141351189624128892e+01;-1.079144959999999848e-01;7.471788745541890542e+00
-8.514609996199997113e+02;-4.651376000000016948e-03;1.150472467925525635e+12;2.918832821243096021e+01;-1.079144959999999848e-01;2.539807412820715271e+01
-5.894582556010371945e+02;-4.651376000000016948e-03;1.150472467925525635e+12;1.226150758480598668e+01;-1.079144959999999848e-01;8.168771446023441740e+00
1.198968914085277356e+04;2.689685460839566847e-02;1.150472467925525635e+12;6.741885699999999204e+00;2.836547979310673995e+01;2.741885700000004533e+00
-8.514609996199997113e+02;-4.651376000000016948e-03;1.150472467925525635e+12;1.422239753032784648e+01;-1.079144959999999848e-01;1.029902407290844479e+01
-8.514609996199997113e+02;9.933984273753587724e-02;1.150472467925525635e+12;3.024769802857206713e+01;-1.079144959999999848e-01;2.644040905821399434e+01
-3.582080364624274580e+02;-4.651376000000016948e-03;1.150472467925525635e+12;1.072424939708197300e+01;-1.079144959999999848e-01;6.659709528862206795e+00
-7.336801576683233179e+02;1.421759261854438794e+00;1.150472467925525635e+12;1.425208202527851142e+01;-1.079144959999999848e-01;1.040572313525002102e+01
-8.514609996199997113e+02;-4.651376000000016948e-03;1.150472467925525635e+12;1.629908363062890686e+01;-1.079144959999999848e-01;1.241403866701158876e+01
-8.514609996199997113e+02;9.933591029742252498e-01;1.150472467925525635e+12;1.586424511934779424e+01;-1.079144959999999848e-01;1.196828352541308327e+01
1.815710865399598333e+03;1.070016571226815927e+00;1.150472467925525635e+12;6.741885699999999204e+00;1.593512160352868534e+01;2.741885700000004533e+00
-8.514609996199997113e+02;-4.651376000000016948e-03;1.150472467925525635e+12;1.518993441005257239e+01;-1.079144959999999848e-01;1.129373343465795543e+01
-4.225424352959937551e+02;-4.651376000000016948e-03;1.150472467925525635e+12;1.132139450779088463e+01;-1.079144959999999848e-01;7.296378548269609965e+00
2.796635439953106470e+03;-4.651376000000016948e-03;1.150472467925525635e+12;6.741885699999999204e+00;1.766862380468064941e+01;2.741885700000004533e+00
-8.514609996199997113e+02;-4.651376000000016948e-03;1.150472467925525635e+12;1.828829819338157137e+01;-1.079144959999999848e-01;1.438389676134179496e+01
-8.514609996199997113e+02;8.584494180861473867e-01;1.150472467925525635e+12;1.740405292855622932e+01;-1.079144959999999848e-01;1.344395143043699825e+01
-8.514609996199997113e+02;-4.651376000000016948e-03;1.150472467925525635e+12;1.891953934265385584e+01;-1.079144959999999848e-01;1.497409682490723881e+01
7.699379818479089863e+02;5.550199258838838245e-01;1.150472467925525635e+12;6.741885699999999204e+00;1.141017354056366706e+01;2.741885700000004533e+00
4.998536552988173298e+01;-4.651376000000016948e-03;1.150472467925525635e+12;6.741885699999999204e+00;5.789714131142337239e-01;2.741885700000004533e+00
-6.253547430267772143e+02;-4.651376000000016948e-03;1.150472467925525635e+12;1.242749265943561454e+01;-1.079144959999999848e-01;8.449110417060374800e+00
-4.806003432053408915e+02;5.289023302358438761e-01;1.150472467925525635e+12;1.202182167466557594e+01;-1.079144959999999848e-01;8.242497353906586000e+00
-4.455670169686396207e+02;-4.651376000000016948e-03;1.150472467925525635e+12;1.143675219453442260e+01;-1.079144959999999848e-01;7.435824815237765506e+00
1.248084034469251492e+03;7.379262520935359060e-01;1.150472467925525635e+12;6.741885699999999204e+00;1.401189621009960895e+01;2.741885700000004533e+00
6.785488713246718362e+01;-4.651376000000016948e-03;1.150472467925525635e+12;6.741885699999999204e+00;-1.079144959999999848e-01;2.741885700000004533e+00
2.402779674403916488e+01;-4.651376000000016948e-03;1.150472467925525635e+12;6.741885699999999204e+00;-1.079144959999999848e-01;2.741885700000004533e+00
5.166686228863773067e+02;2.763333196728445795e-01;1.150472467925525635e+12;6.741885699999999204e+00;1.033087266815994987e+01;2.741885700000004533e+00
1.085160952480293872e+02;-4.651376000000016948e-03;1.150472467925525635e+12;6.741885699999999204e+00;-1.079144959999999848e-01;2.741885700000004533e+00
1.448487353910246838e+03;-4.651376000000016948e-03;1.150472467925525635e+12;6.741885699999999204e+00;1.408107899277182185e+01;2.741885700000004533e+00
-8.514609996199997113e+02;6.651183944909893064e-01;1.150472467925525635e+12;2.302956021752461879e+01;-1.079144959999999848e-01;1.891957130175278934e+01
-4.668742643410424762e+02;-4.651376000000016948e-03;1.150472467925525635e+12;1.156052494549129150e+01;-1.079144959999999848e-01;7.533549759158529646e+00
-8.514609996199997113e+02;-4.651376000000016948e-03;1.150472467925525635e+12;1.712047126402752184e+01;-1.079144959999999848e-01;1.321820575932824049e+01
3.024832172389312746e+02;-4.651376000000016948e-03;1.150472467925525635e+12;6.741885699999999204e+00;8.396196539588665075e+00;2.741885700000004533e+00
5.510111040233994117e+01;-4.651376000000016948e-03;1.150472467925525635e+12;6.741885699999999204e+00;-1.079144959999999848e-01;2.741885700000004533e+00
1.360133767959583793e+02;1.005324455005934592e+00;1.150472467925525635e+12;6.741885699999999204e+00;-1.079144959999999848e-01;2.741885700000004533e+00
-4.418731615522341372e+02;-4.651376000000016948e-03;1.150472467925525635e+12;1.136180699330500588e+01;-1.079144959999999848e-01;7.341402260933441504e+00
-8.514609996199997113e+02;-4.651376000000016948e-03;1.150472467925525635e+12;2.619160305095572738e+01;-1.079144959999999848e-01;2.230946588557082322e+01
4.518940056949224982e+01;-4.651376000000016948e-03;1.150472467925525635e+12;6.741885699999999204e+00;1.202324726119403664e+00;2.741885700000004533e+00
-7.706190952385520632e+01;1.080680148358421855e+00;1.150472467925525635e+12;8.806289919612584782e+00;-1.079144959999999848e-01;4.799456056501311352e+00
-4.645155970584500551e+02;2.582243194602140135e-01;1.150472467925525635e+12;1.165855732445407789e+01;-1.079144959999999848e-01;7.760835590283631902e+00
2.742525819117765877e+02;-4.651376000000016948e-03;1.150472467925525635e+12;6.741885699999999204e+00;8.911750156507029175e+00;2.741885700000004533e+00
-6.479077869017418152e+02;3.985096987598577001e-02;1.150472467925525635e+12;1.301757452467422027e+01;-1.079144959999999848e-01;9.031222252695023656e+00
-1.546116565132095957e+02;-4.651376000000016948e-03;1.150472467925525635e+12;9.111352339159941138e+00;-1.079144959999999848e-01;4.957054422576822716e+00
1.960005419836038527e+02;-4.651376000000016948e-03;1.150472467925525635e+12;6.741885699999999204e+00;6.854432033398029311e+00;2.741885700000004533e+00
-8.514609996199997113e+02;5.234652627861653695e-02;1.150472467925525635e+12;1.564283577473466558e+01;-1.079144959999999848e-01;1.169699806864276681e+01
-8.514609996199997113e+02;-4.651376000000016948e-03;1.150472467925525635e+12;1.744320403495619232e+01;-1.079144959999999848e-01;1.356760359522204595e+01
-3.461267146984436067e+02;1.169634029817444132e+00;1.150472467925525635e+12;1.083277486235765963e+01;-1.079144959999999848e-01;6.997342750987757931e+00
-8.514609996199997113e+02;5.375723573506528963e-01;1.150472467925525635e+12;2.506857448139490430e+01;-1.079144959999999848e-01;2.089422359185480005e+01
-8.514609996199997113e+02;-4.651376000000016948e-03;1.150472467925525635e+12;2.040671546659059388e+01;-1.079144959999999848e-01;1.653873702805361035e+01
1.735768163713592003e+02;1.038432137996914806e+00;1.150472467925525635e+12;6.741885699999999204e+00;-1.079144959999999848e-01;2.741885700000004533e+00
4.415043409233908278e+03;5.884486323116042694e-01;1.150472467925525635e+12;6.741885699999999204e+00;2.017474177622333542e+01;2.741885700000004533e+00
-2.137630387231865825e+01;1.246523379026349243e+00;1.150472467925525635e+12;7.856881111305037635e+00;-1.079144959999999848e-01;2.920808062801803828e+00
-8.514609996199997113e+02;4.767637406566717084e-01;1.150472467925525635e+12;2.559888381092944343e+01;-1.079144959999999848e-01;2.145949813552783070e+01
1.230595313878590332e+03;-4.651376000000016948e-03;1.150472467925525635e+12;6.741885699999999204e+00;1.310676331818024742e+01;2.741885700000004533e+00
-8.514609996199997113e+02;5.964121039707650507e-01;1.150472467925525635e+12;1.530452828488102845e+01;-1.079144959999999848e-01;1.143541681389791265e+01
-8.514609996199997113e+02;-4.651376000000016948e-03;1.150472467925525635e+12;1.503416931196550621e+01;-1.079144959999999848e-01;1.111750032630717477e+01
-8.514609996199997113e+02;-4.651376000000016948e-03;1.150472467925525635e+12;1.442335140086344047e+01;-1.079144959999999848e-01;1.050271978644988025e+01
3.950472533598664086e+03;-4.651376000000016948e-03;1.150472467925525635e+12;6.741885699999999204e+00;1.928670254915528304e+01;2.741885700000004533e+00
-9.735825925928452307e+00;-4.651376000000016948e-03;1.150472467925525635e+12;6.741885699999999204e+00;-1.079144959999999848e-01;2.741885700000004533e+00
-1.551867712078400245e+02;3.320214007453378136e-01;1.150472467925525635e+12;9.336112725731112505e+00;-1.079144959999999848e-01;5.409305845701631199e+00
1.276514072406041578e+02;7.819253872861775534e-01;1.150472467925525635e+12;6.741885699999999204e+00;5.678802519241053837e+00;2.741885700000004533e+00
1.516468847495286809e+02;-4.651376000000016948e-03;1.150472467925525635e+12;6.741885699999999204e+00;5.025368675377112737e+00;2.741885700000004533e+00
-8.514609996199997113e+02;-4.651376000000016948e-03;1.150472467925525635e+12;2.039664592428218626e+01;-1.079144959999999848e-01;1.653653662889847453e+01
4.642682042808587539e+01;-4.651376000000016948e-03;1.150472467925525635e+12;6.741885699999999204e+00;-1.079144959999999848e-01;2.741885700000004533e+00
-8.514609996199997113e+02;-4.651376000000016948e-03;1.150472467925525635e+12;1.395555346523256901e+01;-1.079144959999999848e-01;1.001606384503749325e+01
3.205556050814285300e+03;-4.651376000000016948e-03;1.150472467925525635e+12;6.741885699999999204e+00;1.677230479741596980e+01;2.741885700000004533e+00
-1.566153252930351982e+02;-4.651376000000016948e-03;1.150472467925525635e+12;9.501936023862898040e+00;-1.079144959999999848e-01;5.327651397021172741e+00
-8.514609996199997113e+02;-4.651376000000016948e-03;1.150472467925525635e+12;3.174016084130909121e+01;-1.079144959999999848e-01;2.800476510780696415e+01
3.740400977290376431e+03;3.275583830063300561e-01;1.150472467925525635e+12;6.741885699999999204e+00;1.909858631463894696e+01;2.741885700000004533e+00
1.625453265557918030e+02;-4.651376000000016948e-03;1.150472467925525635e+12;6.741885699999999204e+00;5.103185372723576307e+00;2.741885700000004533e+00
-8.514609996199997113e+02;-4.651376000000016948e-03;1.150472467925525635e+12;1.687655051080341195e+01;-1.079144959999999848e-01;1.294093755694404990e+01
1.584863030888393041e+03;1.255081241325911590e+00;1.150472467925525635e+12;6.741885699999999204e+00;1.535638575141478057e+01;2.741885700000004533e+00
-8.514609996199997113e+02;9.994129640493456535e-01;1.150472467925525635e+12;2.787567251502838417e+01;-1.079144959999999848e-01;2.375864900792608836e+01
5.200065155316690380e+01;-4.651376000000016948e-03;1.150472467925525635e+12;6.741885699999999204e+00;8.355769653297834276e-01;2.741885700000004533e+00
-8.514609996199997113e+02;-1.845672833315954459e-03;1.150472467925525635e+12;1.978593188443703355e+01;-1.079144959999999848e-01;1.583886443817705114e+01
-3.630353068367708715e+02;1.293852879129488320e+00;1.150472467925525635e+12;1.124278515842956061e+01;-1.079144959999999848e-01;7.309363947787254290e+00
-5.024699263045687871e+02;-4.651376000000016948e-03;1.150472467925525635e+12;1.176445735416702121e+01;-1.079144959999999848e-01;7.733575354955591230e+00
-4.345065617336638297e+01;8.652319821030135527e-01;1.150472467925525635e+12;8.260077990188355201e+00;-1.079144959999999848e-01;3.932731678885152071e+00
-4.981939247040705823e+02;-4.651376000000016948e-03;1.150472467925525635e+12;1.164470125695820180e+01;-1.079144959999999848e-01;7.636179933642974760e+00
3.758646501574799004e+01;2.245337132048326814e-02;1.150472467925525635e+12;6.741885699999999204e+00;3.369128457648049579e+00;2.741885700000004533e+00
1.659183626225559465e+02;8.939135751800383334e-01;1.150472467925525635e+12;6.741885699999999204e+00;-1.079144959999999848e-01;2.741885700000004533e+00
-2.747606124007126027e+02;-4.651376000000016948e-03;1.150472467925525635e+12;1.029150502585409299e+01;-1.079144959999999848e-01;6.238356969104053462e+00
5.260646022788500886e+01;-4.651376000000016948e-03;1.150472467925525635e+12;6.741885699999999204e+00;1.149245047720705459e+00;2.741885700000004533e+00
-8.514609996199997113e+02;1.045984937247543378e+00;1.150472467925525635e+12;1.898488988424657009e+01;-1.079144959999999848e-01;1.492314857035107956e+01
-5.870055051922770417e+01;9.036628893512432814e-01;1.150472467925525635e+12;8.370748635703861851e+00;-1.079144959999999848e-01;4.369129975283589928e+00
-7.298237219868719876e+02;3.767546721507429308e-01;1.150472467925525635e+12;1.364251295710442768e+01;-1.079144959999999848e-01;9.746854022521763028e+00
2.437949350392807446e+01;-4.651376000000016948e-03;1.150472467925525635e+12;6.741885699999999204e+00;2.009421873938840974e+00;2.741885700000004533e+00
1.089939232976108769e+03;-4.651376000000016948e-03;1.150472467925525635e+12;6.741885699999999204e+00;1.271533441621904359e+01;2.741885700000004533e+00
8.587066371586877267e+01;6.595615648555734623e-02;1.150472467925525635e+12;6.741885699999999204e+00;6.678849837196454864e+00;2.741885700000004533e+00
-2.949989510880708394e+02;7.769216209469004264e-01;1.150472467925525635e+12;1.031609535200651528e+01;-1.079144959999999848e-01;6.509164856877052152e+00
1.664402825708193632e+02;9.591692781573313287e-01;1.150472467925525635e+12;6.741885699999999204e+00;-1.079144959999999848e-01;2.741885700000004533e+00
-8.514609996199997113e+02;8.218862668172538521e-01;1.150472467925525635e+12;1.617736323243800101e+01;-1.079144959999999848e-01;1.224003998460699982e+01
7.875577467419554978e+01;-4.651376000000016948e-03;1.150472467925525635e+12;6.741885699999999204e+00;-1.079144959999999848e-01;2.741885700000004533e+00
3.368673981656343130e+01;-4.651376000000016948e-03;1.150472467925525635e+12;6.741885699999999204e+00;-1.079144959999999848e-01;2.741885700000004533e+00
5.791713021691577978e+01;5.807525880937211005e-01;1.150472467925525635e+12;6.741885699999999204e+00;2.525535719989847383e+00;2.741885700000004533e+00
-3.161019795491334889e+02;-4.651376000000016948e-03;1.150472467925525635e+12;1.050125900060710293e+01;-1.079144959999999848e-01;6.429092057019579087e+00
-9.324203935388698028e+01;-4.651376000000016948e-03;1.150472467925525635e+12;8.554830292044906415e+00;-1.079144959999999848e-01;4.389552318011936904e+00
3.617870439376135892e+02;-4.651376000000016948e-03;1.150472467925525635e+12;6.741885699999999204e+00;9.700643340805543247e+00;2.741885700000004533e+00
1.814372314379520958e+03;-4.651376000000016948e-03;1.150472467925525635e+12;6.741885699999999204e+00;1.507628744044683700e+01;2.741885700000004533e+00
-8.514609996199997113e+02;2.705991029476350132e-02;1.150472467925525635e+12;2.058781440606277613e+01;-1.079144959999999848e-01;1.664028133003040821e+01
-5.161437887166862311e+02;-4.651376000000016948e-03;1.150472467925525635e+12;1.193950549444321041e+01;-1.079144959999999848e-01;7.942066458191324507e+00
-1.201686085310227554e+02;-4.651376000000016948e-03;1.150472467925525635e+12;9.339425562169367367e+00;-1.079144959999999848e-01;5.146588722944722250e+00
-8.514609996199997113e+02;-4.651376000000016948e-03;1.150472467925525635e+12;1.729070670273326016e+01;-1.079144959999999848e-01;1.336836658523180255e+01
-3.205917384292860106e+02;-4.651376000000016948e-03;1.150472467925525635e+12;1.057293822685612561e+01;-1.079144959999999848e-01;6.510662334164260656e+00
2.254271419532178697e+02;-4.651376000000016948e-03;1.150472467925525635e+12;6.741885699999999204e+00;7.672467582463761815e+00;2.741885700000004533e+00
-7.895063931091060567e+02;5.003216670746730710e-01;1.150472467925525635e+12;1.412394309976368234e+01;-1.079144959999999848e-01;1.026355681436152878e+01
9.461779240402972846e+02;6.779678041798147259e-01;1.150472467925525635e+12;6.741885699999999204e+00;1.228811122679444701e+01;2.741885700000004533e+00
1.708912294263018339e+01;-4.651376000000016948e-03;1.150472467925525635e+12;6.741885699999999204e+00;1.957678472644866607e+00;2.741885700000004533e+00
-9.492103675071371072e+01;-4.651376000000016948e-03;1.150472467925525635e+12;8.699508625859282418e+00;-1.079144959999999848e-01;4.514214988947242269e+00
-8.488528978916550614e+02;-4.651376000000016948e-03;1.150472467925525635e+12;1.367450888600210313e+01;-1.079144959999999848e-01;9.738279868136203277e+00
5.306674764242654874e+01;-4.651376000000016948e-03;1.150472467925525635e+12;6.741885699999999204e+00;-1.079144959999999848e-01;2.741885700000004533e+00
2.025779806568100412e+02;-4.651376000000016948e-03;1.150472467925525635e+12;6.741885699999999204e+00;6.214058785178697697e+00;2.741885700000004533e+00
9.329616116161628270e+01;7.569458316929960073e-01;1.150472467925525635e+12;6.741885699999999204e+00;3.071421825739590439e+00;2.741885700000004533e+00
7.467530962413616180e+01;-4.651376000000016948e-03;1.150472467925525635e+12;6.741885699999999204e+00;-1.079144959999999848e-01;2.741885700000004533e+00
-6.628395522069735080e+02;-4.651376000000016948e-03;1.150472467925525635e+12;1.297561770041502882e+01;-1.079144959999999848e-01;8.998983360569964063e+00
-8.514609996199997113e+02;-4.651376000000016948e-03;1.150472467925525635e+12;2.021380624581478713e+01;-1.079144959999999848e-01;1.622795422736027859e+01
-9.063280647288968339e+01;-4.651376000000016948e-03;1.150472467925525635e+12;8.895546371288443055e+00;-1.079144959999999848e-01;4.682137650543166885e+00
1.133003206781861536e+02;1.096021679746921773e+00;1.150472467925525635e+12;6.741885699999999204e+00;-1.079144959999999848e-01;2.741885700000004533e+00
9.459643642166417976e+01;-4.651376000000016948e-03;1.150472467925525635e+12;6.741885699999999204e+00;-1.079144959999999848e-01;2.741885700000004533e+00
2.010334987105666187e+02;-4.651376000000016948e-03;1.150472467925525635e+12;6.741885699999999204e+00;7.406546261567444667e+00;2.741885700000004533e+00
-8.514609996199997113e+02;-4.651376000000016948e-03;1.150472467925525635e+12;2.221398579274583085e+01;-1.079144959999999848e-01;1.825015448075755842e+01
-2.080669208248480118e+01;1.053748068549094086e+00;1.150472467925525635e+12;6.741885699999999204e+00;5.861818636731210397e+00;2.741885700000004533e+00
1.438495057093822652e+03;1.430948836252406986e-01;1.150472467925525635e+12;6.741885699999999204e+00;1.461404325392638626e+01;2.741885700000004533e+00
1.273609761541174521e+02;1.057743732891240906e+00;1.150472467925525635e+12;6.741885699999999204e+00;-1.079144959999999848e-01;2.741885700000004533e+00
2.489567971685269185e+03;-4.651376000000016948e-03;1.150472467925525635e+12;6.741885699999999204e+00;1.662743941303624950e+01;2.741885700000004533e+00
2.875616798196987929e+03;1.297175002044119951e+00;1.150472467925525635e+12;6.741885699999999204e+00;1.728368427188490841e+01;2.741885700000004533e+00
1.271170140414684511e+02;9.141157660745697910e-01;1.150472467925525635e+12;6.741885699999999204e+00;-1.079144959999999848e-01;2.741885700000004533e+00
-8.514609996199997113e+02;7.263708818003141721e-01;1.150472467925525635e+12;1.812702553083295953e+01;-1.079144959999999848e-01;1.415876357247209327e+01
1.225323606252680975e+02;1.073805679180951378e+00;1.150472467925525635e+12;6.741885699999999204e+00;-1.079144959999999848e-01;2.741885700000004533e+00
2.385757355566465776e+01;1.239644581649932409e+00;1.150472467925525635e+12;6.741885699999999204e+00;-1.079144959999999848e-01;2.741885700000004533e+00
1.311351128371665027e+02;-4.651376000000016948e-03;1.150472467925525635e+12;6.741885699999999204e+00;6.504795644183598569e+00;2.741885700000004533e+00
-8.514609996199997113e+02;8.718835029900801059e-01;1.150472467925525635e+12;1.592216229949728756e+01;-1.079144959999999848e-01;1.198281953176888770e+01
8.791611036919391609e+02;9.997873993028698614e-01;1.150472467925525635e+12;6.741885699999999204e+00;1.228704766226491252e+01;2.741885700000004533e+00
-4.301433696638332549e+01;5.660358828722557023e-01;1.150472467925525635e+12;7.481494194437765088e+00;-1.079144959999999848e-01;3.443616704857525246e+00
4.084039376535929478e+01;6.817559451958875583e-01;1.150472467925525635e+12;6.741885699999999204e+00;-1.079144959999999848e-01;2.741885700000004533e+00
-4.130578120187482796e+02;-4.651376000000016948e-03;1.150472467925525635e+12;1.117406357667704242e+01;-1.079144959999999848e-01;7.152596253286448658e+00
-6.806749557998200544e+02;4.007730244960838045e-02;1.150472467925525635e+12;1.319589878827200025e+01;-1.079144959999999848e-01;9.215242123547042752e+00
1.389317506397508168e+02;-4.651376000000016948e-03;1.150472467925525635e+12;6.741885699999999204e+00;4.799925505822073113e+00;2.741885700000004533e+00
4.179410830999518112e+01;-4.651376000000016948e-03;1.150472467925525635e+12;6.741885699999999204e+00;-1.079144959999999848e-01;2.741885700000004533e+00
7.103018548687384737e+01;6.570306943131358768e-01;1.150472467925525635e+12;6.741885699999999204e+00;2.397489981652515034e+00;2.741885700000004533e+00
4.477411468750949552e+01;-4.651376000000016948e-03;1.150472467925525635e+12;6.741885699999999204e+00;1.335045620109757802e+00;2.741885700000004533e+00
-7.277305392890217490e+02;5.563646604607627166e-01;1.150472467925525635e+12;1.384399931707202924e+01;-1.079144959999999848e-01;1.002227522680883531e+01
1.242644304816886915e+02;1.059133821467716841e+00;1.150472467925525635e+12;6.741885699999999204e+00;-1.079144959999999848e-01;2.741885700000004533e+00
8.799771984991127738e+01;-4.651376000000016948e-03;1.150472467925525635e+12;6.741885699999999204e+00;4.721894005595736132e+00;2.741885700000004533e+00
-8.514609996199997113e+02;-4.651376000000016948e-03;1.150472467925525635e+12;1.958665547500451254e+01;-1.079144959999999848e-01;1.575029687977982107e+01
-8.514609996199997113e+02;-4.651376000000016948e-03;1.150472467925525635e+12;1.491642109390977744e+01;-1.079144959999999848e-01;1.099574530436396458e+01
-4.080085911509423227e+02;-4.651376000000016948e-03;1.150472467925525635e+12;1.124335495793948425e+01;-1.079144959999999848e-01;7.233133488993811255e+00
4.796188629278844928e+01;3.714971536370716976e-01;1.150472467925525635e+12;6.741885699999999204e+00;-1.079144959999999848e-01;2.741885700000004533e+00
-6.130953882667847665e+01;1.393587199091666395e+00;1.150472467925525635e+12;7.803949602247212347e+00;-1.079144959999999848e-01;2.741885700000004533e+00
4.550660494239989475e+02;-4.651376000000016948e-03;1.150472467925525635e+12;6.741885699999999204e+00;9.613701004354417989e+00;2.741885700000004533e+00
3.353059654754551957e+02;-4.651376000000016948e-03;1.150472467925525635e+12;6.741885699999999204e+00;8.560108553381565955e+00;2.741885700000004533e+00
-8.514609996199997113e+02;-4.651376000000016948e-03;1.150472467925525635e+12;1.450241891798156324e+01;-1.079144959999999848e-01;1.057756678755422186e+01
-8.514609996199997113e+02;-4.651376000000016948e-03;1.150472467925525635e+12;1.577535520187737639e+01;-1.079144959999999848e-01;1.186863576931687447e+01
6.610667542197666080e+01;-4.651376000000016948e-03;1.150472467925525635e+12;6.741885699999999204e+00;-1.079144959999999848e-01;2.741885700000004533e+00
-8.514609996199997113e+02;-4.651376000000016948e-03;1.150472467925525635e+12;1.548090884265972988e+01;-1.079144959999999848e-01;1.157980144277893864e+01
-2.099334590143047308e+02;5.942707505644191368e-01;1.150472467925525635e+12;9.446921269294593415e+00;-1.079144959999999848e-01;5.638852070587154763e+00
-8.514609996199997113e+02;-4.651376000000016948e-03;1.150472467925525635e+12;2.062095530663151521e+01;-1.079144959999999848e-01;1.674746691578800295e+01
-1.570762241414431628e+02;-4.651376000000016948e-03;1.150472467925525635e+12;9.149745603257287030e+00;-1.079144959999999848e-01;5.023652613175025650e+00
-8.514609996199997113e+02;-4.651376000000016948e-03;1.150472467925525635e+12;1.464042680682592845e+01;-1.079144959999999848e-01;1.072248868155722867e+01
-4.197547860128136676e+02;-4.651376000000016948e-03;1.150472467925525635e+12;1.130382862462773375e+01;-1.079144959999999848e-01;7.265724289773768163e+00
7.089762662466262100e+01;-4.651376000000016948e-03;1.150472467925525635e+12;6.741885699999999204e+00;-1.079144959999999848e-01;2.741885700000004533e+00
-8.514609996199997113e+02;-4.651376000000016948e-03;1.150472467925525635e+12;1.515166561237515097e+01;-1.079144959999999848e-01;1.123544136284557027e+01
1.570911670641828550e+01;-4.651376000000016948e-03;1.150472467925525635e+12;6.741885699999999204e+00;2.623409200833219490e+00;2.741885700000004533e+00
1.946026347609483764e+01;2.537639054983007597e-02;1.150472467925525635e+12;7.391026433772307946e+00;-1.079144959999999848e-01;3.266090429206200518e+00
4.768857535455765628e+01;-4.651376000000016948e-03;1.150472467925525635e+12;6.741885699999999204e+00;2.034576742542792083e+00;2.741885700000004533e+00
4.177307498499487792e+01;-4.651376000000016948e-03;1.150472467925525635e+12;6.741885699999999204e+00;1.366660540188811446e+00;2.741885700000004533e+00
-8.514609996199997113e+02;-4.651376000000016948e-03;1.150472467925525635e+12;1.847445339461283709e+01;-1.079144959999999848e-01;1.437428687919330450e+01
5.623928702751236415e+02;1.119923467757805602e+00;1.150472467925525635e+12;6.741885699999999204e+00;1.076999245383957415e+01;2.741885700000004533e+00
-4.286414881122161660e+02;-4.651376000000016948e-03;1.150472467925525635e+12;1.140676504023170779e+01;-1.079144959999999848e-01;7.368188509031647015e+00
-6.490073449693420571e+01;3.037529917646003899e-02;1.150472467925525635e+12;8.413693580066563982e+00;-1.079144959999999848e-01;4.287612379968924969e+00
6.391969876903795011e+01;-4.651376000000016948e-03;1.150472467925525635e+12;6.741885699999999204e+00;-1.079144959999999848e-01;2.741885700000004533e+00
-8.514609996199997113e+02;3.847807645606161064e-01;1.150472467925525635e+12;1.604832408936322707e+01;-1.079144959999999848e-01;1.205087968046012392e+01
8.242804647512093652e+01;-4.651376000000016948e-03;1.150472467925525635e+12;6.741885699999999204e+00;-1.079144959999999848e-01;2.741885700000004533e+00
-8.514609996199997113e+02;-4.651376000000016948e-03;1.150472467925525635e+12;2.339128530316164500e+01;-1.079144959999999848e-01;1.957827983190570009e+01
-8.514609996199997113e+02;-4.651376000000016948e-03;1.150472467925525635e+12;2.159287746367409966e+01;-1.079144959999999848e-01;1.760521784656474864e+01
2.774548492114413420e+03;-4.651376000000016948e-03;1.150472467925525635e+12;6.741885699999999204e+00;1.765191794610975862e+01;2.741885700000004533e+00
-3.879893903612616555e+02;1.221493772877267459e+00;1.150472467925525635e+12;1.128535267404407172e+01;-1.079144959999999848e-01;7.416043907368938370e+00
1.944108139312552339e+02;-4.651376000000016948e-03;1.150472467925525635e+12;6.741885699999999204e+00;6.737319761646238803e+00;2.741885700000004533e+00
1.376593492470829460e+03;9.432011040906056187e-02;1.150472467925525635e+12;6.741885699999999204e+00;1.433030722716037708e+01;2.741885700000004533e+00
3.531070816542421653e+01;1.253742538600755685e+00;1.150472467925525635e+12;7.066249667535125845e+00;-1.079144959999999848e-01;2.741885700000004533e+00
2.509392200240829425e+02;1.096637849516063801e+00;1.150472467925525635e+12;6.741885699999999204e+00;8.508781114961724512e+00;2.741885700000004533e+00
-2.242865021650948165e+02;-4.651376000000016948e-03;1.150472467925525635e+12;1.000953694757506618e+01;-1.079144959999999848e-01;5.886986773251331684e+00
1.396367338875808173e+02;2.103490979324843801e-01;1.150472467925525635e+12;6.741885699999999204e+00;-1.079144959999999848e-01;2.741885700000004533e+00
-3.912359819044774554e+02;4.258061047644638442e-01;1.150472467925525635e+12;1.134276303409516373e+01;-1.079144959999999848e-01;7.579036415269134075e+00
3.015925555517492285e+01;9.810150795793844969e-01;1.150472467925525635e+12;6.741885699999999204e+00;5.654083352154250619e+00;2.741885700000004533e+00
9.086179836637734297e+01;-4.651376000000016948e-03;1.150472467925525635e+12;6.741885699999999204e+00;-1.079144959999999848e-01;2.741885700000004533e+00
1.355049083927532365e+02;5.512515380310870627e-01;1.150472467925525635e+12;6.741885699999999204e+00;5.001834987967879620e+00;2.741885700000004533e+00
-4.200730373402165583e+02;8.883546943035637300e-01;1.150472467925525635e+12;1.140585885305929992e+01;-1.079144959999999848e-01;7.611942113106696439e+00
-8.514609996199997113e+02;4.351866471765102884e-01;1.150472467925525635e+12;1.740529102618177149e+01;-1.079144959999999848e-01;1.338526417027933313e+01
-8.514609996199997113e+02;-4.651376000000016948e-03;1.150472467925525635e+12;1.435640219705221021e+01;-1.079144959999999848e-01;1.042213658472652504e+01
-1.621508806580866349e+02;7.039354323388323786e-01;1.150472467925525635e+12;8.891826855000910967e+00;-1.079144959999999848e-01;4.977404532994325947e+00
3.207035324764456163e+01;1.592741056885278450e-01;1.150472467925525635e+12;6.741885699999999204e+00;-1.079144959999999848e-01;2.741885700000004533e+00
-3.530587850140967703e+02;4.924791547626603538e-01;1.150472467925525635e+12;1.102781971199333988e+01;-1.079144959999999848e-01;7.250498793178088874e+00
1.389862096516371366e+03;4.779684533931709556e-01;1.150472467925525635e+12;6.741885699999999204e+00;1.435988732536387680e+01;2.741885700000004533e+00
1.237957052797922870e+02;8.531726989452356191e-01;1.150472467925525635e+12;6.741885699999999204e+00;-1.079144959999999848e-01;2.741885700000004533e+00
1.495792280130121071e+03;-4.651376000000016948e-03;1.150472467925525635e+12;6.741885699999999204e+00;1.436692589324382752e+01;2.741885700000004533e+00
1.469008338728390299e+04;-4.651376000000016948e-03;1.150472467925525635e+12;6.741885699999999204e+00;3.028364396624734667e+01;2.741885700000004533e+00
4.757526105331329745e+03;6.188722333751746074e-01;1.150472467925525635e+12;6.741885699999999204e+00;2.057773984518484056e+01;2.741885700000004533e+00
3.776192678977274682e+02;6.995413895149475980e-01;1.150472467925525635e+12;6.741885699999999204e+00;8.212459961628447047e+00;2.741885700000004533e+00
-3.676049189798605994e+02;1.115795286856430479e+00;1.150472467925525635e+12;1.089378668960975993e+01;-1.079144959999999848e-01;7.103318594779024941e+00
6.745667719578593733e+02;1.037671111697080706e+00;1.150472467925525635e+12;6.741885699999999204e+00;1.118821366095251690e+01;2.741885700000004533e+00
1.791802408955686587e+02;-4.651376000000016948e-03;1.150472467925525635e+12;6.741885699999999204e+00;7.166981834579882360e+00;2.741885700000004533e+00
1.209138480636568147e+01;-4.651376000000016948e-03;1.150472467925525635e+12;6.741885699999999204e+00;3.618961913664356711e+00;2.741885700000004533e+00
1.733162157406246934e+03;-4.651376000000016948e-03;1.150472467925525635e+12;6.741885699999999204e+00;1.501792607853363748e+01;2.741885700000004533e+00
-4.516445473127686796e+02;6.182285288935869261e-01;1.150472467925525635e+12;1.172468510958992383e+01;-1.079144959999999848e-01;7.948579902353467119e+00
6.669267363942708471e+01;-4.651376000000016948e-03;1.150472467925525635e+12;6.741885699999999204e+00;4.104724870135553760e-01;2.741885700000004533e+00
2.061147115954190667e+01;-4.651376000000016948e-03;1.150472467925525635e+12;6.741885699999999204e+00;2.400327411585974069e+00;2.741885700000004533e+00
-2.192875411610978063e+02;7.016084268244920930e-01;1.150472467925525635e+12;9.423567846845219975e+00;-1.079144959999999848e-01;5.418760816406616776e+00
1.323696392109885892e+03;1.004129503739399354e+00;1.150472467925525635e+12;6.741885699999999204e+00;1.471954630084352189e+01;2.741885700000004533e+00
-5.148529906815657569e+02;-4.651376000000016948e-03;1.150472467925525635e+12;1.203355793277461494e+01;-1.079144959999999848e-01;8.026793167927641193e+00
-8.514609996199997113e+02;-4.651376000000016948e-03;1.150472467925525635e+12;1.533528134046319025e+01;-1.079144959999999848e-01;1.141447541336560789e+01
1.674907259531021282e+02;-4.651376000000016948e-03;1.150472467925525635e+12;6.741885699999999204e+00;5.165688946928383096e+00;2.741885700000004533e+00
1.821550058822648680e+03;-4.651376000000016948e-03;1.150472467925525635e+12;6.741885699999999204e+00;1.500009395621422570e+01;2.741885700000004533e+00
-8.514609996199997113e+02;1.018670410412173544e+00;1.150472467925525635e+12;1.957245018517934909e+01;-1.079144959999999848e-01;1.551775062614928302e+01
1.945556014707922259e+02;-4.651376000000016948e-03;1.150472467925525635e+12;6.741885699999999204e+00;7.140917537026414408e+00;2.741885700000004533e+00
9.174909144753453347e+02;1.073215386516147785e+00;1.150472467925525635e+12;6.741885699999999204e+00;1.265917217135708661e+01;2.741885700000004533e+00
3.138156548034855859e+02;9.279223523559020359e-01;1.150472467925525635e+12;6.741885699999999204e+00;8.224159171453319317e+00;2.741885700000004533e+00
2.357592263121427823e+04;4.558866730392052702e-01;1.150472467925525635e+12;6.741885699999999204e+00;3.875210236816366915e+01;2.741885700000004533e+00
1.662453574542468004e+02;-4.651376000000016948e-03;1.150472467925525635e+12;6.741885699999999204e+00;7.523231249752785565e+00;2.741885700000004533e+00
1.514170607850303441e+01;1.100420050769753022e+00;1.150472467925525635e+12;6.741885699999999204e+00;2.675380467344356195e+00;2.741885700000004533e+00
-8.514609996199997113e+02;-4.651376000000016948e-03;1.150472467925525635e+12;2.476197279727307432e+01;-1.079144959999999848e-01;2.100216970624061830e+01
-7.471583777890828060e+01;-4.651376000000016948e-03;1.150472467925525635e+12;8.749095958013402452e+00;-1.079144959999999848e-01;4.529400638379708077e+00
-8.514609996199997113e+02;-4.651376000000016948e-03;1.150472467925525635e+12;1.920351141983787002e+01;-1.079144959999999848e-01;1.530338423032407036e+01
-1.818473666531405115e+02;9.439332811516495392e-01;1.150472467925525635e+12;9.407813442585013064e+00;-1.079144959999999848e-01;5.433812298798899043e+00
2.402828589113221369e+01;-4.651376000000016948e-03;1.150472467925525635e+12;6.741885699999999204e+00;-1.079144959999999848e-01;2.741885700000004533e+00
-8.514609996199997113e+02;4.196294886000793145e-01;1.150472467925525635e+12;1.740071830303246969e+01;-1.079144959999999848e-01;1.337845045461012816e+01
4.653618544947260489e+03;-4.651376000000016948e-03;1.150472467925525635e+12;6.741885699999999204e+00;2.056830941821008452e+01;2.741885700000004533e+00
-8.514609996199997113e+02;-4.651376000000016948e-03;1.150472467925525635e+12;2.134737476314637661e+01;-1.079144959999999848e-01;1.749811225361420597e+01
5.176879583107051985e+01;4.404470204596993010e-01;1.150472467925525635e+12;6.741885699999999204e+00;5.728012117375010703e+00;2.741885700000004533e+00
1.208097068503884657e+02;7.817634942277181809e-01;1.150472467925525635e+12;6.741885699999999204e+00;5.242156449969913368e+00;2.741885700000004533e+00
-7.957551414816498436e+01;-4.651376000000016948e-03;1.150472467925525635e+12;8.915240421295884232e+00;-1.079144959999999848e-01;4.694003449242727832e+00
-7.309921109619615436e+02;-4.651376000000016948e-03;1.150472467925525635e+12;1.303301671820243257e+01;-1.079144959999999848e-01;9.055955551066016795e+00
2.965274374034197535e+01;4.990969249068796798e-01;1.150472467925525635e+12;6.741885699999999204e+00;-1.079144959999999848e-01;2.741885700000004533e+00
-9.589688520130926008e+01;1.438355970937365225e+00;1.150472467925525635e+12;7.986548705332213949e+00;-1.079144959999999848e-01;2.810384148831551521e+00
-8.514609996199997113e+02;-4.651376000000016948e-03;1.150472467925525635e+12;1.498436483515791906e+01;-1.079144959999999848e-01;1.107065916512793180e+01
-3.613203736744605976e+01;-4.651376000000016948e-03;1.150472467925525635e+12;6.741885699999999204e+00;-1.079144959999999848e-01;2.741885700000004533e+00
7.868619350021197079e+01;-4.651376000000016948e-03;1.150472467925525635e+12;6.741885699999999204e+00;-1.079144959999999848e-01;2.741885700000004533e+00
-5.040484651171644259e+02;7.192376415794585753e-01;1.150472467925525635e+12;1.213528848666036808e+01;-1.079144959999999848e-01;8.309660866805360868e+00
-3.948473548923207090e+02;5.662535820703206157e-01;1.150472467925525635e+12;1.132027550393404702e+01;-1.079144959999999848e-01;7.558208437373692412e+00
-8.514609996199997113e+02;-4.651376000000016948e-03;1.150472467925525635e+12;1.647073267356670101e+01;-1.079144959999999848e-01;1.254784454564081919e+01
3.855754428218654084e+01;-4.651376000000016948e-03;1.150472467925525635e+12;6.741885699999999204e+00;-1.079144959999999848e-01;2.741885700000004533e+00
2.379106818548779302e+03;2.970844551188415728e-01;1.150472467925525635e+12;6.741885699999999204e+00;1.707214059030263087e+01;2.741885700000004533e+00
-8.514609996199997113e+02;1.156631199289373191e+00;1.150472467925525635e+12;2.064871519852299997e+01;-1.079144959999999848e-01;1.648379510275739790e+01
-8.514609996199997113e+02;8.998185277935382143e-01;1.150472467925525635e+12;1.673645922720825752e+01;-1.079144959999999848e-01;1.277438775697509676e+01
-8.514609996199997113e+02;3.781678751513787851e-01;1.150472467925525635e+12;1.560314979105770838e+01;-1.079144959999999848e-01;1.161973815017948475e+01
-1.017576010964526176e+02;1.145993130904748858e+00;1.150472467925525635e+12;9.128908372462522181e+00;-1.079144959999999848e-01;5.069650566593382202e+00
-6.506912338370989346e+01;-4.651376000000016948e-03;1.150472467925525635e+12;8.742406261043187854e+00;-1.079144959999999848e-01;4.514464667988651314e+00
-8.514609996199997113e+02;-4.651376000000016948e-03;1.150472467925525635e+12;3.403840910830241739e+01;-1.079144959999999848e-01;3.012570633316680002e+01
2.322760572630556908e+02;1.180392643147189835e+00;1.150472467925525635e+12;6.741885699999999204e+00;8.704004422060236834e+00;2.741885700000004533e+00
-5.052706602724874188e+02;-4.651376000000016948e-03;1.150472467925525635e+12;1.176835431718511771e+01;-1.079144959999999848e-01;7.767997334359631800e+00
-4.215533187304997114e+02;-4.651376000000016948e-03;1.150472467925525635e+12;1.142239408263011846e+01;-1.079144959999999848e-01;7.374889399025236436e+00
1.340619658661003996e+03;1.003148752276036060e+00;1.150472467925525635e+12;6.741885699999999204e+00;1.479554820412922034e+01;2.741885700000004533e+00
-1.927231854063510355e+02;-4.651376000000016948e-03;1.150472467925525635e+12;9.459866075447465050e+00;-1.079144959999999848e-01;5.346239576319202769e+00
3.073163987761779026e+03;9.947403509741298278e-01;1.150472467925525635e+12;6.741885699999999204e+00;1.812380620138818799e+01;2.741885700000004533e+00
5.428545762471173930e+01;-4.651376000000016948e-03;1.150472467925525635e+12;6.741885699999999204e+00;1.383758123741305912e+00;2.741885700000004533e+00
-8.514609996199997113e+02;5.015482970739216784e-01;1.150472467925525635e+12;1.646206479626541608e+01;-1.079144959999999848e-01;1.249338974072186836e+01
-8.514609996199997113e+02;8.517778217231171123e-01;1.150472467925525635e+12;2.078914197433876865e+01;-1.079144959999999848e-01;1.678404989490489641e+01
9.064053447600713298e+00;8.251467151501604147e-02;1.150472467925525635e+12;6.741885699999999204e+00;-1.079144959999999848e-01;2.741885700000004533e+00
-2.868920717417320247e+02;-4.651376000000016948e-03;1.150472467925525635e+12;1.049156852869031553e+01;-1.079144959999999848e-01;6.417924702978591966e+00
-3.736221619447736657e+02;1.308545088586704486e+00;1.150472467925525635e+12;1.135290600263690663e+01;-1.079144959999999848e-01;7.414104380278589090e+00
4.535081911019233303e+01;-4.651376000000016948e-03;1.150472467925525635e+12;6.741885699999999204e+00;1.183989848951423784e+00;2.741885700000004533e+00
2.629446017018738075e+02;4.575028869882902804e-01;1.150472467925525635e+12;6.741885699999999204e+00;7.950341232254207746e+00;2.741885700000004533e+00
-8.514609996199997113e+02;1.107625673211285022e+00;1.150472467925525635e+12;2.375097594487009900e+01;-1.079144959999999848e-01;1.964264061175147802e+01
-1.700951185959928580e+02;8.240680474435450042e-01;1.150472467925525635e+12;9.140551504617084433e+00;-1.079144959999999848e-01;5.274685114970729671e+00
2.365726782106867176e+01;3.863981296264422105e-01;1.150472467925525635e+12;6.741885699999999204e+00;2.180458667037803888e+00;2.741885700000004533e+00
3.502113308635023259e+01;8.952441740433373374e-01;1.150472467925525635e+12;6.741885699999999204e+00;2.881705019494040787e+00;2.741885700000004533e+00
2.318266533713340323e+02;-4.651376000000016948e-03;1.150472467925525635e+12;6.741885699999999204e+00;7.823871102068160610e+00;2.741885700000004533e+00
-6.592457273710926984e+02;-4.651376000000016948e-03;1.150472467925525635e+12;1.261345563914546020e+01;-1.079144959999999848e-01;8.645079661186482411e+00
-2.067603618218167867e+02;1.515102581670381809e+00;1.150472467925525635e+12;6.741885699999999204e+00;6.243963409895302519e+00;2.741885700000004533e+00
7.559875236951149418e+03;1.907061055120216064e+00;1.150472467925525635e+12;6.741885699999999204e+00;2.257212769107090367e+01;2.741885700000004533e+00
8.874015201946751858e+02;-4.651376000000016948e-03;1.150472467925525635e+12;6.741885699999999204e+00;1.190051394377152150e+01;2.741885700000004533e+00
-2.779328535857877114e+02;-4.651376000000016948e-03;1.150472467925525635e+12;1.024479997183908608e+01;-1.079144959999999848e-01;6.146546120253800538e+00
-8.514609996199997113e+02;7.356393975311229516e-01;1.150472467925525635e+12;1.631690769953122810e+01;-1.079144959999999848e-01;1.242372973588962282e+01
-8.514609996199997113e+02;8.570976386748132558e-01;1.150472467925525635e+12;1.536961496960272733e+01;-1.079144959999999848e-01;1.145182309983945501e+01
-8.514609996199997113e+02;3.656405939713650022e-01;1.150472467925525635e+12;1.747084334067585232e+01;-1.079144959999999848e-01;1.343889875044539650e+01
5.698354587231960977e+00;-4.651376000000016948e-03;1.150472467925525635e+12;7.999389640228169895e+00;-1.079144959999999848e-01;3.804357252158520275e+00
2.968817493030940113e+02;-4.651376000000016948e-03;1.150472467925525635e+12;6.741885699999999204e+00;8.344607854423031768e+00;2.741885700000004533e+00
1.273394536820241001e+02;1.072214283308803084e+00;1.150472467925525635e+12;6.741885699999999204e+00;-1.079144959999999848e-01;2.741885700000004533e+00
-8.514609996199997113e+02;-4.651376000000016948e-03;1.150472467925525635e+12;1.400419028584171954e+01;-1.079144959999999848e-01;1.007318229103897522e+01
1.382440098269501050e+02;4.008575372339510112e-01;1.150472467925525635e+12;6.741885699999999204e+00;-1.079144959999999848e-01;2.741885700000004533e+00
5.127218924487146978e+01;-4.651376000000016948e-03;1.150472467925525635e+12;6.741885699999999204e+00;1.614264980915191883e+00;2.741885700000004533e+00
8.048711080997645695e+01;9.846657104428328811e-02;1.150472467925525635e+12;6.741885699999999204e+00;6.456126536539267491e+00;2.741885700000004533e+00
3.672911244843896839e+01;2.394374496211219006e-01;1.150472467925525635e+12;6.741885699999999204e+00;-1.079144959999999848e-01;2.741885700000004533e+00
9.707688158482130802e+02;9.236434212061207516e-01;1.150472467925525635e+12;6.741885699999999204e+00;1.262302491051270970e+01;2.741885700000004533e+00
-8.514609996199997113e+02;-4.651376000000016948e-03;1.150472467925525635e+12;2.880532742796351187e+01;-1.079144959999999848e-01;2.510562997701075361e+01
-3.516330435246864567e+02;1.140143523984157969e+00;1.150472467925525635e+12;1.083776545837961081e+01;-1.079144959999999848e-01;7.012985821975465051e+00
-6.990487866295552521e+00;1.308819791085785278e+00;1.150472467925525635e+12;7.391822780075331778e+00;-1.079144959999999848e-01;2.741885700000004533e+00
-7.922190791745151728e+00;1.061902763721275900e+00;1.150472467925525635e+12;8.154441966586741586e+00;-1.079144959999999848e-01;3.687459703879260697e+00
-8.514609996199997113e+02;-4.651376000000016948e-03;1.150472467925525635e+12;2.661098623556119946e+01;-1.079144959999999848e-01;2.283144402394718853e+01
1.993351328860171634e+01;-4.651376000000016948e-03;1.150472467925525635e+12;6.741885699999999204e+00;2.548092634843981852e+00;2.741885700000004533e+00
-8.514609996199997113e+02;8.422803718948509433e-01;1.150472467925525635e+12;1.602927863775027006e+01;-1.079144959999999848e-01;1.208470171381128644e+01
6.977900084936622989e+02;-4.651376000000016948e-03;1.150472467925525635e+12;6.741885699999999204e+00;1.175209676474568177e+01;2.741885700000004533e+00
-9.563005546206125018e+01;-4.651376000000016948e-03;1.150472467925525635e+12;8.612617185402319464e+00;-1.079144959999999848e-01;4.464363501441480864e+00
-3.778567083291375752e+02;1.173886899684208229e+00;1.150472467925525635e+12;1.115331171134054600e+01;-1.079144959999999848e-01;7.289500659266390237e+00
-8.514609996199997113e+02;1.594920120876060776e-01;1.150472467925525635e+12;1.659403024337123966e+01;-1.079144959999999848e-01;1.259866505049019736e+01
2.667901538605053702e+02;-4.651376000000016948e-03;1.150472467925525635e+12;6.741885699999999204e+00;8.133885068170863875e+00;2.741885700000004533e+00
1.334389956453394461e+02;7.738971307768311991e-01;1.150472467925525635e+12;6.741885699999999204e+00;-1.079144959999999848e-01;2.741885700000004533e+00
-4.708426535634112042e+02;-4.651376000000016948e-03;1.150472467925525635e+12;1.146254390519571587e+01;-1.079144959999999848e-01;7.439637009758840236e+00
-6.229291237358262379e+02;-4.651376000000016948e-03;1.150472467925525635e+12;1.236090998982982292e+01;-1.079144959999999848e-01;8.370220794393750552e+00
-8.514609996199997113e+02;7.163859823301484131e-02;1.150472467925525635e+12;3.285616795268688151e+01;-1.079144959999999848e-01;2.910664334039916312e+01
-1.591952093484507031e+02;1.164403815792870223e+00;1.150472467925525635e+12;9.661742848070371537e+00;-1.079144959999999848e-01;5.622281023341537676e+00
-5.014630781569524061e+02;3.209436978549766173e-01;1.150472467925525635e+12;1.196100684462486896e+01;-1.079144959999999848e-01;8.116069319324639153e+00
-3.256923197418601603e+02;4.702713961925556463e-01;1.150472467925525635e+12;1.079923280383117401e+01;-1.079144959999999848e-01;7.003269979205695606e+00
-5.233527774303811384e+02;1.384146936743094969e+00;1.150472467925525635e+12;1.277050181606782431e+01;-1.079144959999999848e-01;8.691122685178960694e+00
-8.514609996199997113e+02;4.217318882159085680e-01;1.150472467925525635e+12;2.112825536187537523e+01;-1.079144959999999848e-01;1.702374416250276212e+01
-3.097977295273848313e+02;-4.651376000000016948e-03;1.150472467925525635e+12;1.056145776664127212e+01;-1.079144959999999848e-01;6.503571628476612076e+00
6.974030460255278285e+01;1.215115137978090842e-01;1.150472467925525635e+12;6.741885699999999204e+00;5.710806987245498512e+00;2.741885700000004533e+00
-1.817596870367148085e+02;-4.651376000000016948e-03;1.150472467925525635e+12;9.354778808471829521e+00;-1.079144959999999848e-01;5.234784076004670439e+00
-8.514609996199997113e+02;-4.651376000000016948e-03;1.150472467925525635e+12;2.521500907519690315e+01;-1.079144959999999848e-01;2.142364225520934795e+01
-5.478632045414933600e+02;4.237066980521613235e-01;1.150472467925525635e+12;1.240633993462199669e+01;-1.079144959999999848e-01;8.620518287654522993e+00
-8.514609996199997113e+02;-4.651376000000016948e-03;1.150472467925525635e+12;1.658678910344943347e+01;-1.079144959999999848e-01;1.266717112923267763e+01
-5.235350012683886689e+01;8.687189449349616011e-01;1.150472467925525635e+12;8.239728327491787851e+00;-1.079144959999999848e-01;4.203182509212501472e+00
-8.514609996199997113e+02;-4.651376000000016948e-03;1.150472467925525635e+12;3.265535974069546654e+01;-1.079144959999999848e-01;2.886668402200778871e+01
7.659634171434906875e+02;6.390329840670287975e-01;1.150472467925525635e+12;6.741885699999999204e+00;1.126373254803266200e+01;2.741885700000004533e+00
-5.140872309074267150e+02;-4.651376000000016948e-03;1.150472467925525635e+12;1.199038808326223915e+01;-1.079144959999999848e-01;7.985945497664713955e+00
-1.411016583772573085e+02;1.048199870035976256e+00;1.150472467925525635e+12;9.254615277858521338e+00;-1.079144959999999848e-01;5.311185713435587985e+00
-8.514609996199997113e+02;-4.651376000000016948e-03;1.150472467925525635e+12;2.453688139569063509e+01;-1.079144959999999848e-01;2.075009207454235138e+01
2.619568839173497054e+03;5.809471268229562391e-01;1.150472467925525635e+12;6.741885699999999204e+00;1.743480332281055567e+01;2.741885700000004533e+00
3.013717941545798112e+03;-4.651376000000016948e-03;1.150472467925525635e+12;6.741885699999999204e+00;1.790921231891171317e+01;2.741885700000004533e+00
9.377259043022786500e+01;4.341182266621497754e-01;1.150472467925525635e+12;6.741885699999999204e+00;3.565392687891461243e+00;2.741885700000004533e+00
1.610544720713766310e+03;1.139795610460347053e+00;1.150472467925525635e+12;6.741885699999999204e+00;1.554075861033808081e+01;2.741885700000004533e+00
8.294265838609833281e+02;4.508780720096157713e-01;1.150472467925525635e+12;6.741885699999999204e+00;1.191903575749982203e+01;2.741885700000004533e+00
-8.514609996199997113e+02;1.674169904029466083e-01;1.150472467925525635e+12;1.577839254070030606e+01;-1.079144959999999848e-01;1.178641211808774081e+01
7.561716706352087840e+02;1.035883289264241780e+00;1.150472467925525635e+12;6.741885699999999204e+00;1.165401312540902978e+01;2.741885700000004533e+00
-8.514609996199997113e+02;1.270469185741410323e+00;1.150472467925525635e+12;1.772515599528156116e+01;-1.079144959999999848e-01;1.370723760650227163e+01
-2.558141111860475121e+02;-4.651376000000016948e-03;1.150472467925525635e+12;1.009184029313062858e+01;-1.079144959999999848e-01;6.021975232110166942e+00
2.662235992400028408e+02;9.506868370266415846e-01;1.150472467925525635e+12;6.741885699999999204e+00;7.970701642524558928e+00;2.741885700000004533e+00
1.913384001509449263e+03;-4.651376000000016948e-03;1.150472467925525635e+12;6.741885699999999204e+00;1.533683056166979064e+01;2.741885700000004533e+00
2.379153869810556898e+01;3.683033572167308534e-01;1.150472467925525635e+12;6.882335831924544678e+00;-1.079144959999999848e-01;2.775921165651881850e+00
-2.492068345401665965e+02;1.571973181948607134e+00;1.150472467925525635e+12;1.096544323133140963e+01;-1.079144959999999848e-01;6.452625761765439449e+00
-8.514609996199997113e+02;-4.651376000000016948e-03;1.150472467925525635e+12;1.434707766237961479e+01;-1.079144959999999848e-01;1.042558582680963930e+01
-7.768720891306884369e+00;4.255273503344544350e-01;1.150472467925525635e+12;7.554775515432470279e+00;-1.079144959999999848e-01;3.492621328214764453e+00
4.932351678704220831e+03;-4.651376000000016948e-03;1.150472467925525635e+12;6.741885699999999204e+00;2.077742756889476894e+01;2.741885700000004533e+00
1.073445552342521842e+04;-4.651376000000016948e-03;1.150472467925525635e+12;6.741885699999999204e+00;2.665005702786020692e+01;2.741885700000004533e+00
1.521850217210874234e+01;-4.651376000000016948e-03;1.150472467925525635e+12;6.741885699999999204e+00;3.248878031930977350e+00;2.741885700000004533e+00
1.040307386917141912e+02;2.913271677608818555e-01;1.150472467925525635e+12;6.741885699999999204e+00;4.529901449920179957e+00;2.741885700000004533e+00
6.804360479271308577e+02;6.057114235855639572e-01;1.150472467925525635e+12;6.741885699999999204e+00;1.079924163949840299e+01;2.741885700000004533e+00
-3.465895701352235960e+02;6.602214978299499881e-01;1.150472467925525635e+12;1.076269071655967480e+01;-1.079144959999999848e-01;6.991235538953956663e+00
-3.605110632631876797e+02;1.122208756801450713e+00;1.150472467925525635e+12;1.084740697947417409e+01;-1.079144959999999848e-01;7.052070068715803330e+00
1.276735411465638208e+02;-4.651376000000016948e-03;1.150472467925525635e+12;6.741885699999999204e+00;2.458530025193421675e-01;2.741885700000004533e+00
-2.406850361721647005e+02;-4.651376000000016948e-03;1.150472467925525635e+12;1.007167703158332550e+01;-1.079144959999999848e-01;5.956551562764737184e+00
-7.908602299758408662e+02;5.988432625278342636e-01;1.150472467925525635e+12;1.434000128376188599e+01;-1.079144959999999848e-01;1.050462051105919770e+01
-5.621638872378298402e-02;-4.651376000000016948e-03;1.150472467925525635e+12;8.081993854252040421e+00;-1.079144959999999848e-01;3.891227202010604458e+00
1.443684982920100310e+02;4.138019370762467952e-01;1.150472467925525635e+12;6.741885699999999204e+00;4.620244057904865365e+00;2.741885700000004533e+00
9.776447565349410525e+02;3.609716892555775609e-03;1.150472467925525635e+12;6.741885699999999204e+00;1.277903798380952161e+01;2.741885700000004533e+00
-8.514609996199997113e+02;4.210213268740015113e-01;1.150472467925525635e+12;2.453256775372237541e+01;-1.079144959999999848e-01;2.040241826272885817e+01
1.724119125693073329e+02;-4.651376000000016948e-03;1.150472467925525635e+12;6.741885699999999204e+00;5.551078985223530715e+00;2.741885700000004533e+00
5.734430699669994738e+02;-4.651376000000016948e-03;1.150472467925525635e+12;6.741885699999999204e+00;1.044347465998272817e+01;2.741885700000004533e+00
-7.065554839185103901e+02;4.685856547923120119e-01;1.150472467925525635e+12;1.352288908681174107e+01;-1.079144959999999848e-01;9.686689880239899963e+00
-8.514609996199997113e+02;5.250260136774075326e-01;1.150472467925525635e+12;1.766790979957329455e+01;-1.079144959999999848e-01;1.366332513719906849e+01
-7.648502613076574335e+02;-4.651376000000016948e-03;1.150472467925525635e+12;1.320036047662942380e+01;-1.079144959999999848e-01;9.254580675778449006e+00
8.820449362340410516e+03;-4.651376000000016948e-03;1.150472467925525635e+12;6.741885699999999204e+00;2.530022179757781586e+01;2.741885700000004533e+00
9.210936802715127669e+01;-4.651376000000016948e-03;1.150472467925525635e+12;6.741885699999999204e+00;-1.079144959999999848e-01;2.741885700000004533e+00
-8.514609996199997113e+02;-4.651376000000016948e-03;1.150472467925525635e+12;1.649380522574952579e+01;-1.079144959999999848e-01;1.254200029503616598e+01
-8.514609996199997113e+02;4.021619827248936740e-01;1.150472467925525635e+12;2.367925702069817362e+01;-1.079144959999999848e-01;1.954164551412159057e+01
-7.679813695393852413e+01;-4.651376000000016948e-03;1.150472467925525635e+12;8.490094769776547423e+00;-1.079144959999999848e-01;4.306029380629479597e+00
-8.514609996199997113e+02;-4.651376000000016948e-03;1.150472467925525635e+12;1.686524645263694211e+01;-1.079144959999999848e-01;1.293349583804337399e+01
7.554843718519532558e+01;6.006987245803764308e-01;1.150472467925525635e+12;6.741885699999999204e+00;3.256599324639929627e+00;2.741885700000004533e+00
-1.152212525453403487e+02;-4.651376000000016948e-03;1.150472467925525635e+12;8.998772611577663838e+00;-1.079144959999999848e-01;4.803880136300196391e+00
5.373736830697123423e+01;-4.651376000000016948e-03;1.150472467925525635e+12;6.741885699999999204e+00;3.968228203322250014e+00;2.741885700000004533e+00
3.239787053531643778e+03;5.710643078956480732e-03;1.150472467925525635e+12;6.741885699999999204e+00;1.834486971438711223e+01;2.741885700000004533e+00
5.335632272150053268e+01;-4.651376000000016948e-03;1.150472467925525635e+12;6.973708660460070874e+00;-1.079144959999999848e-01;2.825145358817652497e+00
-5.793361513747998970e+02;9.093940693815163456e-01;1.150472467925525635e+12;1.272540736349626656e+01;-1.079144959999999848e-01;8.888080497129513091e+00
-8.514609996199997113e+02;-4.651376000000016948e-03;1.150472467925525635e+12;1.389399720932352977e+01;-1.079144959999999848e-01;9.962177944186596079e+00
2.955954147351974370e+02;1.064252239034401137e+00;1.150472467925525635e+12;6.741885699999999204e+00;8.760458102180834317e+00;2.741885700000004533e+00
-8.514609996199997113e+02;1.246913561556890926e+00;1.150472467925525635e+12;2.642126717568746130e+01;-1.079144959999999848e-01;2.220561850710446805e+01
9.647483642812630933e+00;2.779085078212790161e-01;1.150472467925525635e+12;6.741885699999999204e+00;-1.079144959999999848e-01;2.741885700000004533e+00
4.758035156022469891e+01;-4.651376000000016948e-03;1.150472467925525635e+12;6.741885699999999204e+00;6.093804617558375991e-01;2.741885700000004533e+00
-8.514609996199997113e+02;3.075186377062936738e-01;1.150472467925525635e+12;1.738389832294700454e+01;-1.079144959999999848e-01;1.334512927174490038e+01
6.325553955787602263e+02;1.177323673826247141e+00;1.150472467925525635e+12;6.741885699999999204e+00;1.130666757988102766e+01;2.741885700000004533e+00
-5.627518637591517745e+02;1.312950182131303212e+00;1.150472467925525635e+12;1.286022628536105472e+01;-1.079144959999999848e-01;8.900035840016071731e+00
1.968967346272609120e+01;3.399789809400442092e-02;1.150472467925525635e+12;6.741885699999999204e+00;3.470616722630691875e+00;2.741885700000004533e+00
-8.514609996199997113e+02;1.072045851907254654e+00;1.150472467925525635e+12;1.523302904244787115e+01;-1.079144959999999848e-01;1.132922218380975110e+01
1.790155206119907234e+02;-4.651376000000016948e-03;1.150472467925525635e+12;6.741885699999999204e+00;5.460716638595830119e+00;2.741885700000004533e+00
4.104253380155410014e+01;-4.651376000000016948e-03;1.150472467925525635e+12;6.741885699999999204e+00;1.411229380157942748e+00;2.741885700000004533e+00
-8.514609996199997113e+02;6.435570570379811617e-01;1.150472467925525635e+12;2.682807238682612905e+01;-1.079144959999999848e-01;2.264595861323465797e+01
-4.843543025708024743e+02;-4.651376000000016948e-03;1.150472467925525635e+12;1.158628382328402040e+01;-1.079144959999999848e-01;7.580387935531538446e+00
-7.313433797181439786e+02;-4.651376000000016948e-03;1.150472467925525635e+12;1.301582184645407203e+01;-1.079144959999999848e-01;9.060934804824283262e+00
4.930526012348711902e+02;1.098300962214438514e-01;1.150472467925525635e+12;6.741885699999999204e+00;1.055367202064757848e+01;2.741885700000004533e+00
-5.713125493210495733e+02;6.210995521797411101e-01;1.150472467925525635e+12;1.267203305843374217e+01;-1.079144959999999848e-01;8.855461340690339966e+00
1.059277734052592450e+02;-4.651376000000016948e-03;1.150472467925525635e+12;6.741885699999999204e+00;4.534159191328259730e+00;2.741885700000004533e+00
-8.514609996199997113e+02;-4.651376000000016948e-03;1.150472467925525635e+12;2.642892499455942357e+01;-1.079144959999999848e-01;2.270954692522727569e+01
-1.887981939626490657e+01;3.972541274324797311e-01;1.150472467925525635e+12;7.028556265879315035e+00;-1.079144959999999848e-01;2.788308521930621175e+00
1.361219674506111232e+02;5.814869084851631564e-01;1.150472467925525635e+12;6.741885699999999204e+00;6.408358439893756753e+00;2.741885700000004533e+00
8.173945436666224396e+02;5.328780111913663520e-01;1.150472467925525635e+12;6.741885699999999204e+00;1.172719472493682602e+01;2.741885700000004533e+00
-8.514609996199997113e+02;8.380658111932285381e-01;1.150472467925525635e+12;1.608152826782411537e+01;-1.079144959999999848e-01;1.213849986135892856e+01
-2.167925241263230873e+02;-4.651376000000016948e-03;1.150472467925525635e+12;9.973239315934067761e+00;-1.079144959999999848e-01;5.846632192978134412e+00
5.386087794796139860e+01;1.212283918055581999e+00;1.150472467925525635e+12;7.149595008946706187e+00;-1.079144959999999848e-01;2.741885700000004533e+00
-8.514609996199997113e+02;5.438324064564277194e-01;1.150472467925525635e+12;1.468690262772222255e+01;-1.079144959999999848e-01;1.082660349866207916e+01
2.790171943406642185e+01;-4.651376000000016948e-03;1.150472467925525635e+12;6.741885699999999204e+00;-1.079144959999999848e-01;2.741885700000004533e+00
1.546005919538699800e+03;-4.651376000000016948e-03;1.150472467925525635e+12;6.741885699999999204e+00;1.445619448682914765e+01;2.741885700000004533e+00
3.252036857323253116e+01;-4.651376000000016948e-03;1.150472467925525635e+12;6.741885699999999204e+00;1.721140734344381196e+00;2.741885700000004533e+00
-8.514609996199997113e+02;8.150540666465142525e-01;1.150472467925525635e+12;1.521197780104618325e+01;-1.079144959999999848e-01;1.128295888111725986e+01
-8.514609996199997113e+02;4.191281542370230984e-01;1.150472467925525635e+12;2.241866111969300590e+01;-1.079144959999999848e-01;1.828890323527728512e+01
-8.514609996199997113e+02;3.070595263052985913e-01;1.150472467925525635e+12;1.712914749878625997e+01;-1.079144959999999848e-01;1.309595167778283553e+01
-2.311806635810381749e+02;-4.651376000000016948e-03;1.150472467925525635e+12;9.897978919166423140e+00;-1.079144959999999848e-01;5.824835645460010980e+00
1.441146309507272463e+02;1.019428766121168284e+00;1.150472467925525635e+12;6.741885699999999204e+00;-1.079144959999999848e-01;2.741885700000004533e+00
6.601349290075438603e+01;5.619053076480593489e-01;1.150472467925525635e+12;6.741885699999999204e+00;2.767747447334764743e+00;2.741885700000004533e+00
4.670551198433986428e+01;-4.651376000000016948e-03;1.150472467925525635e+12;6.741885699999999204e+00;-1.079144959999999848e-01;2.741885700000004533e+00
8.418579655392557015e+01;-4.651376000000016948e-03;1.150472467925525635e+12;6.741885699999999204e+00;6.736365340201613705e+00;2.741885700000004533e+00
-8.514609996199997113e+02;-4.651376000000016948e-03;1.150472467925525635e+12;2.739967710755858121e+01;-1.079144959999999848e-01;2.361383814871495801e+01
-8.514609996199997113e+02;1.044787591658186576e+00;1.150472467925525635e+12;1.615245203961550757e+01;-1.079144959999999848e-01;1.223771840231879793e+01
5.498420424710559473e+01;-4.651376000000016948e-03;1.150472467925525635e+12;6.741885699999999204e+00;1.287818013953872853e+00;2.741885700000004533e+00
-1.121207185269418005e+01;1.396273905565245776e+00;1.150472467925525635e+12;6.741885699999999204e+00;-1.079144959999999848e-01;2.741885700000004533e+00
-8.514609996199997113e+02;3.424770401488428373e-01;1.150472467925525635e+12;2.798908321266598875e+01;-1.079144959999999848e-01;2.400183669273931741e+01
5.422248464823885570e+02;1.186784011650782178e+00;1.150472467925525635e+12;6.741885699999999204e+00;1.084202688987918251e+01;2.741885700000004533e+00
-8.095384340099788005e+02;7.389829772618075054e-01;1.150472467925525635e+12;1.457731128814065258e+01;-1.079144959999999848e-01;1.066465626990476068e+01
-8.514609996199997113e+02;-4.651376000000016948e-03;1.150472467925525635e+12;2.158371291461560304e+01;-1.079144959999999848e-01;1.773539240993063970e+01
6.650789832503483012e+01;-4.651376000000016948e-03;1.150472467925525635e+12;6.741885699999999204e+00;4.319529314855697244e+00;2.741885700000004533e+00
-5.363506551057844263e+01;-4.651376000000016948e-03;1.150472467925525635e+12;8.792620999467532172e+00;-1.079144959999999848e-01;4.613241457626003239e+00
7.459570734054343120e+03;-4.651376000000016948e-03;1.150472467925525635e+12;6.741885699999999204e+00;2.350382879648894985e+01;2.741885700000004533e+00
5.719232335173221145e+03;3.049332755505951287e-01;1.150472467925525635e+12;6.741885699999999204e+00;2.164659433104683828e+01;2.741885700000004533e+00
-4.131023244042140732e+02;-4.651376000000016948e-03;1.150472467925525635e+12;1.111466264934901282e+01;-1.079144959999999848e-01;7.078870643883927727e+00
-8.514609996199997113e+02;9.296474619486890800e-01;1.150472467925525635e+12;1.704843595039487525e+01;-1.079144959999999848e-01;1.307616360637904762e+01
4.609322211063908981e+01;9.729105730971119304e-01;1.150472467925525635e+12;6.741885699999999204e+00;6.077543427342801508e+00;2.741885700000004533e+00
-8.514609996199997113e+02;7.406929842029521538e-01;1.150472467925525635e+12;1.495676731672552329e+01;-1.079144959999999848e-01;1.104894887850994856e+01
2.365674669969844217e+02;-4.651376000000016948e-03;1.150472467925525635e+12;6.741885699999999204e+00;7.481658764820803498e+00;2.741885700000004533e+00
-6.263219396881647754e+02;-4.651376000000016948e-03;1.150472467925525635e+12;1.244738579601881057e+01;-1.079144959999999848e-01;8.452452803080337418e+00
-8.475056645106761835e+02;-4.651376000000016948e-03;1.150472467925525635e+12;1.385814610469502028e+01;-1.079144959999999848e-01;9.918178318541382765e+00
-6.055972345061036322e+00;-4.651376000000016948e-03;1.150472467925525635e+12;8.146125550219419864e+00;-1.079144959999999848e-01;3.904164993868828315e+00
-6.889352439032104485e+02;1.623557833382917315e-01;1.150472467925525635e+12;1.339519191261942765e+01;-1.079144959999999848e-01;9.418819638761640078e+00
2.217217012908122342e+00;1.772268533147300651e-01;1.150472467925525635e+12;6.741885699999999204e+00;-1.079144959999999848e-01;2.741885700000004533e+00
1.190518636539199179e+03;1.998982011299524353e-01;1.150472467925525635e+12;6.741885699999999204e+00;1.375062392018173441e+01;2.741885700000004533e+00
6.794995758175241463e+02;1.123602713130176456e+00;1.150472467925525635e+12;6.741885699999999204e+00;1.141564114467892388e+01;2.741885700000004533e+00
-6.690464785030633266e+01;-4.651376000000016948e-03;1.150472467925525635e+12;8.309742330343294014e+00;-1.079144959999999848e-01;4.141346875440031994e+00
4.857564360776825652e+01;5.383358700626476034e-01;1.150472467925525635e+12;6.741885699999999204e+00;2.510613015596068198e+00;2.741885700000004533e+00
-8.514609996199997113e+02;-4.651376000000016948e-03;1.150472467925525635e+12;2.204792669492162105e+01;-1.079144959999999848e-01;1.820277605445633640e+01
-8.514609996199997113e+02;6.657632040446483934e-01;1.150472467925525635e+12;1.595487577581343075e+01;-1.079144959999999848e-01;1.208140051811733962e+01
-1.787849389904506552e+02;-4.651376000000016948e-03;1.150472467925525635e+12;9.319391244251340467e+00;-1.079144959999999848e-01;5.191174266053517172e+00
-8.514609996199997113e+02;6.532150185846173907e-01;1.150472467925525635e+12;3.074096233098480724e+01;-1.079144959999999848e-01;2.661481725603378123e+01
-3.335929013017133684e+02;1.370211772975048758e-01;1.150472467925525635e+12;1.068208811359580324e+01;-1.079144959999999848e-01;6.710033361954375941e+00
-3.541961742921656082e+02;1.145364897432160634e+00;1.150472467925525635e+12;1.087291990923328555e+01;-1.079144959999999848e-01;7.042707328523423627e+00
-8.514609996199997113e+02;1.006058591218698117e+00;1.150472467925525635e+12;1.874756077710791402e+01;-1.079144959999999848e-01;1.471635164313332389e+01
-8.514609996199997113e+02;7.437779770689302294e-01;1.150472467925525635e+12;1.519161784076811017e+01;-1.079144959999999848e-01;1.128820258870779014e+01
-8.514609996199997113e+02;4.945699050770703264e-01;1.150472467925525635e+12;1.701770557934008821e+01;-1.079144959999999848e-01;1.302575858655733576e+01
-8.514609996199997113e+02;-4.651376000000016948e-03;1.150472467925525635e+12;1.943755365835249904e+01;-1.079144959999999848e-01;1.555155295977930585e+01
-5.501079170972639076e+01;8.136242875648075357e-01;1.150472467925525635e+12;8.154941623150183005e+00;-1.079144959999999848e-01;4.102459625911087038e+00
1.163023678439962168e+03;-4.651376000000016948e-03;1.150472467925525635e+12;6.741885699999999204e+00;1.291819425597120841e+01;2.741885700000004533e+00
3.517117895713727194e+01;-4.651376000000016948e-03;1.150472467925525635e+12;7.444700114900024701e+00;-1.079144959999999848e-01;3.282085931189895778e+00
-5.454765335878249743e+02;2.335257284411847434e-01;1.150472467925525635e+12;1.228319757474158536e+01;-1.079144959999999848e-01;8.358896439544896140e+00
-2.442156998896579125e+02;9.616550019011854689e-02;1.150472467925525635e+12;9.997301928344455746e+00;-1.079144959999999848e-01;5.995574322496670661e+00
3.415142955494218313e+01;5.211734561685062994e-01;1.150472467925525635e+12;6.741885699999999204e+00;2.550122812332944466e+00;2.741885700000004533e+00
8.812294150572711260e+01;-4.651376000000016948e-03;1.150472467925525635e+12;6.741885699999999204e+00;-1.079144959999999848e-01;2.741885700000004533e+00
