0.000000000000000000e+00,0.000000000000000000e+00,1.569482135772705078e+01,2.248799896240234375e+01,0.000000000000000000e+00,0.000000000000000000e+00,0.000000000000000000e+00,0.000000000000000000e+00
0.000000000000000000e+00,0.000000000000000000e+00,3.075243759155273438e+01,4.459383773803710938e+01,0.000000000000000000e+00,0.000000000000000000e+00,0.000000000000000000e+00,0.000000000000000000e+00
0.000000000000000000e+00,1.442366838455200195e+00,6.649285554885864258e-03,2.200790882110595703e+00,0.000000000000000000e+00,0.000000000000000000e+00,9.579125642776489258e-01,3.059853613376617432e-01
3.578413009643554688e+00,1.346297115087509155e-01,0.000000000000000000e+00,0.000000000000000000e+00,0.000000000000000000e+00,0.000000000000000000e+00,9.095082283020019531e+00,0.000000000000000000e+00
0.000000000000000000e+00,0.000000000000000000e+00,1.442009765625000000e+04,2.156519921875000000e+04,0.000000000000000000e+00,0.000000000000000000e+00,0.000000000000000000e+00,0.000000000000000000e+00
0.000000000000000000e+00,1.624435305595397949e+00,4.746761918067932129e-02,1.131620764732360840e+00,0.000000000000000000e+00,0.000000000000000000e+00,1.054090023040771484e+00,2.032925784587860107e-01
0.000000000000000000e+00,0.000000000000000000e+00,3.361607360839843750e+01,4.893564987182617188e+01,0.000000000000000000e+00,0.000000000000000000e+00,0.000000000000000000e+00,0.000000000000000000e+00
0.000000000000000000e+00,0.000000000000000000e+00,3.709279775619506836e+00,5.838678836822509766e+00,0.000000000000000000e+00,0.000000000000000000e+00,0.000000000000000000e+00,0.000000000000000000e+00
0.000000000000000000e+00,0.000000000000000000e+00,4.057954549789428711e-01,4.439746737480163574e-01,0.000000000000000000e+00,4.322001934051513672e-01,0.000000000000000000e+00,0.000000000000000000e+00
0.000000000000000000e+00,0.000000000000000000e+00,1.237872070312500000e+03,1.846554809570312500e+03,0.000000000000000000e+00,0.000000000000000000e+00,0.000000000000000000e+00,0.000000000000000000e+00
0.000000000000000000e+00,0.000000000000000000e+00,8.965505981445312500e+02,1.336241699218750000e+03,0.000000000000000000e+00,0.000000000000000000e+00,0.000000000000000000e+00,0.000000000000000000e+00
7.447242736816406250e-01,0.000000000000000000e+00,0.000000000000000000e+00,0.000000000000000000e+00,0.000000000000000000e+00,5.992213487625122070e-01,1.400538802146911621e+00,0.000000000000000000e+00
0.000000000000000000e+00,0.000000000000000000e+00,8.413577270507812500e+02,1.253888305664062500e+03,0.000000000000000000e+00,0.000000000000000000e+00,0.000000000000000000e+00,0.000000000000000000e+00
0.000000000000000000e+00,0.000000000000000000e+00,8.166046142578125000e+02,1.216768310546875000e+03,0.000000000000000000e+00,0.000000000000000000e+00,0.000000000000000000e+00,0.000000000000000000e+00
0.000000000000000000e+00,0.000000000000000000e+00,2.695293273925781250e+02,3.998023071289062500e+02,0.000000000000000000e+00,0.000000000000000000e+00,0.000000000000000000e+00,0.000000000000000000e+00
0.000000000000000000e+00,0.000000000000000000e+00,6.627395996093750000e+03,9.907068359375000000e+03,0.000000000000000000e+00,0.000000000000000000e+00,0.000000000000000000e+00,0.000000000000000000e+00
0.000000000000000000e+00,0.000000000000000000e+00,1.799448852539062500e+02,2.661986694335937500e+02,0.000000000000000000e+00,0.000000000000000000e+00,0.000000000000000000e+00,0.000000000000000000e+00
0.000000000000000000e+00,0.000000000000000000e+00,4.184028320312500000e+03,6.252196777343750000e+03,0.000000000000000000e+00,0.000000000000000000e+00,0.000000000000000000e+00,0.000000000000000000e+00
0.000000000000000000e+00,5.821401476860046387e-01,9.167850017547607422e-03,3.513879179954528809e-01,0.000000000000000000e+00,3.377837315201759338e-02,0.000000000000000000e+00,2.229923903942108154e-01
1.006990623474121094e+01,0.000000000000000000e+00,0.000000000000000000e+00,0.000000000000000000e+00,0.000000000000000000e+00,0.000000000000000000e+00,2.136201095581054688e+01,0.000000000000000000e+00
5.699391365051269531e-01,3.611630201339721680e-01,0.000000000000000000e+00,0.000000000000000000e+00,0.000000000000000000e+00,0.000000000000000000e+00,2.256614685058593750e+00,0.000000000000000000e+00
0.000000000000000000e+00,0.000000000000000000e+00,5.600451049804687500e+02,8.335363769531250000e+02,0.000000000000000000e+00,0.000000000000000000e+00,0.000000000000000000e+00,0.000000000000000000e+00
3.682020950317382812e+01,3.672792434692382812e+01,1.393556690216064453e+01,0.000000000000000000e+00,0.000000000000000000e+00,2.274846839904785156e+01,1.314682769775390625e+02,0.000000000000000000e+00
0.000000000000000000e+00,0.000000000000000000e+00,1.437913085937500000e+03,2.145475585937500000e+03,0.000000000000000000e+00,0.000000000000000000e+00,0.000000000000000000e+00,0.000000000000000000e+00
0.000000000000000000e+00,0.000000000000000000e+00,1.905223541259765625e+02,2.819219665527343750e+02,0.000000000000000000e+00,0.000000000000000000e+00,0.000000000000000000e+00,0.000000000000000000e+00
1.878236961364746094e+01,8.991470336914062500e+00,0.000000000000000000e+00,0.000000000000000000e+00,0.000000000000000000e+00,0.000000000000000000e+00,4.893754196166992188e+01,0.000000000000000000e+00
5.181779861450195312e+01,8.571613311767578125e+01,4.150373077392578125e+01,0.000000000000000000e+00,0.000000000000000000e+00,1.681857757568359375e+02,3.320115356445312500e+02,0.000000000000000000e+00
0.000000000000000000e+00,0.000000000000000000e+00,1.112111968994140625e+02,1.640343017578125000e+02,0.000000000000000000e+00,0.000000000000000000e+00,0.000000000000000000e+00,0.000000000000000000e+00
0.000000000000000000e+00,2.518023490905761719e+00,2.358573079109191895e-01,4.249773502349853516e+00,0.000000000000000000e+00,0.000000000000000000e+00,1.435811996459960938e+00,6.385487318038940430e-01
0.000000000000000000e+00,0.000000000000000000e+00,4.666802978515625000e+01,6.823759460449218750e+01,0.000000000000000000e+00,0.000000000000000000e+00,0.000000000000000000e+00,0.000000000000000000e+00
0.000000000000000000e+00,0.000000000000000000e+00,8.655611572265625000e+02,1.289988647460937500e+03,0.000000000000000000e+00,0.000000000000000000e+00,0.000000000000000000e+00,0.000000000000000000e+00
0.000000000000000000e+00,3.743585815429687500e+02,1.656299133300781250e+02,0.000000000000000000e+00,0.000000000000000000e+00,2.439266845703125000e+03,2.235469482421875000e+03,0.000000000000000000e+00
0.000000000000000000e+00,0.000000000000000000e+00,1.487946472167968750e+02,2.199987792968750000e+02,0.000000000000000000e+00,0.000000000000000000e+00,0.000000000000000000e+00,0.000000000000000000e+00
5.405639648437500000e+00,0.000000000000000000e+00,0.000000000000000000e+00,0.000000000000000000e+00,0.000000000000000000e+00,0.000000000000000000e+00,1.195413589477539062e+01,0.000000000000000000e+00
0.000000000000000000e+00,0.000000000000000000e+00,1.456324584960937500e+03,2.172886474609375000e+03,0.000000000000000000e+00,0.000000000000000000e+00,0.000000000000000000e+00,0.000000000000000000e+00
5.802300643920898438e+01,1.224831924438476562e+02,5.996009826660156250e+01,0.000000000000000000e+00,0.000000000000000000e+00,3.973342590332031250e+02,5.458503417968750000e+02,0.000000000000000000e+00
0.000000000000000000e+00,0.000000000000000000e+00,0.000000000000000000e+00,0.000000000000000000e+00,0.000000000000000000e+00,2.065021093750000000e+05,1.685938281250000000e+05,0.000000000000000000e+00
0.000000000000000000e+00,0.000000000000000000e+00,1.199880313873291016e+01,1.710358238220214844e+01,0.000000000000000000e+00,0.000000000000000000e+00,0.000000000000000000e+00,0.000000000000000000e+00
0.000000000000000000e+00,0.000000000000000000e+00,8.200404663085937500e+02,1.222050659179687500e+03,0.000000000000000000e+00,0.000000000000000000e+00,0.000000000000000000e+00,0.000000000000000000e+00
2.940039062500000000e+01,2.128850364685058594e+01,5.728203773498535156e+00,0.000000000000000000e+00,0.000000000000000000e+00,6.805234432220458984e+00,8.569397735595703125e+01,0.000000000000000000e+00
0.000000000000000000e+00,0.000000000000000000e+00,1.634734191894531250e+02,2.416269836425781250e+02,0.000000000000000000e+00,0.000000000000000000e+00,0.000000000000000000e+00,0.000000000000000000e+00
0.000000000000000000e+00,0.000000000000000000e+00,0.000000000000000000e+00,0.000000000000000000e+00,0.000000000000000000e+00,5.187259375000000000e+05,4.221883125000000000e+05,0.000000000000000000e+00
0.000000000000000000e+00,0.000000000000000000e+00,1.090974140167236328e+01,1.598981857299804688e+01,0.000000000000000000e+00,0.000000000000000000e+00,0.000000000000000000e+00,0.000000000000000000e+00
0.000000000000000000e+00,0.000000000000000000e+00,2.654049072265625000e+02,3.935567932128906250e+02,0.000000000000000000e+00,0.000000000000000000e+00,0.000000000000000000e+00,0.000000000000000000e+00
0.000000000000000000e+00,0.000000000000000000e+00,0.000000000000000000e+00,0.000000000000000000e+00,0.000000000000000000e+00,8.261065000000000000e+05,6.717472500000000000e+05,0.000000000000000000e+00
2.770658302307128906e+01,1.862664413452148438e+01,4.308932304382324219e+00,0.000000000000000000e+00,0.000000000000000000e+00,4.650949001312255859e+00,7.797873687744140625e+01,0.000000000000000000e+00
0.000000000000000000e+00,0.000000000000000000e+00,3.582192687988281250e+02,0.000000000000000000e+00,0.000000000000000000e+00,2.978103515625000000e+04,2.479128515625000000e+04,0.000000000000000000e+00
0.000000000000000000e+00,0.000000000000000000e+00,1.382760449218750000e+04,2.067849414062500000e+04,0.000000000000000000e+00,0.000000000000000000e+00,0.000000000000000000e+00,0.000000000000000000e+00
1.363318824768066406e+01,6.160235404968261719e-01,0.000000000000000000e+00,0.000000000000000000e+00,0.000000000000000000e+00,0.000000000000000000e+00,3.152212715148925781e+01,0.000000000000000000e+00
0.000000000000000000e+00,0.000000000000000000e+00,4.420359191894531250e+02,0.000000000000000000e+00,0.000000000000000000e+00,2.570299609375000000e+04,2.145649609375000000e+04,0.000000000000000000e+00
0.000000000000000000e+00,0.000000000000000000e+00,0.000000000000000000e+00,0.000000000000000000e+00,0.000000000000000000e+00,8.398209810432000000e+12,6.814778785792000000e+12,0.000000000000000000e+00
0.000000000000000000e+00,0.000000000000000000e+00,2.584247970581054688e+01,3.718104171752929688e+01,0.000000000000000000e+00,0.000000000000000000e+00,0.000000000000000000e+00,0.000000000000000000e+00
0.000000000000000000e+00,8.563424944877624512e-01,1.074075698852539062e-02,6.259988546371459961e-01,0.000000000000000000e+00,0.000000000000000000e+00,1.310937404632568359e-01,0.000000000000000000e+00
0.000000000000000000e+00,0.000000000000000000e+00,3.300018615722656250e+02,4.901115112304687500e+02,0.000000000000000000e+00,0.000000000000000000e+00,0.000000000000000000e+00,0.000000000000000000e+00
0.000000000000000000e+00,0.000000000000000000e+00,0.000000000000000000e+00,0.000000000000000000e+00,0.000000000000000000e+00,5.318541406250000000e+04,4.388959375000000000e+04,0.000000000000000000e+00
0.000000000000000000e+00,0.000000000000000000e+00,2.575352734375000000e+04,3.852170703125000000e+04,0.000000000000000000e+00,0.000000000000000000e+00,0.000000000000000000e+00,0.000000000000000000e+00
2.482560920715332031e+01,1.704852676391601562e+01,2.455916643142700195e+00,0.000000000000000000e+00,0.000000000000000000e+00,1.353410005569458008e+00,6.732769775390625000e+01,0.000000000000000000e+00
0.000000000000000000e+00,0.000000000000000000e+00,3.783180908203125000e+03,5.652726074218750000e+03,0.000000000000000000e+00,0.000000000000000000e+00,0.000000000000000000e+00,0.000000000000000000e+00
0.000000000000000000e+00,0.000000000000000000e+00,6.115952758789062500e+02,9.104714965820312500e+02,0.000000000000000000e+00,0.000000000000000000e+00,0.000000000000000000e+00,0.000000000000000000e+00
0.000000000000000000e+00,0.000000000000000000e+00,5.191386108398437500e+02,7.724640502929687500e+02,0.000000000000000000e+00,0.000000000000000000e+00,0.000000000000000000e+00,0.000000000000000000e+00
0.000000000000000000e+00,0.000000000000000000e+00,9.517716674804687500e+02,1.418895385742187500e+03,0.000000000000000000e+00,0.000000000000000000e+00,0.000000000000000000e+00,0.000000000000000000e+00
0.000000000000000000e+00,0.000000000000000000e+00,2.336356933593750000e+03,3.488818359375000000e+03,0.000000000000000000e+00,0.000000000000000000e+00,0.000000000000000000e+00,0.000000000000000000e+00
0.000000000000000000e+00,0.000000000000000000e+00,8.113005371093750000e+02,1.208906860351562500e+03,0.000000000000000000e+00,0.000000000000000000e+00,0.000000000000000000e+00,0.000000000000000000e+00
0.000000000000000000e+00,0.000000000000000000e+00,2.946411848068237305e+00,4.643006801605224609e+00,0.000000000000000000e+00,0.000000000000000000e+00,0.000000000000000000e+00,0.000000000000000000e+00
0.000000000000000000e+00,0.000000000000000000e+00,3.569000549316406250e+02,5.302504272460937500e+02,0.000000000000000000e+00,0.000000000000000000e+00,0.000000000000000000e+00,0.000000000000000000e+00
0.000000000000000000e+00,0.000000000000000000e+00,3.984901428222656250e+02,5.922804565429687500e+02,0.000000000000000000e+00,0.000000000000000000e+00,0.000000000000000000e+00,0.000000000000000000e+00
0.000000000000000000e+00,0.000000000000000000e+00,6.037077026367187500e+02,8.986422119140625000e+02,0.000000000000000000e+00,0.000000000000000000e+00,0.000000000000000000e+00,0.000000000000000000e+00
0.000000000000000000e+00,0.000000000000000000e+00,4.023336486816406250e+02,5.980928344726562500e+02,0.000000000000000000e+00,0.000000000000000000e+00,0.000000000000000000e+00,0.000000000000000000e+00
0.000000000000000000e+00,0.000000000000000000e+00,3.167239685058593750e+02,4.700833129882812500e+02,0.000000000000000000e+00,0.000000000000000000e+00,0.000000000000000000e+00,0.000000000000000000e+00
0.000000000000000000e+00,0.000000000000000000e+00,9.603117704391479492e-01,8.857157826423645020e-01,0.000000000000000000e+00,7.197191715240478516e-01,0.000000000000000000e+00,0.000000000000000000e+00
0.000000000000000000e+00,0.000000000000000000e+00,8.394149780273437500e+00,1.243421554565429688e+01,0.000000000000000000e+00,0.000000000000000000e+00,0.000000000000000000e+00,0.000000000000000000e+00
3.014530754089355469e+01,2.289158630371093750e+01,6.451840400695800781e+00,0.000000000000000000e+00,0.000000000000000000e+00,7.853356838226318359e+00,8.954865264892578125e+01,0.000000000000000000e+00
0.000000000000000000e+00,0.000000000000000000e+00,3.247453369140625000e+03,4.851336914062500000e+03,0.000000000000000000e+00,0.000000000000000000e+00,0.000000000000000000e+00,0.000000000000000000e+00
0.000000000000000000e+00,0.000000000000000000e+00,2.551442871093750000e+03,3.810657958984375000e+03,0.000000000000000000e+00,0.000000000000000000e+00,0.000000000000000000e+00,0.000000000000000000e+00
0.000000000000000000e+00,0.000000000000000000e+00,7.255005493164062500e+02,1.080822631835937500e+03,0.000000000000000000e+00,0.000000000000000000e+00,0.000000000000000000e+00,0.000000000000000000e+00
0.000000000000000000e+00,0.000000000000000000e+00,2.123424560546875000e+03,3.170540771484375000e+03,0.000000000000000000e+00,0.000000000000000000e+00,0.000000000000000000e+00,0.000000000000000000e+00
1.840166282653808594e+01,1.083505725860595703e+01,0.000000000000000000e+00,0.000000000000000000e+00,0.000000000000000000e+00,0.000000000000000000e+00,4.892173385620117188e+01,0.000000000000000000e+00
0.000000000000000000e+00,0.000000000000000000e+00,0.000000000000000000e+00,0.000000000000000000e+00,0.000000000000000000e+00,4.091382812500000000e+05,3.331984375000000000e+05,0.000000000000000000e+00
0.000000000000000000e+00,0.000000000000000000e+00,2.178822898864746094e+01,3.112747955322265625e+01,0.000000000000000000e+00,0.000000000000000000e+00,0.000000000000000000e+00,0.000000000000000000e+00
1.787086868286132812e+01,2.771806030273437500e+02,1.324634399414062500e+02,0.000000000000000000e+00,0.000000000000000000e+00,1.642165283203125000e+03,1.563132080078125000e+03,0.000000000000000000e+00
7.597008943557739258e-01,0.000000000000000000e+00,0.000000000000000000e+00,0.000000000000000000e+00,0.000000000000000000e+00,3.023927211761474609e-01,1.517216920852661133e+00,0.000000000000000000e+00
0.000000000000000000e+00,0.000000000000000000e+00,4.641430854797363281e+00,7.082364559173583984e+00,0.000000000000000000e+00,0.000000000000000000e+00,0.000000000000000000e+00,0.000000000000000000e+00
0.000000000000000000e+00,0.000000000000000000e+00,8.384855346679687500e+02,1.249565307617187500e+03,0.000000000000000000e+00,0.000000000000000000e+00,0.000000000000000000e+00,0.000000000000000000e+00
0.000000000000000000e+00,0.000000000000000000e+00,3.242989501953125000e+03,4.844759277343750000e+03,0.000000000000000000e+00,0.000000000000000000e+00,0.000000000000000000e+00,0.000000000000000000e+00
0.000000000000000000e+00,0.000000000000000000e+00,0.000000000000000000e+00,0.000000000000000000e+00,0.000000000000000000e+00,3.892067812500000000e+05,3.170112500000000000e+05,0.000000000000000000e+00
0.000000000000000000e+00,0.000000000000000000e+00,0.000000000000000000e+00,0.000000000000000000e+00,0.000000000000000000e+00,2.053500000000000000e+05,1.676575625000000000e+05,0.000000000000000000e+00
0.000000000000000000e+00,0.000000000000000000e+00,5.943342447280883789e-01,5.563238859176635742e-01,0.000000000000000000e+00,5.489301681518554688e-01,0.000000000000000000e+00,0.000000000000000000e+00
0.000000000000000000e+00,0.000000000000000000e+00,1.706235351562500000e+02,2.521849975585937500e+02,0.000000000000000000e+00,0.000000000000000000e+00,0.000000000000000000e+00,0.000000000000000000e+00
0.000000000000000000e+00,0.000000000000000000e+00,7.643499023437500000e+03,1.142710253906250000e+04,0.000000000000000000e+00,0.000000000000000000e+00,0.000000000000000000e+00,0.000000000000000000e+00
0.000000000000000000e+00,0.000000000000000000e+00,1.997327880859375000e+03,2.981930175781250000e+03,0.000000000000000000e+00,0.000000000000000000e+00,0.000000000000000000e+00,0.000000000000000000e+00
0.000000000000000000e+00,0.000000000000000000e+00,4.935111999511718750e+01,7.238512420654296875e+01,0.000000000000000000e+00,0.000000000000000000e+00,0.000000000000000000e+00,0.000000000000000000e+00
0.000000000000000000e+00,0.000000000000000000e+00,1.137601318359375000e+03,1.696620239257812500e+03,0.000000000000000000e+00,0.000000000000000000e+00,0.000000000000000000e+00,0.000000000000000000e+00
0.000000000000000000e+00,0.000000000000000000e+00,0.000000000000000000e+00,0.000000000000000000e+00,0.000000000000000000e+00,3.160098800000000000e+07,2.564558800000000000e+07,0.000000000000000000e+00
0.000000000000000000e+00,0.000000000000000000e+00,1.987216758728027344e+01,2.838266754150390625e+01,0.000000000000000000e+00,0.000000000000000000e+00,0.000000000000000000e+00,0.000000000000000000e+00
9.556592702865600586e-01,1.010853528976440430e+00,0.000000000000000000e+00,0.000000000000000000e+00,0.000000000000000000e+00,0.000000000000000000e+00,5.128407478332519531e+00,0.000000000000000000e+00
0.000000000000000000e+00,0.000000000000000000e+00,7.600900268554687500e+01,1.114106140136718750e+02,0.000000000000000000e+00,0.000000000000000000e+00,0.000000000000000000e+00,0.000000000000000000e+00
0.000000000000000000e+00,0.000000000000000000e+00,7.308637084960937500e+02,1.088667114257812500e+03,0.000000000000000000e+00,0.000000000000000000e+00,0.000000000000000000e+00,0.000000000000000000e+00
0.000000000000000000e+00,0.000000000000000000e+00,3.705919647216796875e+01,5.438605880737304688e+01,0.000000000000000000e+00,0.000000000000000000e+00,0.000000000000000000e+00,0.000000000000000000e+00
0.000000000000000000e+00,0.000000000000000000e+00,9.979975223541259766e-01,4.318251013755798340e-01,0.000000000000000000e+00,1.108702301979064941e+00,0.000000000000000000e+00,0.000000000000000000e+00
0.000000000000000000e+00,0.000000000000000000e+00,3.499156005859375000e+03,5.227999511718750000e+03,0.000000000000000000e+00,0.000000000000000000e+00,0.000000000000000000e+00,0.000000000000000000e+00
0.000000000000000000e+00,0.000000000000000000e+00,4.128488922119140625e+01,6.133494186401367188e+01,0.000000000000000000e+00,0.000000000000000000e+00,0.000000000000000000e+00,0.000000000000000000e+00
0.000000000000000000e+00,0.000000000000000000e+00,1.742680072784423828e+00,1.887771248817443848e+00,0.000000000000000000e+00,7.872946858406066895e-01,0.000000000000000000e+00,0.000000000000000000e+00
3.675107955932617188e+01,3.654398345947265625e+01,1.383354663848876953e+01,0.000000000000000000e+00,0.000000000000000000e+00,2.251066017150878906e+01,1.308872528076171875e+02,0.000000000000000000e+00
0.000000000000000000e+00,0.000000000000000000e+00,2.424987182617187500e+02,3.594579467773437500e+02,0.000000000000000000e+00,0.000000000000000000e+00,0.000000000000000000e+00,0.000000000000000000e+00
8.445741653442382812e+00,0.000000000000000000e+00,0.000000000000000000e+00,0.000000000000000000e+00,0.000000000000000000e+00,0.000000000000000000e+00,1.758337020874023438e+01,0.000000000000000000e+00
0.000000000000000000e+00,0.000000000000000000e+00,1.290446319580078125e+02,1.901741943359375000e+02,0.000000000000000000e+00,0.000000000000000000e+00,0.000000000000000000e+00,0.000000000000000000e+00
0.000000000000000000e+00,0.000000000000000000e+00,1.322519531250000000e+02,1.957918701171875000e+02,0.000000000000000000e+00,0.000000000000000000e+00,0.000000000000000000e+00,0.000000000000000000e+00
0.000000000000000000e+00,0.000000000000000000e+00,4.488623809814453125e+01,6.628821563720703125e+01,0.000000000000000000e+00,0.000000000000000000e+00,0.000000000000000000e+00,0.000000000000000000e+00
0.000000000000000000e+00,0.000000000000000000e+00,7.718230247497558594e+00,1.174477005004882812e+01,0.000000000000000000e+00,0.000000000000000000e+00,0.000000000000000000e+00,0.000000000000000000e+00
0.000000000000000000e+00,0.000000000000000000e+00,4.246971740722656250e+02,6.313258056640625000e+02,0.000000000000000000e+00,0.000000000000000000e+00,0.000000000000000000e+00,0.000000000000000000e+00
0.000000000000000000e+00,9.258441925048828125e-01,6.712138652801513672e-02,5.481781363487243652e-01,0.000000000000000000e+00,5.012935772538185120e-02,0.000000000000000000e+00,7.057219743728637695e-03
0.000000000000000000e+00,0.000000000000000000e+00,2.052250244140625000e+03,3.064013916015625000e+03,0.000000000000000000e+00,0.000000000000000000e+00,0.000000000000000000e+00,0.000000000000000000e+00
0.000000000000000000e+00,0.000000000000000000e+00,0.000000000000000000e+00,0.000000000000000000e+00,0.000000000000000000e+00,5.100701250000000000e+05,4.151600000000000000e+05,0.000000000000000000e+00
0.000000000000000000e+00,0.000000000000000000e+00,4.027543640136718750e+01,5.927857208251953125e+01,0.000000000000000000e+00,0.000000000000000000e+00,0.000000000000000000e+00,0.000000000000000000e+00
3.584963798522949219e+00,7.526807785034179688e-01,0.000000000000000000e+00,0.000000000000000000e+00,0.000000000000000000e+00,0.000000000000000000e+00,9.222140312194824219e+00,0.000000000000000000e+00
0.000000000000000000e+00,0.000000000000000000e+00,0.000000000000000000e+00,0.000000000000000000e+00,0.000000000000000000e+00,4.117353437500000000e+05,3.353074062500000000e+05,0.000000000000000000e+00
0.000000000000000000e+00,0.000000000000000000e+00,1.216669006347656250e+02,1.792252502441406250e+02,0.000000000000000000e+00,0.000000000000000000e+00,0.000000000000000000e+00,0.000000000000000000e+00
3.285568618774414062e+01,2.707548332214355469e+01,8.955807685852050781e+00,0.000000000000000000e+00,0.000000000000000000e+00,1.248096561431884766e+01,1.034847640991210938e+02,0.000000000000000000e+00
0.000000000000000000e+00,0.000000000000000000e+00,2.243607910156250000e+03,3.350259277343750000e+03,0.000000000000000000e+00,0.000000000000000000e+00,0.000000000000000000e+00,0.000000000000000000e+00
1.977741050720214844e+01,1.079133987426757812e+01,0.000000000000000000e+00,0.000000000000000000e+00,0.000000000000000000e+00,0.000000000000000000e+00,5.220057296752929688e+01,0.000000000000000000e+00
0.000000000000000000e+00,0.000000000000000000e+00,1.295710601806640625e+02,1.914749145507812500e+02,0.000000000000000000e+00,0.000000000000000000e+00,0.000000000000000000e+00,0.000000000000000000e+00
5.985806655883789062e+01,1.875736846923828125e+02,9.044013977050781250e+01,0.000000000000000000e+00,0.000000000000000000e+00,8.346252441406250000e+02,9.143579101562500000e+02,0.000000000000000000e+00
0.000000000000000000e+00,0.000000000000000000e+00,1.362703613281250000e+03,2.033146118164062500e+03,0.000000000000000000e+00,0.000000000000000000e+00,0.000000000000000000e+00,0.000000000000000000e+00
0.000000000000000000e+00,0.000000000000000000e+00,0.000000000000000000e+00,0.000000000000000000e+00,0.000000000000000000e+00,8.120938240000000000e+08,6.589830400000000000e+08,0.000000000000000000e+00
0.000000000000000000e+00,0.000000000000000000e+00,4.211741027832031250e+02,6.261633911132812500e+02,0.000000000000000000e+00,0.000000000000000000e+00,0.000000000000000000e+00,0.000000000000000000e+00
0.000000000000000000e+00,0.000000000000000000e+00,2.190576904296875000e+03,3.270940185546875000e+03,0.000000000000000000e+00,0.000000000000000000e+00,0.000000000000000000e+00,0.000000000000000000e+00
0.000000000000000000e+00,0.000000000000000000e+00,1.945318603515625000e+02,2.877886352539062500e+02,0.000000000000000000e+00,0.000000000000000000e+00,0.000000000000000000e+00,0.000000000000000000e+00
2.979918670654296875e+01,2.139794921875000000e+01,5.986668586730957031e+00,0.000000000000000000e+00,0.000000000000000000e+00,7.384339809417724609e+00,8.722046661376953125e+01,0.000000000000000000e+00
2.993755149841308594e+01,2.164153861999511719e+01,6.112149238586425781e+00,0.000000000000000000e+00,0.000000000000000000e+00,7.582120418548583984e+00,8.790010833740234375e+01,0.000000000000000000e+00
0.000000000000000000e+00,1.318151397705078125e+02,3.859721984863281250e+02,0.000000000000000000e+00,0.000000000000000000e+00,1.425060546875000000e+04,1.195432714843750000e+04,0.000000000000000000e+00
0.000000000000000000e+00,1.002215981483459473e+00,4.198418855667114258e-01,0.000000000000000000e+00,0.000000000000000000e+00,6.706112623214721680e-01,1.441329717636108398e+00,0.000000000000000000e+00
3.568670654296875000e+01,3.390325546264648438e+01,1.236971378326416016e+01,0.000000000000000000e+00,0.000000000000000000e+00,1.918260383605957031e+01,1.225413589477539062e+02,0.000000000000000000e+00
5.814102554321289062e+01,1.390320434570312500e+02,6.764672851562500000e+01,0.000000000000000000e+00,0.000000000000000000e+00,5.060375976562500000e+02,6.405264892578125000e+02,0.000000000000000000e+00
0.000000000000000000e+00,3.125244855880737305e+00,4.042496085166931152e-01,5.013400912284851074e-01,0.000000000000000000e+00,2.340984717011451721e-02,1.493577957153320312e+00,0.000000000000000000e+00
0.000000000000000000e+00,0.000000000000000000e+00,1.474630737304687500e+03,2.200342773437500000e+03,0.000000000000000000e+00,0.000000000000000000e+00,0.000000000000000000e+00,0.000000000000000000e+00
0.000000000000000000e+00,0.000000000000000000e+00,8.880655765533447266e-01,7.440089583396911621e-01,0.000000000000000000e+00,7.421958446502685547e-01,0.000000000000000000e+00,0.000000000000000000e+00
0.000000000000000000e+00,0.000000000000000000e+00,1.142729248046875000e+03,1.704369262695312500e+03,0.000000000000000000e+00,0.000000000000000000e+00,0.000000000000000000e+00,0.000000000000000000e+00
0.000000000000000000e+00,3.331921997070312500e+02,1.518965148925781250e+02,0.000000000000000000e+00,0.000000000000000000e+00,2.099466552734375000e+03,1.950020751953125000e+03,0.000000000000000000e+00
2.549459636211395264e-01,0.000000000000000000e+00,1.493849754333496094e-01,0.000000000000000000e+00,0.000000000000000000e+00,7.970263957977294922e-01,1.430739402770996094e+00,0.000000000000000000e+00
5.098546743392944336e-01,3.987369537353515625e-01,0.000000000000000000e+00,0.000000000000000000e+00,0.000000000000000000e+00,0.000000000000000000e+00,2.917898654937744141e+00,0.000000000000000000e+00
0.000000000000000000e+00,0.000000000000000000e+00,3.738142395019531250e+01,5.503972244262695312e+01,0.000000000000000000e+00,0.000000000000000000e+00,0.000000000000000000e+00,0.000000000000000000e+00
0.000000000000000000e+00,0.000000000000000000e+00,1.277067626953125000e+03,1.905112426757812500e+03,0.000000000000000000e+00,0.000000000000000000e+00,0.000000000000000000e+00,0.000000000000000000e+00
0.000000000000000000e+00,0.000000000000000000e+00,9.322507381439208984e-01,8.632796406745910645e-01,0.000000000000000000e+00,7.028825879096984863e-01,0.000000000000000000e+00,0.000000000000000000e+00
0.000000000000000000e+00,0.000000000000000000e+00,5.568145141601562500e+02,8.286176757812500000e+02,0.000000000000000000e+00,0.000000000000000000e+00,0.000000000000000000e+00,0.000000000000000000e+00
0.000000000000000000e+00,0.000000000000000000e+00,1.075496826171875000e+02,1.582547454833984375e+02,0.000000000000000000e+00,0.000000000000000000e+00,0.000000000000000000e+00,0.000000000000000000e+00
5.946074295043945312e+01,1.991403045654296875e+02,9.616574096679687500e+01,0.000000000000000000e+00,0.000000000000000000e+00,9.231973876953125000e+02,9.861516723632812500e+02,0.000000000000000000e+00
0.000000000000000000e+00,0.000000000000000000e+00,2.173402343750000000e+03,3.245121582031250000e+03,0.000000000000000000e+00,0.000000000000000000e+00,0.000000000000000000e+00,0.000000000000000000e+00
0.000000000000000000e+00,0.000000000000000000e+00,8.197347640991210938e+00,1.222010993957519531e+01,0.000000000000000000e+00,0.000000000000000000e+00,0.000000000000000000e+00,0.000000000000000000e+00
0.000000000000000000e+00,0.000000000000000000e+00,2.951676368713378906e+01,4.247319412231445312e+01,0.000000000000000000e+00,0.000000000000000000e+00,0.000000000000000000e+00,0.000000000000000000e+00
0.000000000000000000e+00,0.000000000000000000e+00,4.345989257812500000e+03,6.494489746093750000e+03,0.000000000000000000e+00,0.000000000000000000e+00,0.000000000000000000e+00,0.000000000000000000e+00
0.000000000000000000e+00,0.000000000000000000e+00,3.778378601074218750e+02,5.615200805664062500e+02,0.000000000000000000e+00,0.000000000000000000e+00,0.000000000000000000e+00,0.000000000000000000e+00
0.000000000000000000e+00,0.000000000000000000e+00,1.358009815216064453e+01,1.936417770385742188e+01,0.000000000000000000e+00,0.000000000000000000e+00,0.000000000000000000e+00,0.000000000000000000e+00
0.000000000000000000e+00,0.000000000000000000e+00,2.428907775878906250e+01,3.484038925170898438e+01,0.000000000000000000e+00,0.000000000000000000e+00,0.000000000000000000e+00,0.000000000000000000e+00
0.000000000000000000e+00,0.000000000000000000e+00,5.909905395507812500e+02,8.797501220703125000e+02,0.000000000000000000e+00,0.000000000000000000e+00,0.000000000000000000e+00,0.000000000000000000e+00
0.000000000000000000e+00,0.000000000000000000e+00,4.428850585937500000e+03,6.618313476562500000e+03,0.000000000000000000e+00,0.000000000000000000e+00,0.000000000000000000e+00,0.000000000000000000e+00
0.000000000000000000e+00,0.000000000000000000e+00,3.874472900390625000e+03,5.789121582031250000e+03,0.000000000000000000e+00,0.000000000000000000e+00,0.000000000000000000e+00,0.000000000000000000e+00
0.000000000000000000e+00,2.061083316802978516e+00,4.238775372505187988e-02,2.513129472732543945e+00,0.000000000000000000e+00,0.000000000000000000e+00,1.220016598701477051e+00,2.570606172084808350e-01
0.000000000000000000e+00,4.997453002929687500e+02,1.906277160644531250e+02,0.000000000000000000e+00,0.000000000000000000e+00,3.448002685546875000e+03,3.091937500000000000e+03,0.000000000000000000e+00
0.000000000000000000e+00,0.000000000000000000e+00,7.696958496093750000e+03,1.150702246093750000e+04,0.000000000000000000e+00,0.000000000000000000e+00,0.000000000000000000e+00,0.000000000000000000e+00
0.000000000000000000e+00,0.000000000000000000e+00,0.000000000000000000e+00,0.000000000000000000e+00,0.000000000000000000e+00,1.395623500000000000e+06,1.134046500000000000e+06,0.000000000000000000e+00
1.004443550109863281e+01,0.000000000000000000e+00,0.000000000000000000e+00,0.000000000000000000e+00,0.000000000000000000e+00,0.000000000000000000e+00,2.089921188354492188e+01,0.000000000000000000e+00
0.000000000000000000e+00,0.000000000000000000e+00,2.035888183593750000e+03,3.039669677734375000e+03,0.000000000000000000e+00,0.000000000000000000e+00,0.000000000000000000e+00,0.000000000000000000e+00
0.000000000000000000e+00,0.000000000000000000e+00,3.015575439453125000e+03,4.504810058593750000e+03,0.000000000000000000e+00,0.000000000000000000e+00,0.000000000000000000e+00,0.000000000000000000e+00
5.702839279174804688e+01,1.091046447753906250e+02,5.353556060791015625e+01,0.000000000000000000e+00,0.000000000000000000e+00,3.051676940917968750e+02,4.638539733886718750e+02,0.000000000000000000e+00
0.000000000000000000e+00,0.000000000000000000e+00,0.000000000000000000e+00,0.000000000000000000e+00,0.000000000000000000e+00,1.875397375000000000e+06,1.523457875000000000e+06,0.000000000000000000e+00
0.000000000000000000e+00,0.000000000000000000e+00,5.144106933593750000e+03,7.688327636718750000e+03,0.000000000000000000e+00,0.000000000000000000e+00,0.000000000000000000e+00,0.000000000000000000e+00
0.000000000000000000e+00,0.000000000000000000e+00,3.187744617462158203e-01,3.573879599571228027e-01,0.000000000000000000e+00,4.161276817321777344e-01,0.000000000000000000e+00,0.000000000000000000e+00
0.000000000000000000e+00,0.000000000000000000e+00,3.286893005371093750e+02,4.880448608398437500e+02,0.000000000000000000e+00,0.000000000000000000e+00,0.000000000000000000e+00,0.000000000000000000e+00
0.000000000000000000e+00,0.000000000000000000e+00,1.134171981811523438e+02,1.673000488281250000e+02,0.000000000000000000e+00,0.000000000000000000e+00,0.000000000000000000e+00,0.000000000000000000e+00
0.000000000000000000e+00,0.000000000000000000e+00,9.299697265625000000e+02,1.386193237304687500e+03,0.000000000000000000e+00,0.000000000000000000e+00,0.000000000000000000e+00,0.000000000000000000e+00
0.000000000000000000e+00,0.000000000000000000e+00,6.147068405151367188e+01,8.975177001953125000e+01,0.000000000000000000e+00,0.000000000000000000e+00,0.000000000000000000e+00,0.000000000000000000e+00
7.899513244628906250e-01,0.000000000000000000e+00,0.000000000000000000e+00,0.000000000000000000e+00,0.000000000000000000e+00,6.353632211685180664e-01,1.666022062301635742e+00,0.000000000000000000e+00
0.000000000000000000e+00,0.000000000000000000e+00,4.148566406250000000e+03,6.199346679687500000e+03,0.000000000000000000e+00,0.000000000000000000e+00,0.000000000000000000e+00,0.000000000000000000e+00
0.000000000000000000e+00,0.000000000000000000e+00,2.117544433593750000e+03,3.161633789062500000e+03,0.000000000000000000e+00,0.000000000000000000e+00,0.000000000000000000e+00,0.000000000000000000e+00
0.000000000000000000e+00,0.000000000000000000e+00,1.232315917968750000e+03,1.838217407226562500e+03,0.000000000000000000e+00,0.000000000000000000e+00,0.000000000000000000e+00,0.000000000000000000e+00
0.000000000000000000e+00,0.000000000000000000e+00,1.517311763763427734e+01,2.181776809692382812e+01,0.000000000000000000e+00,0.000000000000000000e+00,0.000000000000000000e+00,0.000000000000000000e+00
6.152474880218505859e-01,0.000000000000000000e+00,0.000000000000000000e+00,0.000000000000000000e+00,0.000000000000000000e+00,6.525323390960693359e-01,1.326798677444458008e+00,0.000000000000000000e+00
4.392622756958007812e+01,6.516004180908203125e+01,2.974656867980957031e+01,0.000000000000000000e+00,0.000000000000000000e+00,7.331346130371093750e+01,2.246361236572265625e+02,0.000000000000000000e+00
0.000000000000000000e+00,0.000000000000000000e+00,1.172809326171875000e+03,1.749248168945312500e+03,0.000000000000000000e+00,0.000000000000000000e+00,0.000000000000000000e+00,0.000000000000000000e+00
0.000000000000000000e+00,0.000000000000000000e+00,9.659014892578125000e+02,1.440026733398437500e+03,0.000000000000000000e+00,0.000000000000000000e+00,0.000000000000000000e+00,0.000000000000000000e+00
0.000000000000000000e+00,0.000000000000000000e+00,3.323083496093750000e+03,4.964602539062500000e+03,0.000000000000000000e+00,0.000000000000000000e+00,0.000000000000000000e+00,0.000000000000000000e+00
6.756424427032470703e+00,0.000000000000000000e+00,0.000000000000000000e+00,0.000000000000000000e+00,0.000000000000000000e+00,0.000000000000000000e+00,1.420066833496093750e+01,0.000000000000000000e+00
2.730260467529296875e+01,1.973313522338867188e+01,4.228987693786621094e+00,0.000000000000000000e+00,0.000000000000000000e+00,4.046224117279052734e+00,7.723940277099609375e+01,0.000000000000000000e+00
0.000000000000000000e+00,0.000000000000000000e+00,5.950351715087890625e+01,8.690152740478515625e+01,0.000000000000000000e+00,0.000000000000000000e+00,0.000000000000000000e+00,0.000000000000000000e+00
0.000000000000000000e+00,0.000000000000000000e+00,0.000000000000000000e+00,0.000000000000000000e+00,0.000000000000000000e+00,8.773483593750000000e+04,7.202612500000000000e+04,0.000000000000000000e+00
0.000000000000000000e+00,0.000000000000000000e+00,2.032396972656250000e+03,3.034427978515625000e+03,0.000000000000000000e+00,0.000000000000000000e+00,0.000000000000000000e+00,0.000000000000000000e+00
0.000000000000000000e+00,0.000000000000000000e+00,6.097974243164062500e+02,9.079460449218750000e+02,0.000000000000000000e+00,0.000000000000000000e+00,0.000000000000000000e+00,0.000000000000000000e+00
0.000000000000000000e+00,0.000000000000000000e+00,5.574508056640625000e+02,8.296275024414062500e+02,0.000000000000000000e+00,0.000000000000000000e+00,0.000000000000000000e+00,0.000000000000000000e+00
0.000000000000000000e+00,0.000000000000000000e+00,7.222928047180175781e+00,1.094400215148925781e+01,0.000000000000000000e+00,0.000000000000000000e+00,0.000000000000000000e+00,0.000000000000000000e+00
1.859741210937500000e+01,1.080488491058349609e+01,0.000000000000000000e+00,0.000000000000000000e+00,0.000000000000000000e+00,0.000000000000000000e+00,4.938782882690429688e+01,0.000000000000000000e+00
5.636223983764648438e+01,1.044306182861328125e+02,5.140930175781250000e+01,0.000000000000000000e+00,0.000000000000000000e+00,2.784407653808593750e+02,4.390569763183593750e+02,0.000000000000000000e+00
0.000000000000000000e+00,0.000000000000000000e+00,4.275259017944335938e+01,6.247879409790039062e+01,0.000000000000000000e+00,0.000000000000000000e+00,0.000000000000000000e+00,0.000000000000000000e+00
0.000000000000000000e+00,0.000000000000000000e+00,2.787501335144042969e+01,4.006264114379882812e+01,0.000000000000000000e+00,0.000000000000000000e+00,0.000000000000000000e+00,0.000000000000000000e+00
0.000000000000000000e+00,0.000000000000000000e+00,8.621435546875000000e+01,1.265925445556640625e+02,0.000000000000000000e+00,0.000000000000000000e+00,0.000000000000000000e+00,0.000000000000000000e+00
4.029218256473541260e-01,0.000000000000000000e+00,0.000000000000000000e+00,0.000000000000000000e+00,0.000000000000000000e+00,5.073840618133544922e-01,1.481663465499877930e+00,0.000000000000000000e+00
0.000000000000000000e+00,0.000000000000000000e+00,5.587206420898437500e+02,8.315410156250000000e+02,0.000000000000000000e+00,0.000000000000000000e+00,0.000000000000000000e+00,0.000000000000000000e+00
8.645769119262695312e+00,0.000000000000000000e+00,0.000000000000000000e+00,0.000000000000000000e+00,0.000000000000000000e+00,0.000000000000000000e+00,1.802225685119628906e+01,0.000000000000000000e+00
4.260059833526611328e+00,0.000000000000000000e+00,0.000000000000000000e+00,0.000000000000000000e+00,0.000000000000000000e+00,0.000000000000000000e+00,1.010159301757812500e+01,0.000000000000000000e+00
0.000000000000000000e+00,0.000000000000000000e+00,1.327421188354492188e+01,1.900592422485351562e+01,0.000000000000000000e+00,0.000000000000000000e+00,0.000000000000000000e+00,0.000000000000000000e+00
0.000000000000000000e+00,0.000000000000000000e+00,1.441764831542968750e-01,2.087676078081130981e-01,0.000000000000000000e+00,3.677015900611877441e-01,0.000000000000000000e+00,3.050187230110168457e-02
