6.826139670639452817e+00,2.049285825329720012e+01
7.634316849020102325e+00,2.292631136523248614e+01
7.968864051389358494e+00,2.390710871275932803e+01
5.491918212923916798e+00,1.650297076124773099e+01
-1.801592818581839950e+00,-5.376511309081556611e+00
-3.821481563388697822e-01,-1.143200251199511630e+00
7.099801649786613211e+00,2.130129668883826000e+01
6.897675778272407854e+00,2.069338713467846702e+01
5.598355014597700574e+00,1.681825087379505845e+01
8.565416431677332909e-01,2.593772581225422869e+00
-2.918499783842722461e+00,-8.735927771816790255e+00
6.391475257427538637e+00,1.918642681711986953e+01
9.454524069955050791e+00,2.838255079069325504e+01
8.607208332507523707e+00,2.582882999751788944e+01
7.406694207009584474e+00,2.223957505746088970e+01
3.131624483310151419e-01,9.504997876616728680e-01
2.220519056761551369e+00,6.677613586548315716e+00
7.424432668744326946e+00,2.227950148401956909e+01
8.945734415605071987e+00,2.684820443270443846e+01
5.899418264566214987e+00,1.770719674645543762e+01
3.635571664929754476e+00,1.093636821288806971e+01
-2.629257347278458390e+00,-7.862559960642347967e+00
-7.280084631817409502e-01,-2.165922245170361027e+00
3.498868885327560463e+00,1.052570964157757061e+01
5.832265545518215077e+00,1.751246004923103072e+01
-1.723828923563766935e+00,-5.154479848719327961e+00
2.841312365177711463e+00,8.540223439014599904e+00
6.239310733769531936e+00,1.872104015011701961e+01
8.276090736450003149e+00,2.484267391475136577e+01
8.627988734192346243e+00,2.591347817490676775e+01
5.973464550988220267e+00,1.794001856302567433e+01
3.188250205063605236e+00,9.580130093314000561e+00
3.702797903979710981e-01,1.122505047981189108e+00
-3.967454552743816976e+00,-1.189246690233206216e+01
9.370561894216145049e-02,2.856076309249989675e-01
3.229114286162191760e+00,9.715219819585641403e+00
-8.548688179001304732e-01,-2.550052712091749108e+00
5.288185229259546816e+00,1.587632424272984366e+01
-7.398765270687901463e-01,-2.207871005969964440e+00
6.945691435176700068e+00,2.086235610942841134e+01
-1.823831574045180481e+00,-5.462534059798991315e+00
8.124225841626541822e+00,2.437826455556395899e+01
6.600452910369615012e+00,1.981263872448579733e+01
6.791331799736582298e+00,2.039057284346797871e+01
3.932765203685859134e+00,1.180928721149343197e+01
6.849358647002988576e+00,2.055969823012219422e+01
-1.217019454946519197e+00,-3.625572329769603197e+00
9.301269081059453825e+00,2.792640159273741673e+01
7.140248695178090799e-01,2.164834364542440159e+00
7.629956766875231722e+00,2.290557959286297418e+01
-4.313269476055354268e+00,-1.292556962041058455e+01
3.159634100063296813e+00,9.492854637050138322e+00
7.012931012575329248e+00,2.104862735627418857e+01
-3.925117446289430490e+00,-1.177520512208787551e+01
8.696232799760963417e+00,2.611658575772916890e+01
3.700806215977776148e+00,1.111117500308441564e+01
-3.374135319677094458e+00,-1.009452828068955377e+01
1.297359508748466617e+00,3.899267836351626659e+00
-4.983691071712009091e+00,-1.493322218262403211e+01
-8.273904953321551403e-01,-2.480756607220013787e+00
2.241550280344910995e+00,6.724960547172043945e+00
9.994881966373135640e+00,3.000390283125311086e+01
1.128349840087726541e+00,3.390646874827815349e+00
3.840140009310390568e+00,1.153238889971622072e+01
1.783767189559269717e+00,5.367835089982579966e+00
6.181447125626405636e+00,1.856693173494045368e+01
-1.059354640548202386e+00,-3.148708515188418655e+00
2.885213791398855143e+00,8.672811428999040118e+00
1.137458848910354092e+00,3.433256988427106471e+00
8.872331539414078705e+00,2.664354364542833764e+01
-3.856727069663929530e+00,-1.154850656291188038e+01
8.015077573186417226e+00,2.405911156401059259e+01
1.160489367542339778e+00,3.482294313196370616e+00
-1.456454495757381729e+00,-4.363796105029990713e+00
-2.366528373933078466e+00,-7.097281783855178716e+00
4.868618254143306956e+00,1.461145241056750876e+01
4.624407678531973431e+00,1.389673793319109585e+01
4.160812907453271592e+00,1.250810476225617407e+01
-1.952229444627318511e+00,-5.836495323706270000e+00
4.749576706862352893e-01,1.447902231226980696e+00
5.321823155410568162e+00,1.597844138628425981e+01
5.833236244217419042e-01,1.760695047921209788e+00
3.276309824139154614e+00,9.840786367188263384e+00
3.312439996091935512e+00,9.938395497853820260e+00
5.122326270989985275e+00,1.538094272691007980e+01
-2.808931138253907722e+00,-8.405394881820916098e+00
5.796566669866349386e+00,1.741663834284444690e+01
-2.413680873168064789e+00,-7.219894858301747043e+00
-1.513397887653364471e+00,-4.533434878268939094e+00
4.787072982589961612e+00,1.438865356901803239e+01
1.073047026449540198e+00,3.230578283481220225e+00
6.879021712746711259e-01,2.088977581379426685e+00
-4.621724137110465591e-01,-1.374907101050292457e+00
-4.513498859433973998e+00,-1.353657711891525928e+01
-1.074652090277657734e+00,-3.200853467439761069e+00
6.595456291202937749e+00,1.980666832621048812e+01
8.526729065603298352e+00,2.560915613689624237e+01
-7.710424273183500432e-01,-2.305434007756333337e+00
2.583746672731455085e+00,7.764720909195138354e+00
-1.068618681759287981e-01,-3.144786481960110680e-01
7.057791232912748569e+00,2.118607165945256199e+01
9.005921205696051146e+00,2.702056202075128510e+01
-8.861530727996873580e-01,-2.651510710843609342e+00
-3.457462034440190735e+00,-1.034264834323463589e+01
-2.261604559568998418e+00,-6.759225993432372626e+00
6.157648488754766447e+00,1.847595027823919267e+01
6.766017324649030940e+00,2.029859344391306308e+01
9.947252544432943822e+00,2.986466992123053998e+01
8.239161322912897489e+00,2.474719648271256744e+01
3.241956596993750495e+00,9.738199363111695206e+00
-1.070949364590727537e+00,-3.188403139014000853e+00
8.772447349156797358e+00,2.632360432693484498e+01
-1.084101371441645867e+00,-3.229117060463980504e+00
1.454222517302427242e+00,4.370643076720671871e+00
-6.264135521472304902e-01,-1.875890934766419216e+00
2.375503611189790476e+00,7.133556934827419482e+00
1.476180436508982119e+00,4.435930602240082621e+00
3.950877669051021002e+00,1.187854459190947409e+01
2.199655549192866211e+00,6.599919554223839135e+00
-3.418445260639018546e+00,-1.023773192150389910e+01
-9.952923554212400603e-01,-2.966883636958530523e+00
-3.015058774193933644e+00,-9.034812628604871776e+00
4.109561278920034866e+00,1.234248676160966696e+01
-2.868840522180884367e+00,-8.584018248091995318e+00
4.465784815574815880e+00,1.341916517733532466e+01
-4.952170374365525873e+00,-1.482697350189803664e+01
1.188193529505841894e+00,3.572518940188453396e+00
9.952155980420235082e+00,2.986962475385570670e+01
3.478184553780391042e+00,1.044298550680199078e+01
-2.649545905454586681e+00,-7.924140358746965873e+00
-1.718914863384069402e+00,-5.126952881557794051e+00
6.602986059164557275e-01,2.002886509201622367e+00
-1.929296018515156863e+00,-5.759732897853925948e+00
8.446054614493458956e+00,2.535543741163129994e+01
-5.480273372831181433e-01,-1.634474236244294110e+00
-3.890238124086732974e+00,-1.164716184331304838e+01
-4.306467665301051184e+00,-1.289590232566729711e+01
9.309512337424584061e+00,2.794235929733398294e+01
3.498252438533175024e+00,1.052326967713955419e+01
-2.178795598216951568e+00,-6.518687539374573348e+00
5.323593237569717473e+00,1.598480963229857110e+01
9.550075987325413962e+00,2.865627316959988846e+01
1.908640445751878190e+00,5.747569265043146913e+00
-2.458709492652205952e+00,-7.373081164960026967e+00
-5.189411449078420446e-01,-1.528282608972028278e+00
9.428674976791823426e+00,2.828631430891030263e+01
-1.774643602413667587e+00,-5.306437939951615945e+00
6.758794059241655106e+00,2.030351650531484253e+01
5.719167562292074791e+00,1.716025681850084439e+01
2.073449617926540256e+00,6.227736735300066329e+00
3.700434314735399965e+00,1.112528558742495477e+01
6.397494765221257040e+00,1.921772726355148819e+01
2.774862408232841915e+00,8.341259949197864287e+00
-3.348197947212998571e-01,-9.835352531865689807e-01
7.411284440590268474e+00,2.225521472920328137e+01
-1.203719593501073160e+00,-3.582608791079625377e+00
-4.769962624389759043e+00,-1.428195152420900449e+01
9.348168276649914787e+00,2.806661978141482905e+01
2.332226821218869262e+00,7.008747559813034655e+00
4.489968023071813974e+00,1.349504983819423032e+01
8.015041607459080453e+00,2.406637277813577214e+01
-2.719999843130425532e+00,-8.138345915215952076e+00
6.072640112912189636e+00,1.823843021517351559e+01
6.203426820425507415e+00,1.862291418817289568e+01
-1.475673382323741567e+00,-4.404628713847169585e+00
7.428565107505885834e+00,2.229199758281203003e+01
-3.297364657898222084e+00,-9.865080706523070120e+00
-2.816492135883006398e-01,-8.173388650252260135e-01
2.123063793797035359e-01,6.517611992917486941e-01
9.358456508518163020e+00,2.807585682815853545e+01
6.453999703675052046e+00,1.936904840448259790e+01
-3.114143828653298307e+00,-9.321514813206041694e+00
-4.779728769868468063e+00,-1.432494277553470141e+01
4.291323808724225586e+00,1.288602615947893426e+01
4.710522400292028067e+00,1.413260213001241183e+01
9.790106113193139947e+00,2.939424749989723296e+01
-6.122916410409189325e-01,-1.825103978832562701e+00
1.042972067347629483e+00,3.131988587894212195e+00
-1.454621502293435675e+00,-4.361114791555512404e+00
8.767478683945258311e+00,2.633204209780562621e+01
-4.572447086912928782e+00,-1.369253613138924486e+01
8.609925597396953734e+00,2.583475839968633991e+01
6.099088646210230280e+00,1.832052771398917912e+01
2.019910719863854176e+00,6.083733414963866437e+00
1.629254146177485651e+00,4.905012801344205364e+00
-2.635492362501085761e+00,-7.896150528949591241e+00
7.736034915139038404e+00,2.322351228113032562e+01
-1.150507514875789283e-01,-3.291126893784346308e-01
4.119421156541378082e+00,1.238214235943800112e+01
6.336093294742930482e+00,1.901774901349400082e+01
8.563318952935912165e-01,2.581878217566403233e+00
7.189562508319294665e+00,2.157402529445582573e+01
8.167759429322343223e-01,2.469902624125000390e+00
-4.141931405641329889e+00,-1.240116505601215913e+01
4.596561809280444777e+00,1.381761188126197837e+01
-2.230622950521055969e+00,-6.679678308117391161e+00
1.946630421629377494e+00,5.856556855294809516e+00
9.222289826237524579e+00,2.768957976761333839e+01
-4.421976026592960629e+00,-1.324492090043252190e+01
7.173947746057852015e+00,2.153624261391418671e+01
9.549730613777015265e+00,2.866837594227462560e+01
6.090631655434819436e+00,1.829544208454615273e+01
3.953908650949333747e-02,1.397989018684066831e-01
-3.823440987640229327e+00,-1.144171058689278730e+01
-4.660184411120571468e-01,-1.376106401057784367e+00
-3.615789289234600190e+00,-1.084458724425427611e+01
-2.317925482439719964e+00,-6.943253433570585997e+00
4.529001959839240143e+00,1.359379092046626525e+01
1.176006205625424350e+00,3.541297716579755672e+00
4.258753351893654227e+00,1.277997374522762186e+01
6.585156778073312012e+00,1.976433549559217084e+01
5.204525662290922838e+00,1.563920071781951471e+01
7.237408095032579425e+00,2.173829214642544017e+01
-3.371328758747042187e+00,-1.011214455636302922e+01
5.488633886945423868e+00,1.649453005769834846e+01
4.626552772015156023e+00,1.390910155008223903e+01
-1.094014113646480268e+00,-3.258858531628539890e+00
-1.102840084040932922e+00,-3.305089429547816593e+00
4.525767530344040779e+00,1.358134967929587056e+01
6.331882739013465766e+00,1.901415726197654266e+01
1.874848361939895014e+00,5.649377738997356957e+00
-6.053256236871540352e-02,-1.743002373543260652e-01
-1.794307123903084999e-01,-5.128635872484168523e-01
-2.975174394249158194e+00,-8.917490662784887334e+00
-3.724407796011661276e+00,-1.116819087052311055e+01
4.053101921072853386e+00,1.217416882640019082e+01
5.396377625823198798e+00,1.620712492668282678e+01
9.853549095908334721e+00,2.958439538636904942e+01
-2.100769536597990594e+00,-6.299865730712283174e+00
5.617079397011478292e+00,1.687192683145030614e+01
5.400450468543599669e+00,1.620388069411834664e+01
5.650205289412404852e+00,1.695387806507753936e+01
9.849050479779936751e+00,2.955542247466797789e+01
6.591673025281359344e+00,1.978010863784294671e+01
4.821482036352747969e+00,1.447499369278816594e+01
7.042331253879616781e-01,2.115414844650662207e+00
-2.092155776869377704e+00,-6.260310664981814988e+00
-2.609714007133447922e+00,-7.816244605559413472e+00
2.010265333075391680e+00,6.044936530349933612e+00
-4.133332445892410334e-01,-1.220501644519912166e+00
-3.267072033239502460e+00,-9.791600836412644782e+00
-1.974370327856905138e+00,-5.912871585754580828e+00
5.594261417474021059e+00,1.679105449713852494e+01
6.733943646142861894e+00,2.022921038853653997e+01
7.358189472401717168e+00,2.207618230915155522e+01
-2.782433589799304219e+00,-8.343411616108078022e+00
-6.008029611363694400e-01,-1.789106239132644660e+00
-1.388768481380204367e+00,-4.164602076349774862e+00
4.873373293415387053e+00,1.463036379584662861e+01
8.654063294136491891e+00,2.598328033707529272e+01
-2.071435670957093578e+00,-6.205255083420708750e+00
7.029078822736908094e+00,2.109773716720856385e+01
-1.851893547226627135e+00,-5.551051385591160958e+00
3.245049213530643684e+00,9.751632919432028146e+00
5.537411876961749968e+00,1.663979827985394522e+01
-4.129176468280068235e+00,-1.235850936608410855e+01
5.551627393431514790e+00,1.667151009070261480e+01
3.062807360669813406e+00,9.206844980227220532e+00
-1.712478939225003494e+00,-5.115657778504430375e+00
-1.833751840363646579e-01,-5.214853030252148969e-01
7.371655940113669203e+00,2.212143080428086250e+01
5.902410530322763194e+00,1.771671949010853808e+01
2.737555986776355255e+00,8.240896715343724921e+00
-2.305706323286144777e+00,-6.914496725764202267e+00
5.450351974389375798e-01,1.651297534456099170e+00
9.952307126019444894e+00,2.987096164148312383e+01
1.501382602979255410e+00,4.510139364948340557e+00
3.123908384093656565e-01,9.510847618463205144e-01
4.233641988397447875e+00,1.270647872539137957e+01
-1.829378620621579632e+00,-5.487898696785420860e+00
5.744302337656520763e+00,1.724120203872815438e+01
9.992579234286010248e+00,3.000598967404996031e+01
6.866018585248678363e+00,2.061684419990489658e+01
7.174293553838969828e+00,2.153898144932972158e+01
-3.903253951267704025e+00,-1.170971170101086756e+01
5.184376030632654064e+00,1.557818589626273820e+01
-6.286605509103262435e-01,-1.884321965294928125e+00
-5.162876860807470436e-01,-1.540523447511278787e+00
9.590926726091527854e+00,2.877328706166945693e+01
5.396296240348835482e+00,1.619168253913669986e+01
-1.615546091654534333e+00,-4.840204896879898300e+00
8.519708930801428437e+00,2.558877931993703925e+01
2.997035347781994652e+00,8.997212668548199233e+00
1.372857547635734754e+00,4.121465831844028926e+00
8.561157839468846120e+00,2.568372912789410734e+01
7.190447173232332290e+00,2.157495526714767209e+01
1.984934103413044326e+00,5.961656295756742274e+00
1.722614717499943104e+00,5.188874137327474045e+00
-1.146055172014037282e+00,-3.417154961101663169e+00
7.042115678468102047e+00,2.113321907273351385e+01
6.147364018717091483e+00,1.846417299617118601e+01
-3.590581568258323308e+00,-1.076654131281030757e+01
2.675737543833999865e+00,8.051239199364067289e+00
9.348671045897120280e+00,2.806770829838298553e+01
-2.555099017318825272e+00,-7.645120644230722462e+00
9.355384511273063808e-01,2.831801811912634026e+00
7.509239250025247614e+00,2.254865945479856748e+01
6.762926873058058064e+00,2.029687665616640402e+01
1.417775180933221080e+00,4.282039226395546905e+00
-3.899592272142587746e+00,-1.168283895518694138e+01
8.707909804184776448e+00,2.614356609950451826e+01
7.963012652812075487e+00,2.391339007511560411e+01
-1.832798243562084206e+00,-5.481285595133026156e+00
-9.678718045219634192e-01,-2.894004758962788859e+00
7.691079517925611952e-01,2.324819068826862178e+00
-4.016195215536614072e+00,-1.202511071898691242e+01
3.645135960698548061e+00,1.094098221434085261e+01
4.898614005225386592e+00,1.472355047364739811e+01
1.328811936136670369e+00,3.991374942268961057e+00
2.853043140339323713e+00,8.571915303430403199e+00
5.170856920043130245e+00,1.552787532360655476e+01
5.901448505302893111e-01,1.776757318049494438e+00
-2.236896919601384148e+00,-6.702785752492805393e+00
4.497244588773000373e+00,1.350369828610376111e+01
1.100151586837704976e+00,3.329483348747880989e+00
5.310682331276227686e+00,1.595991151060767166e+01
6.288145614623008584e-01,1.895457739215952175e+00
6.747661178551851435e+00,2.025901531751117091e+01
1.899457419539438696e+00,5.724277895330431853e+00
9.742687952135678842e+00,2.923954635513948475e+01
-7.443628872168783772e-02,-2.022426357442161926e-01
5.176447376831738723e+00,1.555542832182383961e+01
7.103917711276714897e-01,2.141164988142638670e+00
8.374422748152710483e+00,2.514239354882843713e+01
2.288625784969564592e-01,7.071584048824163249e-01
-3.704961545825442570e-01,-1.098343497963137905e+00
4.894315750066887460e+00,1.471082634629994246e+01
-3.885904471286343309e+00,-1.165072805946855539e+01
2.509817417702040032e+00,7.554338344091500623e+00
-1.093848440181250936e-01,-3.198491520989463766e-01
-2.704544351537130797e+00,-8.105053793076395507e+00
5.860676646097628506e+00,1.760119566131634627e+01
9.066643704223569245e+00,2.721329365379171250e+01
5.084860188102865663e+00,1.527648975609450233e+01
2.155497477171056886e+00,6.474143934495032227e+00
1.353050439304378294e+00,4.063284082131070285e+00
-3.973746699945751359e+00,-1.190291435679263543e+01
9.319850769667237245e-01,2.818549343063427415e+00
7.352073921113097654e+00,2.208155559441597049e+01
4.958279270682632855e+00,1.490462597921439425e+01
-4.343818490560993339e-01,-1.280545936004021446e+00
8.295415709171825469e+00,2.489539013474674789e+01
-2.110283395963827857e+00,-6.314756832390959751e+00
2.223748949944901021e+00,6.677809154628024935e+00
8.979266951587907997e+00,2.695642318478607180e+01
-4.092120480488217638e+00,-1.226193412681130823e+01
-1.599763620974181677e-01,-4.746104998470258018e-01
-5.985964775547056860e-01,-1.778397170959275631e+00
3.925595193667680505e+00,1.179641776348347548e+01
1.530798979525195946e+00,4.604796644876396172e+00
-2.307240653752510973e+00,-6.894000061569699689e+00
7.734721346596199254e+00,2.320767885452969281e+01
-9.324744462774425813e-03,-2.387634703448297813e-02
1.367005893948868511e+00,4.122726060211038046e+00
-1.679828912285878495e+00,-5.018766795118333235e+00
-3.029981282444548008e+00,-9.088659147973075392e+00
5.312579524110276452e+00,1.594888427123497721e+01
-3.637535410041828676e+00,-1.088543980089941066e+01
2.046716214236499631e+00,6.148341080251688240e+00
5.756052015276319267e+00,1.729167812620174161e+01
6.717289514674700257e-01,2.028559382912687781e+00
-3.852017165133039711e+00,-1.154609362704324482e+01
3.936631041670146658e-01,1.199085640021908095e+00
6.612139386502445149e+00,1.984017357908356516e+01
-2.577887190999297751e+00,-7.708647639398741092e+00
-2.732526579720930826e+00,-8.187280869179748066e+00
-3.962358104165855099e+00,-1.186389112701928283e+01
7.859144640991315711e-01,2.364278829179954133e+00
-1.812738500210249182e+00,-5.436765588783829095e+00
-2.073394086418484328e+00,-6.211722038553475045e+00
2.081864919150506310e+00,6.271777160834639098e+00
4.920062387822564887e+00,1.477256899982998917e+01
3.487288180804624105e-01,1.064736164555912357e+00
5.425227374687780824e+00,1.629825170861331074e+01
5.405506439852514333e+00,1.622200109373996924e+01
3.364112234530772128e+00,1.009416142898744972e+01
9.553794788734201404e+00,2.868763935716548374e+01
7.961112229799695683e+00,2.391328856893693100e+01
5.546438295970235188e+00,1.664656584831620023e+01
-1.089156441790497976e+00,-3.258950311664991606e+00
6.065643852549420956e+00,1.822508204130133436e+01
-1.693224429781355234e+00,-5.072650164960426089e+00
7.852041545081679175e+00,2.355819258509817971e+01
3.729538066197603641e+00,1.121539868223202596e+01
-4.579355038800598798e+00,-1.373376017978012875e+01
-4.000714141740533414e+00,-1.198399899102850519e+01
7.977980368769555852e+00,2.394743378174440096e+01
6.286494968386822535e+00,1.886191566231613237e+01
-3.083673425090108111e+00,-9.224709167837096047e+00
-5.005340414495504930e-01,-1.490738886698013355e+00
6.529644731757896281e+00,1.959821340796194988e+01
3.747098278017446660e-02,1.305358266025428982e-01
7.410675369995589179e+00,2.224920606856614569e+01
-2.038498055661456476e+00,-6.103149139570444248e+00
-2.292778768511052334e-01,-6.670124845774678679e-01
9.824708885837166505e+00,2.947834066479142834e+01
8.065579148276583510e+00,2.422103720044069419e+01
5.878751631981712578e+00,1.764494646278322421e+01
-3.098283437729811851e-01,-9.218944124870327439e-01
4.988081757666408933e+00,1.496498364357996991e+01
-4.977262049171971015e+00,-1.491712919194336706e+01
5.712889708644798503e+00,1.716379537336124628e+01
1.102035409439512392e-01,3.561759703551549139e-01
3.602409602167631064e+00,1.083131684220936286e+01
3.914908786553041864e-01,1.190987420218700743e+00
-2.884010006415877569e+00,-8.624760733855787009e+00
-4.532807416391532840e+00,-1.356979613654824135e+01
-1.426031526680013872e+00,-4.256263886425251997e+00
4.625705492266538599e-01,1.405492177833572054e+00
-3.108085903887491952e+00,-9.318175771003593510e+00
8.394615025333823866e+00,2.521052337508236718e+01
6.601021527057922000e+00,1.980984545260402285e+01
8.532128264644139648e+00,2.561216829339607060e+01
7.363199223650127578e-01,2.211141633394190009e+00
4.760230313914428635e+00,1.428824044606102817e+01
-4.915752015572123490e+00,-1.471977109897807878e+01
1.203173442853662678e+00,3.637987409620562662e+00
-1.320055377850720468e+00,-3.931445225475754146e+00
4.638844765802641490e+00,1.392145276628886919e+01
1.508922321265632860e+00,4.540865613923439348e+00
-8.255199131445349892e-01,-2.459813276767422785e+00
2.257043867295081441e+00,6.785962395383904777e+00
9.113579136178509899e+00,2.735785137521418520e+01
-1.160142960349663355e+00,-3.468782478546612591e+00
9.793734239445695877e+00,2.939691862098485231e+01
-2.159110135332047431e+00,-6.473639561801581621e+00
4.599737798400399313e+00,1.382345775973977453e+01
-2.641950150992411483e+00,-7.913766010070903967e+00
7.421955410464709857e+00,2.226939431410486847e+01
-4.469547678165845639e+00,-1.338633652318916845e+01
6.247790527423067175e+00,1.876471148809209311e+01
2.532388764778390922e+00,7.597680555935173885e+00
-1.259142673962396763e+00,-3.763802727939823622e+00
-3.458855779140894704e+00,-1.035242165348720356e+01
4.839227046771682694e+00,1.454383092219774731e+01
6.657145240936728214e-01,2.025426479330501905e+00
-3.862533325887248736e+00,-1.155963536117726953e+01
9.332322461209921372e+00,2.802581668565897033e+01
3.699396415078961553e+00,1.111363525158932930e+01
-2.249886769052914737e+00,-6.730506861535355156e+00
-2.363926026661855584e+00,-7.075134719037555087e+00
7.122072699472582258e+00,2.139123934216549827e+01
-4.256138062365328878e+00,-1.275600218448390955e+01
5.353882883633323431e+00,1.607542301792632244e+01
9.497805581432547939e-01,2.878032895242412348e+00
2.357238406335876668e+00,7.076414129390758312e+00
-4.817278961656304759e+00,-1.443179182163354035e+01
4.270488459443191331e+00,1.281740041248963458e+01
1.090350957769816276e+00,3.283578025834122283e+00
-3.955212892309741157e+00,-1.185160113335209431e+01
5.307497228948001577e+00,1.592642724432588608e+01
1.441111284383072011e+00,4.333822731810040629e+00
-3.324991069540814248e+00,-9.954851629474799068e+00
8.453522651745297267e+00,2.539022990251416445e+01
-2.391358746392666657e+00,-7.149405380421129053e+00
6.473941873733593866e+00,1.942186429889234489e+01
-2.086573037023216948e+00,-6.238688870298419786e+00
4.429540552288141697e+00,1.330511541365841133e+01
9.892346934497277644e+00,2.968822703390243234e+01
-3.166555263947278931e+00,-9.491488035793508971e+00
4.955368083138422364e+00,1.488131336143153938e+01
9.432946860842635672e+00,2.832562858494140556e+01
1.099668158015006725e+00,3.321495208526589415e+00
5.074514737549694843e+00,1.524899650230417691e+01
2.867548511722376681e+00,8.629669796881549004e+00
2.201003226168174010e+00,6.605260063547446769e+00
4.538312907298488241e+00,1.363385037223049423e+01
-3.738513206324246774e+00,-1.119670739459785658e+01
5.218039884472922552e+00,1.565669872808629215e+01
4.414581593088763967e+00,1.324829908400708689e+01
4.371157769557697748e+00,1.313241204822123542e+01
-4.109908111815844478e+00,-1.231379651593437785e+01
-9.343030792069431101e-01,-2.790454431485611675e+00
6.272257634031102924e+00,1.884136033938156629e+01
3.049053034401412177e+00,9.157764421243996367e+00
1.354826972205770197e+00,4.080032004848883176e+00
5.433379792239556139e+00,1.631949159345028377e+01
8.430544903252172872e+00,2.529518750050760190e+01
-4.768056018603794577e+00,-1.427540403880735909e+01
-1.250579081627867684e+00,-3.725977215312223034e+00
4.108928050983422509e+00,1.235057812456304660e+01
5.070574637839225574e+00,1.521662721271364305e+01
9.468582640031520725e+00,2.842065617257260257e+01
4.459728517703679174e+00,1.339194466543287021e+01
-1.925154813160245393e+00,-5.769968210030679501e+00
-4.502897022843558084e+00,-1.347940751699249518e+01
-4.605302089214935002e+00,-1.379828936047170274e+01
-1.574847062151553789e+00,-4.702761174994994242e+00
8.789321292822428688e+00,2.637394078217555915e+01
-4.492723694763402165e+00,-1.345944552505619818e+01
3.970295830488419497e+00,1.193412689950631744e+01
6.532793972707844787e+00,1.961228113316627741e+01
6.725806098326609472e+00,2.019359503199739692e+01
6.828915983856596483e+00,2.049985238542167210e+01
-4.734802180016576933e+00,-1.417582520386507561e+01
5.738962178619189558e+00,1.723785979981822081e+01
5.467774284762313641e+00,1.641142938623384850e+01
-2.491868302522346479e+00,-7.448406038470873902e+00
1.159491253262787680e-01,3.616365817414112227e-01
-2.408556956558811635e+00,-7.202442885345004875e+00
3.550869325730568349e+00,1.067296611779245730e+01
2.140694813649554717e+00,6.423523903900361987e+00
6.655134739191344906e+00,1.997184610260478266e+01
2.161281888943324958e+00,6.499335595351860562e+00
-1.137170242300868939e+00,-3.409021906276564096e+00
8.723950328005269483e+00,2.619898902834166421e+01
-1.192014127002503976e+00,-3.555809655288122428e+00
-2.897655951241089323e+00,-8.664525283693020441e+00
4.431487245155107502e+00,1.331134249192536956e+01
5.088650801114312117e+00,1.528558711326515507e+01
-3.626815583817251554e+00,-1.086939182566255901e+01
2.642199906838189172e+00,7.941164641745976915e+00
7.801716925278508796e+00,2.342832174231753939e+01
1.369030194368210829e+00,4.135065022380157274e+00
-2.364154240632531767e+00,-7.082136443449472907e+00
9.116940791738276317e+00,2.737857943063968591e+01
1.585188780244325635e+00,4.762769897689116405e+00
-1.399843166290206220e+00,-4.171729562415215753e+00
-9.496834570028891420e-01,-2.822336986292882433e+00
1.350725438566351855e+00,4.059812020785612319e+00
5.806821817096167848e+00,1.744008284852811741e+01
6.057506632085321030e-01,1.834545745054285248e+00
-2.785763743320810448e-01,-8.348655997232938830e-01
9.712001382963032725e+00,2.914161551098223413e+01
7.706784336396784951e+00,2.314092173328509361e+01
6.585166671854279841e+00,1.976182735139233060e+01
6.786605911092767229e+00,2.037484739620882834e+01
-2.478318012349958188e+00,-7.434902551266553417e+00
8.173683949644406255e+00,2.452391507717011976e+01
6.633727274560820675e+00,1.992859270110170655e+01
8.564869837368091154e+00,2.569462801537827445e+01
8.323682105534066622e+00,2.499594113835571818e+01
7.164586668583829976e+00,2.151752779823493356e+01
9.756568757326107288e-01,2.938508131230295639e+00
2.261815296690584454e+00,6.786454185141361783e+00
-3.149478987606470604e+00,-9.443283585901284027e+00
8.962484481611751264e+00,2.689722541428119484e+01
8.806737053399055881e+00,2.642769521504433072e+01
3.316625434889502344e+00,9.951808675620135602e+00
-1.608030790882156058e+00,-4.795297583240305528e+00
-3.803713566038076088e+00,-1.141019382832452678e+01
2.877480152422727144e+00,8.635875841025120181e+00
6.371255919867721218e+00,1.911735713362840627e+01
7.970278568164076205e+00,2.392877828448822797e+01
1.211601806086120448e+00,3.636812463217109492e+00
3.250499176212962027e-01,9.784598499723975440e-01
3.551924110431144754e+00,1.068243569116243030e+01
-9.849227741227544186e-01,-2.927348086775422242e+00
4.783011513346606236e+00,1.436716546723793364e+01
8.933927153824372525e+00,2.681930280572067460e+01
2.400333016586778889e+00,7.211934793720715220e+00
-2.960273248144775771e+00,-8.869205736030323806e+00
8.783750272664509140e+00,2.635829040402342116e+01
1.794838176751899717e+00,5.397552101734881980e+00
7.541356747896795554e+00,2.264679210272525722e+01
9.389795622514816031e+00,2.819008267706031390e+01
-3.682242019467340644e+00,-1.102753027879317393e+01
3.684022826711291998e+00,1.105992142872708328e+01
6.811463070677945097e+00,2.044581158032299584e+01
-4.183295753889803237e+00,-1.253847578206532276e+01
-7.948091509982928571e-01,-2.355028751035869838e+00
5.707759641552033969e+00,1.713043020894601298e+01
4.558503612941761318e+00,1.368779071014647641e+01
1.810555955195590982e+00,5.440239340154619185e+00
3.310550699450569567e+00,9.953720095287676983e+00
9.453906298907334360e+00,2.837921075486424627e+01
1.599054176303178032e+00,4.823479374806314723e+00
3.882961677615698548e+00,1.165322710193754219e+01
-4.695307689244723193e-01,-1.399832411370779184e+00
6.103582563329158717e+00,1.832672079219782901e+01
3.394340758854539786e+00,1.018450680028396960e+01
8.261977049869573264e+00,2.480545029621644204e+01
4.274609829296238672e+00,1.283767541891000796e+01
7.508370805793846969e+00,2.253706217613789775e+01
3.777055450775925749e-01,1.147538747776336576e+00
-1.733297813108563901e+00,-5.191970292132975118e+00
3.719936318400971942e+00,1.116776376909358603e+01
8.320661322859253417e+00,2.498191135030232601e+01
-2.650667076676434419e+00,-7.930917694061627721e+00
6.795864637761745541e+00,2.040832126532158242e+01
4.725492191515055396e+00,1.419819409638449770e+01
8.272940533209785841e+00,2.482659019918966337e+01
6.661310798467710015e+00,1.999427522200105756e+01
-4.788212481154696221e+00,-1.434249950708524146e+01
5.115574061224313240e+00,1.536666351977632061e+01
9.612269952475186230e+00,2.886339985293900412e+01
8.459533946837103358e+00,2.539495832364265837e+01
-9.423639780909773833e-01,-2.822714257002916227e+00
8.656378428793804147e+00,2.597701015803024660e+01
8.764834972561315496e+00,2.629727756865528931e+01
3.284298006325597541e+00,9.868514877827999854e+00
-1.265081942537350734e+00,-3.782105008705570093e+00
-3.966862933721056805e+00,-1.189444613137259310e+01
9.823774025041755564e+00,2.947654681772248964e+01
8.838170028190210914e+00,2.654106000882207894e+01
6.753360658932773930e+00,2.028261620769120199e+01
-3.118326727376529828e+00,-9.353783367237971547e+00
5.988945020797473262e+00,1.798978561467657755e+01
-4.890747819992395939e+00,-1.465128942989462679e+01
6.016993092727092929e+00,1.808073305694750132e+01
7.344077908142633504e+00,2.206078179355618474e+01
7.360014124806189884e+00,2.210647251760916987e+01
-2.457008874895996620e+00,-7.370124573787411926e+00
4.643712600940380852e+00,1.393468381965239544e+01
7.418198162383834671e+00,2.228260177870965819e+01
3.341579555394044831e+00,1.004758886151937425e+01
-4.447004325927856883e+00,-1.331276659368093362e+01
7.195674112300141090e+00,2.161633259765629589e+01
3.232367262137367803e+00,9.702010389389359446e+00
3.824311127766538476e+00,1.149443448592566952e+01
8.425617061992820567e+00,2.529733782166378475e+01
3.270005612072246493e+00,9.837280847456453259e+00
4.677440501494961822e+00,1.404720176387139929e+01
6.784682758313211437e+00,2.036562700589833952e+01
-1.375590161583808424e+00,-4.109868133725504080e+00
-4.053272806221382751e+00,-1.213176421026008533e+01
4.690224504474649336e-03,4.283021452834277765e-02
6.042481507562147414e+00,1.813316967961203119e+01
8.151852009908102659e-01,2.465312153268520046e+00
-1.010743839000597610e+00,-3.002803264018926388e+00
4.893267575209691245e+00,1.470802019228563928e+01
9.209133374919785453e+00,2.763469267866810952e+01
-2.903817893034775111e+00,-8.686515586092683705e+00
9.806343640757171798e+00,2.942024962534470944e+01
-4.898127185934480821e+00,-1.469330690179535459e+01
-3.375902122786166970e+00,-1.011833023971738577e+01
4.600779416842083691e+00,1.382816626927468384e+01
2.195139483251990598e+00,6.587625639460642724e+00
7.377508155470982487e+00,2.213407540368924131e+01
9.459945997127583439e-02,3.102755445180684357e-01
-7.907143719090470313e-02,-2.190444444477371855e-01
-3.325283085456167687e+00,-9.951284809347036742e+00
6.935688703882103567e-02,2.235900649514191152e-01
-2.784852623209479461e+00,-8.349979114801971747e+00
7.948020255216178498e+00,2.385359890611313816e+01
1.610840726749442453e+00,4.854696661205052166e+00
6.329166132725498883e+00,1.901525785955162817e+01
3.869070608396262045e+00,1.162574260524718994e+01
6.097413715844858473e+00,1.830406374502784672e+01
2.425734350006550244e+00,7.292985769105563953e+00
7.557138951671284133e+00,2.268728824783887887e+01
-8.286358050300979272e-02,-2.430690107165799363e-01
-2.432146819150591721e+00,-7.287615434242392887e+00
-2.919061581702458330e+00,-8.745763656300775679e+00
5.832112970294751619e+00,1.749884006349006782e+01
4.985523109132499187e-01,1.513495675189837852e+00
8.686398575059513405e+00,2.605958355474984600e+01
-4.985185345674500113e+00,-1.492993493993368403e+01
3.228018560973676898e+00,9.703372728781195278e+00
6.933263876735592746e+00,2.082491405332165968e+01
-4.873448138776819150e-01,-1.456290360048295707e+00
3.336649836866563135e-01,1.020044977088754301e+00
2.300802021552625476e+00,6.927493122718613172e+00
1.043962156026053023e+00,3.158134545060724552e+00
6.477879278870160462e+00,1.944430460840727193e+01
2.788508214873790969e+00,8.386294795665094171e+00
6.743578935001171004e+00,2.024324429013541504e+01
3.407378224073479345e+00,1.022233133235945246e+01
4.263642789502414487e+00,1.281648993687446314e+01
5.162442516651857716e+00,1.549833445862726578e+01
9.318915173497636317e+00,2.797405135865241732e+01
7.763734505481693304e+00,2.330830097692640024e+01
7.316345015770714610e+00,2.196155189781206474e+01
-4.330270236964278041e+00,-1.296578061569045204e+01
7.193048810304885521e+00,2.158455833266636859e+01
-4.862073354016550830e+00,-1.457499706911167792e+01
1.544064503313402170e+00,4.647513100572442823e+00
6.418663835490278302e+00,1.927843422527835671e+01
9.183935812297246315e+00,2.755320364709132264e+01
3.361167955679139396e+00,1.008940592669553737e+01
5.476627299577533137e+00,1.643813618041833990e+01
-4.346820267972423046e+00,-1.301589675652165923e+01
-3.513567736528165231e+00,-1.053774425406430382e+01
3.188797797121475597e+00,9.589074462711382196e+00
2.975518821645434464e+00,8.932982117152905133e+00
8.313791437003255069e+00,2.495362055738543816e+01
7.117601898014299877e+00,2.136932291648617266e+01
6.470757947188459980e+00,1.942916477659006347e+01
-2.745136331913320404e+00,-8.226470375022461923e+00
9.603056721814493102e+00,2.882956544734808091e+01
4.573878338502945340e+00,1.372733244453820411e+01
-2.255997492254380177e-02,-4.368825763281478092e-02
-1.263899833661636496e+00,-3.777134681311806297e+00
-5.040143379570540816e-01,-1.488857886670440722e+00
5.726648940451910974e+00,1.719611099330485260e+01
8.007328063959905151e+00,2.402648116137581980e+01
1.409424921887383775e+00,4.251271630943798563e+00
4.307193772940392407e+00,1.293600656635624446e+01
7.542293802929636470e+00,2.264382786444605600e+01
6.465119899143273230e+00,1.941077497035835364e+01
-9.199939869767703726e-01,-2.748492573488260149e+00
3.958928911052000288e+00,1.190037868646051500e+01
9.414887193565721901e+00,2.826619935339433809e+01
-2.142108183898479012e-01,-6.404355476391613289e-01
6.864265277364381745e+00,2.059945586128950978e+01
1.105658392052403016e+00,3.328288908819817316e+00
-2.374629305529547985e+00,-7.100606109516338194e+00
3.434381101023445737e+00,1.032051540125448419e+01
3.521752199784021542e+00,1.058199003676084615e+01
8.416179732402264690e-01,2.529809278953886853e+00
